Employee_ID,First_Name,Last_Name,Full_Name,Age,Gender,Department,Designation,Salary,Bonus,Email,Phone,Alternate_Phone,Address,City,State,Country,Zip_Code,Joining_Date,Exit_Date,Experience,Performance_Score,Manager,Employment_Type,Work_Mode,Blood_Group,Last_Login,Remarks
1000,John,Patel,John Patel,36,male,I.T.,Engineer,146939,14825.0,john.patel@example.com,,,Addr 0,  Bangalore,Maharashtra,India,ABCDE,2032-01-01,,18,2.11,,Full Time,Remote,AB+,2026-07-27 20:13:05,unknown
1001,Arjun,Verma,Arjun Verma,42,Male,Information Technology,Executive,141082,9667.0,arjun.verma@example.com,,,Addr 1, Mumbai,Maharashtra,India,411001,2017-05-31,,7,4.09,,Full Time,Remote,A+,2026-07-27 20:13:05,?
1002,Arjun,Das,Arjun Das,31,MALE,Sales,Manager,121988,3339.0,abc.com,abcdefghij,,Addr 2,Kolkata,Maharashtra,India,411001,16/02/2022,,1,4.22,,full time,Hybrid,A+,2026-07-27 20:13:05,N/A
1003,Kiran,Joshi,Kiran Joshi,46,female,Operations,Manager,62325,18661.0,@@gmail.com,9969653287,,Addr 3,Kolkata,Maharashtra,India,411001,2017-05-20,,4,3.51,,Contract,Hybrid,,2026-07-27 20:13:05,OK
1004,Vikram,Rao,Vikram Rao,54,MALE,it,Engineer,45014,18595.0,@@gmail.com,12345,,Addr 4,Hyderabad,Maharashtra,India,411001,2021.09.06,,20,3.03,,Full Time,Remote,O+,2026-07-27 20:13:05,N/A
1005,Rohit,Kumar,Rohit Kumar,52,Male,Information Technology,Analyst,139008,8846.0,rohit.kumar@example.com,999999999999999,,Addr 5,Hyderabad,Maharashtra,India,ABCDE,2015.01.03,,16,4.49,,full time,Remote,,2026-07-27 20:13:05,N/A
1006,Sara,Mehta,Sara Mehta,44,M,it,Executive,59451,,sara.mehta@example.com,9983930103,,Addr 6,Pune,Maharashtra,India,123,2019-06-23,,16,1.95,,Contract,Hybrid,B+,2026-07-27 20:13:05,none
1007,Amit,Gupta,Amit Gupta,51,F,Marketing,Manager,116374,14879.0,johngmail.com,12345,,Addr 7,Hyderabad,Maharashtra,India,560001,18/06/2021,,13,1.73,,full time,Remote,A+,2026-07-27 20:13:05,?
1008,Rohit,Patel,Rohit Patel,55,F,IT,Engineer,141240,14317.0,johngmail.com,999999999999999,,Addr 8,Delhi ,Maharashtra,India,560001,2032-01-01,,4,1.76,,Full Time,Remote,,2026-07-27 20:13:05,none
1009,Rahul,Joshi,Rahul Joshi,51,Female,it,Manager,96562,7089.0,rahul.joshi@example.com,9913619399,,Addr 9,Hyderabad,Maharashtra,India,411001,2032-01-01,,18,3.26,,full time,Hybrid,B+,2026-07-27 20:13:05,unknown
1010,Neha,Mehta,Neha Mehta,40,M,Sales,Engineer,99999999,4276.0,neha.mehta@example.com,abcdefghij,,Addr 10, Mumbai,Maharashtra,India,560001,2019.06.10,,19,4.94,,Contract,Onsite,A+,2026-07-27 20:13:05,none
1011,Arjun,Patel,Arjun Patel,27,female,it,Manager,109276,12235.0,abc@,9487401640,,Addr 11,Delhi ,Maharashtra,India,ABCDE,2016.07.04,,5,3.96,,Contract,Onsite,AB+,2026-07-27 20:13:05,none
1012,Rahul,Patel,Rahul Patel,30,Female,IT,Analyst,49410,2370.0,@@gmail.com,,,Addr 12,Chennai,Maharashtra,India,ABCDE,05/11/2015,,5,4.9,,Full Time,Hybrid,A+,2026-07-27 20:13:05,N/A
1013,Sara,Joshi,Sara Joshi,36,MALE,I.T.,Engineer,35075,8288.0,abc@,abcdefghij,,Addr 13,Kolkata,Maharashtra,India,411001,2023.10.10,,11,3.57,,full time,Onsite,,2026-07-27 20:13:05,unknown
1014,Rahul,Patel,Rahul Patel,37,Male,Information Technology,Executive,133078,17758.0,rahul.patel@example.com,12345,,Addr 14,Delhi ,Maharashtra,India,560001,2017-12-05,,10,3.49,,Contract,Remote,O+,2026-07-27 20:13:05,none
1015,Arjun,Rao,Arjun Rao,39,Female,I.T.,Manager,79695,6702.0,abc.com,,,Addr 15,Hyderabad,Maharashtra,India,123,2032-01-01,,14,2.77,,Full Time,Onsite,AB+,2026-07-27 20:13:05,N/A
1016,John,Patel,John Patel,60,MALE,Information Technology,Manager,59444,5828.0,john.patel@example.com,999999999999999,,Addr 16,  Bangalore,Maharashtra,India,560001,08/03/2018,,4,3.62,,Full Time,Remote,AB+,2026-07-27 20:13:05,N/A
1017,Amit,Kumar,Amit Kumar,36,F,Information Technology,Executive,90901,19314.0,abc.com,999999999999999,,Addr 17,Delhi ,Maharashtra,India,ABCDE,2020.03.17,,16,2.94,,Full Time,Hybrid,AB+,2026-07-27 20:13:05,OK
1018,Sara,Mehta,Sara Mehta,41,Female,Information Technology,Manager,80205,8010.0,sara.mehta@example.com,999999999999999,,Addr 18,Kolkata,Maharashtra,India,411001,2032-01-01,,15,1.02,,full time,Hybrid,AB+,2026-07-27 20:13:05,?
1019,Rohit,Kumar,Rohit Kumar,35,M,HR,Analyst,33804,14248.0,abc@,9729806990,,Addr 19,Chennai,Maharashtra,India,560001,21/12/2023,,14,1.73,,full time,Hybrid,O+,2026-07-27 20:13:05,N/A
1020,Ananya,Joshi,Ananya Joshi,45,MALE,Marketing,Analyst,91644,,abc.com,,,Addr 20, Mumbai,Maharashtra,India,ABCDE,14/10/2018,,15,3.68,,Contract,Remote,AB+,2026-07-27 20:13:05,unknown
1021,Sneha,Verma,Sneha Verma,28,F,I.T.,Analyst,33365,19867.0,johngmail.com,,,Addr 21,Kolkata,Maharashtra,India,411001,2021.10.17,,17,2.71,,full time,Remote,,2026-07-27 20:13:05,unknown
1022,Rahul,Rao,Rahul Rao,48,MALE,Operations,Manager,126180,9850.0,abc.com,abcdefghij,,Addr 22,  Bangalore,Maharashtra,India,ABCDE,2032-01-01,,18,3.44,,full time,Hybrid,A+,2026-07-27 20:13:05,?
1023,Sneha,Verma,Sneha Verma,37,MALE,Finance,Analyst,97715,3805.0,abc@,abcdefghij,,Addr 23, Mumbai,Maharashtra,India,560001,20/06/2020,,9,3.66,,full time,Hybrid,,2026-07-27 20:13:05,none
1024,Sneha,Rao,Sneha Rao,43,female,Operations,Analyst,60217,7310.0,@@gmail.com,,,Addr 24,Delhi ,Maharashtra,India,411001,14/05/2023,,9,1.91,,Full Time,Hybrid,A+,2026-07-27 20:13:05,none
1025,Amit,Mehta,Amit Mehta,56,MALE,I.T.,Executive,31607,16381.0,johngmail.com,999999999999999,,Addr 25,Pune,Maharashtra,India,411001,06/07/2015,,4,4.24,,full time,Remote,B+,2026-07-27 20:13:05,OK
1026,Rohit,Rao,Rohit Rao,60,male,it,Executive,88028,15051.0,@@gmail.com,12345,,Addr 26, Mumbai,Maharashtra,India,ABCDE,2021-10-19,,5,1.01,,full time,Onsite,,2026-07-27 20:13:05,?
1027,Arjun,Sharma,Arjun Sharma,39,female,Operations,Engineer,64675,7482.0,johngmail.com,abcdefghij,,Addr 27,Hyderabad,Maharashtra,India,123,2032-01-01,,3,2.87,,full time,Onsite,AB+,2026-07-27 20:13:05,unknown
1028,Rohit,Kumar,Rohit Kumar,59,Male,Marketing,Analyst,33390,19848.0,abc.com,12345,,Addr 28,Hyderabad,Maharashtra,India,560001,2032-01-01,,2,2.88,,full time,Hybrid,O+,2026-07-27 20:13:05,OK
1029,Amit,Joshi,Amit Joshi,39,female,Marketing,Engineer,71224,4798.0,johngmail.com,,,Addr 29,Kolkata,Maharashtra,India,560001,2032-01-01,,1,1.81,,Contract,Remote,O+,2026-07-27 20:13:05,?
1030,Sara,Das,Sara Das,-5,female,I.T.,Analyst,102384,8362.0,sara.das@example.com,999999999999999,,Addr 30, Mumbai,Maharashtra,India,560001,12/05/2016,,12,1.76,,Contract,Onsite,B+,2026-07-27 20:13:05,OK
1031,Arjun,Rao,Arjun Rao,53,MALE,IT,Analyst,139769,17044.0,abc@,abcdefghij,,Addr 31,Kolkata,Maharashtra,India,ABCDE,24/10/2018,,18,2.53,,full time,Remote,O+,2026-07-27 20:13:05,?
1032,Sara,Rao,Sara Rao,30,M,IT,Manager,107356,4288.0,johngmail.com,abcdefghij,,Addr 32,Delhi ,Maharashtra,India,560001,2019-05-01,,10,4.41,,Contract,Hybrid,O+,2026-07-27 20:13:05,?
1033,Rohit,Sharma,Rohit Sharma,39,male,Information Technology,Executive,129663,4293.0,johngmail.com,999999999999999,,Addr 33, Mumbai,Maharashtra,India,ABCDE,2032-01-01,,18,3.73,,Full Time,Remote,B+,2026-07-27 20:13:05,OK
1034,Kiran,Rao,Kiran Rao,52,Female,I.T.,Manager,63289,1307.0,johngmail.com,abcdefghij,,Addr 34,  Bangalore,Maharashtra,India,123,13/12/2021,,12,4.41,,Full Time,Remote,AB+,2026-07-27 20:13:05,none
1035,Sneha,Gupta,Sneha Gupta,39,Male,Marketing,Analyst,99999999,2607.0,abc.com,12345,,Addr 35,Chennai,Maharashtra,India,411001,2018-04-26,,9,4.15,,Full Time,Onsite,O+,2026-07-27 20:13:05,N/A
1036,Priya,Mehta,Priya Mehta,32,male,I.T.,Analyst,149732,6391.0,@@gmail.com,,,Addr 36,Delhi ,Maharashtra,India,411001,2032-01-01,,0,2.06,,Full Time,Hybrid,O+,2026-07-27 20:13:05,unknown
1037,Kiran,Rao,Kiran Rao,44,Male,HR,Executive,99999999,8253.0,kiran.rao@example.com,9746120047,,Addr 37,Pune,Maharashtra,India,ABCDE,22/03/2024,,12,2.81,,Contract,Onsite,,2026-07-27 20:13:05,?
1038,Kiran,Verma,Kiran Verma,52,Female,Marketing,Analyst,78566,15571.0,abc@,9515850643,,Addr 38,Kolkata,Maharashtra,India,560001,2019-08-27,,6,3.57,,Contract,Remote,A+,2026-07-27 20:13:05,unknown
1039,Neha,Verma,Neha Verma,25,F,it,Manager,136568,11766.0,abc@,9904228421,,Addr 39, Mumbai,Maharashtra,India,411001,2023.10.29,,7,3.36,,Full Time,Remote,O+,2026-07-27 20:13:05,OK
1040,Amit,Rao,Amit Rao,25,M,Operations,Analyst,44293,8259.0,abc.com,9084700766,,Addr 40,  Bangalore,Maharashtra,India,560001,2020-11-24,,2,2.29,,Full Time,Remote,B+,2026-07-27 20:13:05,unknown
1041,Kiran,Gupta,Kiran Gupta,45,Female,it,Analyst,109354,4749.0,abc.com,9367365766,,Addr 41,Delhi ,Maharashtra,India,560001,2021.02.24,,8,2.5,,Full Time,Onsite,AB+,2026-07-27 20:13:05,OK
1042,Priya,Patel,Priya Patel,44,F,I.T.,Engineer,103608,5005.0,johngmail.com,,,Addr 42, Mumbai,Maharashtra,India,ABCDE,2032-01-01,,7,4.39,,full time,Onsite,O+,2026-07-27 20:13:05,OK
1043,Arjun,Gupta,Arjun Gupta,56,F,it,Engineer,116223,9763.0,arjun.gupta@example.com,999999999999999,,Addr 43,Pune,Maharashtra,India,ABCDE,2017-07-15,,2,3.98,,Full Time,Hybrid,AB+,2026-07-27 20:13:05,?
1044,Sneha,Verma,Sneha Verma,41,F,Information Technology,Engineer,128885,3673.0,@@gmail.com,9767976438,,Addr 44,Delhi ,Maharashtra,India,560001,2019-02-24,,9,3.71,,Contract,Hybrid,,2026-07-27 20:13:05,unknown
1045,Rahul,Singh,Rahul Singh,24,Male,HR,Analyst,130578,9372.0,@@gmail.com,12345,,Addr 45,Hyderabad,Maharashtra,India,123,2019-06-07,,12,4.45,,Full Time,Hybrid,A+,2026-07-27 20:13:05,?
1046,Priya,Joshi,Priya Joshi,46,female,Marketing,Analyst,32733,6631.0,abc.com,,,Addr 46,Pune,Maharashtra,India,560001,2021.06.16,,10,1.89,,Full Time,Remote,,2026-07-27 20:13:05,OK
1047,Rohit,Kumar,Rohit Kumar,43,MALE,I.T.,Manager,63550,6009.0,rohit.kumar@example.com,abcdefghij,,Addr 47, Mumbai,Maharashtra,India,560001,2017-03-05,,15,2.77,,full time,Hybrid,,2026-07-27 20:13:05,OK
1048,Sneha,Kumar,Sneha Kumar,49,Male,IT,Analyst,40057,3958.0,abc.com,12345,,Addr 48,Delhi ,Maharashtra,India,560001,31/10/2015,,1,2.8,,full time,Onsite,A+,2026-07-27 20:13:05,none
1049,John,Verma,John Verma,49,M,it,Manager,67079,12087.0,abc.com,,,Addr 49,Kolkata,Maharashtra,India,ABCDE,2015.06.10,,2,3.33,,Full Time,Hybrid,O+,2026-07-27 20:13:05,?
1050,Amit,Gupta,Amit Gupta,40,Female,Marketing,Analyst,117833,18248.0,amit.gupta@example.com,999999999999999,,Addr 50, Mumbai,Maharashtra,India,ABCDE,13/12/2022,,4,1.31,,Full Time,Onsite,,2026-07-27 20:13:05,none
1051,Rahul,Joshi,Rahul Joshi,59,M,I.T.,Manager,120812,6424.0,johngmail.com,,,Addr 51, Mumbai,Maharashtra,India,123,2032-01-01,,6,2.47,,Contract,Hybrid,AB+,2026-07-27 20:13:05,unknown
1052,Vikram,Kumar,Vikram Kumar,31,F,HR,Manager,36839,13163.0,abc.com,12345,,Addr 52,Kolkata,Maharashtra,India,560001,2020-11-30,,7,4.27,,full time,Remote,AB+,2026-07-27 20:13:05,OK
1053,Vikram,Kumar,Vikram Kumar,26,MALE,HR,Engineer,42987,11986.0,abc@,9204727790,,Addr 53,Pune,Maharashtra,India,123,12/03/2019,,4,3.2,,Contract,Onsite,,2026-07-27 20:13:05,?
1054,Priya,Mehta,Priya Mehta,24,male,Marketing,Executive,139666,18565.0,priya.mehta@example.com,12345,,Addr 54,Hyderabad,Maharashtra,India,560001,31/08/2017,,2,3.09,,full time,Remote,,2026-07-27 20:13:05,none
1055,Rohit,Kumar,Rohit Kumar,51,female,Marketing,Analyst,32128,3213.0,@@gmail.com,12345,,Addr 55,Kolkata,Maharashtra,India,560001,2032-01-01,,20,1.73,,Full Time,Remote,AB+,2026-07-27 20:13:05,OK
1056,Arjun,Singh,Arjun Singh,23,MALE,Finance,Executive,101176,2199.0,abc@,999999999999999,,Addr 56,  Bangalore,Maharashtra,India,123,29/06/2015,,15,3.77,,full time,Onsite,O+,2026-07-27 20:13:05,OK
1057,Sara,Rao,Sara Rao,32,Female,Finance,Analyst,72981,11043.0,johngmail.com,999999999999999,,Addr 57,Delhi ,Maharashtra,India,411001,2015-11-20,,20,2.62,,Contract,Onsite,B+,2026-07-27 20:13:05,OK
1058,Amit,Gupta,Amit Gupta,23,male,Information Technology,Manager,78015,19587.0,amit.gupta@example.com,,,Addr 58,Delhi ,Maharashtra,India,560001,2022.08.09,,20,2.11,,Full Time,Remote,B+,2026-07-27 20:13:05,?
1059,Rohit,Rao,Rohit Rao,37,female,Operations,Manager,67431,17095.0,abc@,9121727155,,Addr 59,Hyderabad,Maharashtra,India,123,2021.04.19,,5,3.85,,Contract,Onsite,B+,2026-07-27 20:13:05,unknown
1060,Rohit,Singh,Rohit Singh,29,male,Operations,Engineer,105009,19076.0,abc@,,,Addr 60,Pune,Maharashtra,India,ABCDE,2016.05.12,,20,1.3,,full time,Onsite,,2026-07-27 20:13:05,unknown
1061,Amit,Kumar,Amit Kumar,29,M,it,Engineer,97908,6395.0,abc@,abcdefghij,,Addr 61, Mumbai,Maharashtra,India,123,2022-03-05,,16,3.56,,Contract,Onsite,B+,2026-07-27 20:13:05,N/A
1062,John,Gupta,John Gupta,42,F,IT,Engineer,114076,9672.0,abc@,12345,,Addr 62,Kolkata,Maharashtra,India,560001,2023.01.30,,14,1.29,,Full Time,Remote,AB+,2026-07-27 20:13:05,?
1063,Ananya,Das,Ananya Das,30,MALE,Sales,Analyst,47139,17874.0,abc.com,9153714732,,Addr 63,Pune,Maharashtra,India,123,2032-01-01,,19,2.67,,Full Time,Hybrid,,2026-07-27 20:13:05,unknown
1064,Neha,Verma,Neha Verma,50,M,Finance,Executive,0,8888.0,abc@,,,Addr 64,Pune,Maharashtra,India,411001,2032-01-01,,4,4.53,,Contract,Hybrid,AB+,2026-07-27 20:13:05,unknown
1065,Rahul,Rao,Rahul Rao,33,MALE,it,Analyst,96093,19017.0,@@gmail.com,abcdefghij,,Addr 65,Kolkata,Maharashtra,India,ABCDE,29/07/2015,,19,3.04,,Contract,Remote,A+,2026-07-27 20:13:05,OK
1066,Amit,Joshi,Amit Joshi,50,male,it,Manager,110356,13876.0,abc.com,999999999999999,,Addr 66,Kolkata,Maharashtra,India,411001,2024.01.07,,10,3.7,,full time,Onsite,O+,2026-07-27 20:13:05,OK
1067,Kiran,Das,Kiran Das,58,Female,HR,Engineer,52349,13458.0,abc@,12345,,Addr 67,  Bangalore,Maharashtra,India,ABCDE,2032-01-01,,16,4.1,,full time,Onsite,A+,2026-07-27 20:13:05,N/A
1068,Rohit,Singh,Rohit Singh,51,Female,Marketing,Analyst,90249,12217.0,abc.com,12345,,Addr 68,Delhi ,Maharashtra,India,123,16/04/2021,,15,2.27,,full time,Onsite,O+,2026-07-27 20:13:05,unknown
1069,Priya,Gupta,Priya Gupta,46,F,Sales,Manager,67700,3589.0,@@gmail.com,12345,,Addr 69,Pune,Maharashtra,India,ABCDE,03/08/2022,,1,3.68,,Contract,Remote,B+,2026-07-27 20:13:05,OK
1070,Priya,Rao,Priya Rao,27,female,I.T.,Engineer,50701,16587.0,johngmail.com,9345401938,,Addr 70, Mumbai,Maharashtra,India,560001,14/09/2018,,1,4.99,,full time,Hybrid,B+,2026-07-27 20:13:05,unknown
1071,Rahul,Sharma,Rahul Sharma,27,MALE,Finance,Executive,101211,5397.0,abc.com,9743152742,,Addr 71,Chennai,Maharashtra,India,123,2018.05.07,,18,3.7,,Full Time,Remote,,2026-07-27 20:13:05,?
1072,Vikram,Kumar,Vikram Kumar,27,male,I.T.,Executive,62512,,johngmail.com,abcdefghij,,Addr 72,Chennai,Maharashtra,India,ABCDE,2018-09-05,,3,2.86,,Full Time,Hybrid,,2026-07-27 20:13:05,unknown
1073,Sara,Patel,Sara Patel,39,MALE,HR,Manager,92676,13242.0,johngmail.com,,,Addr 73,Chennai,Maharashtra,India,123,2022-03-01,,18,1.45,,Contract,Onsite,B+,2026-07-27 20:13:05,none
1074,Rohit,Verma,Rohit Verma,54,M,Information Technology,Manager,94071,17723.0,johngmail.com,999999999999999,,Addr 74,Chennai,Maharashtra,India,123,2016-11-04,,12,2.02,,Full Time,Onsite,B+,2026-07-27 20:13:05,none
1075,Priya,Sharma,Priya Sharma,25,Female,IT,Engineer,91875,,johngmail.com,,,Addr 75, Mumbai,Maharashtra,India,123,2019-10-02,,5,4.97,,full time,Onsite,B+,2026-07-27 20:13:05,N/A
1076,Rahul,Sharma,Rahul Sharma,55,M,it,Executive,62441,6083.0,@@gmail.com,9310690331,,Addr 76,Hyderabad,Maharashtra,India,411001,2032-01-01,,19,3.69,,Full Time,Remote,A+,2026-07-27 20:13:05,?
1077,Ananya,Singh,Ananya Singh,24,male,it,Analyst,125881,19922.0,abc.com,9534283644,,Addr 77,Hyderabad,Maharashtra,India,ABCDE,2032-01-01,,17,2.98,,full time,Onsite,AB+,2026-07-27 20:13:05,none
1078,Sneha,Rao,Sneha Rao,45,male,it,Executive,59536,5730.0,johngmail.com,abcdefghij,,Addr 78, Mumbai,Maharashtra,India,123,2019-07-31,,14,4.39,,Full Time,Onsite,B+,2026-07-27 20:13:05,OK
1079,Arjun,Rao,Arjun Rao,23,F,Information Technology,Manager,107015,19312.0,abc@,12345,,Addr 79,Chennai,Maharashtra,India,ABCDE,2032-01-01,,7,3.21,,full time,Hybrid,AB+,2026-07-27 20:13:05,none
1080,John,Joshi,John Joshi,53,M,Operations,Engineer,124688,11493.0,abc@,,,Addr 80,Hyderabad,Maharashtra,India,560001,2018.06.17,,4,1.78,,Full Time,Hybrid,,2026-07-27 20:13:05,N/A
1081,Ananya,Kumar,Ananya Kumar,42,MALE,Operations,Executive,126045,6546.0,abc@,9872808010,,Addr 81,  Bangalore,Maharashtra,India,ABCDE,05/05/2022,,2,3.83,,Full Time,Remote,,2026-07-27 20:13:05,?
1082,Sneha,Sharma,Sneha Sharma,60,M,Operations,Engineer,99999999,1548.0,abc.com,,,Addr 82, Mumbai,Maharashtra,India,ABCDE,05/12/2021,,19,3.11,,full time,Hybrid,AB+,2026-07-27 20:13:05,OK
1083,Sneha,Rao,Sneha Rao,35,MALE,Information Technology,Engineer,79710,16597.0,sneha.rao@example.com,9021765918,,Addr 83, Mumbai,Maharashtra,India,ABCDE,2032-01-01,,8,1.19,,Full Time,Onsite,O+,2026-07-27 20:13:05,none
1084,Kiran,Sharma,Kiran Sharma,41,Male,HR,Manager,123416,3521.0,@@gmail.com,9293968562,,Addr 84,Hyderabad,Maharashtra,India,123,2017-01-04,,3,2.75,,Full Time,Hybrid,,2026-07-27 20:13:05,none
1085,Kiran,Rao,Kiran Rao,38,F,Operations,Executive,102487,15150.0,abc@,12345,,Addr 85,  Bangalore,Maharashtra,India,ABCDE,2032-01-01,,10,2.44,,Full Time,Remote,O+,2026-07-27 20:13:05,?
1086,Sneha,Mehta,Sneha Mehta,32,M,Operations,Executive,41746,4049.0,abc.com,12345,,Addr 86,Hyderabad,Maharashtra,India,ABCDE,2032-01-01,,5,1.56,,full time,Hybrid,AB+,2026-07-27 20:13:05,N/A
1087,Priya,Verma,Priya Verma,40,M,Information Technology,Analyst,62321,17246.0,abc.com,,,Addr 87,  Bangalore,Maharashtra,India,123,2032-01-01,,10,2.72,,Contract,Onsite,B+,2026-07-27 20:13:05,unknown
1088,Sneha,Gupta,Sneha Gupta,41,male,Marketing,Analyst,121089,19870.0,abc@,,,Addr 88, Mumbai,Maharashtra,India,411001,2032-01-01,,6,2.75,,full time,Onsite,A+,2026-07-27 20:13:05,?
1089,John,Das,John Das,36,MALE,I.T.,Executive,39694,16703.0,abc.com,9688680589,,Addr 89,Pune,Maharashtra,India,ABCDE,2016.07.24,,5,3.59,,Full Time,Onsite,AB+,2026-07-27 20:13:05,unknown
1090,Vikram,Patel,Vikram Patel,35,Female,it,Manager,81266,17399.0,abc@,abcdefghij,,Addr 90,Delhi ,Maharashtra,India,123,2032-01-01,,6,3.08,,full time,Hybrid,A+,2026-07-27 20:13:05,?
1091,Sara,Das,Sara Das,23,F,Information Technology,Engineer,114930,6385.0,abc@,999999999999999,,Addr 91,Chennai,Maharashtra,India,ABCDE,30/07/2018,,20,3.63,,full time,Remote,,2026-07-27 20:13:05,N/A
1092,Ananya,Gupta,Ananya Gupta,34,male,Finance,Engineer,134792,7126.0,@@gmail.com,999999999999999,,Addr 92,Hyderabad,Maharashtra,India,560001,2019-10-26,,11,2.41,,full time,Onsite,B+,2026-07-27 20:13:05,unknown
1093,Kiran,Gupta,Kiran Gupta,41,Male,HR,Analyst,78929,17738.0,johngmail.com,12345,,Addr 93,Hyderabad,Maharashtra,India,ABCDE,2032-01-01,,9,1.56,,full time,Hybrid,,2026-07-27 20:13:05,OK
1094,Sneha,Sharma,Sneha Sharma,45,Female,it,Executive,94451,15544.0,johngmail.com,,,Addr 94,Delhi ,Maharashtra,India,ABCDE,2032-01-01,,18,3.97,,full time,Onsite,,2026-07-27 20:13:05,OK
1095,Kiran,Patel,Kiran Patel,44,Female,IT,Executive,85725,9111.0,@@gmail.com,,,Addr 95,Chennai,Maharashtra,India,123,2032-01-01,,5,3.46,,Full Time,Remote,A+,2026-07-27 20:13:05,none
1096,Sneha,Kumar,Sneha Kumar,31,MALE,Finance,Analyst,142461,4120.0,abc@,999999999999999,,Addr 96,  Bangalore,Maharashtra,India,ABCDE,2018.02.25,,20,2.66,,full time,Remote,A+,2026-07-27 20:13:05,?
1097,Rohit,Mehta,Rohit Mehta,44,M,Operations,Analyst,143889,4052.0,johngmail.com,abcdefghij,,Addr 97,Kolkata,Maharashtra,India,123,2022.10.16,,17,3.31,,Contract,Hybrid,O+,2026-07-27 20:13:05,OK
1098,Rahul,Patel,Rahul Patel,50,Male,Information Technology,Manager,30088,15018.0,abc@,12345,,Addr 98,Pune,Maharashtra,India,560001,2022.01.08,,7,2.72,,Full Time,Onsite,A+,2026-07-27 20:13:05,OK
1099,Neha,Das,Neha Das,35,Female,Operations,Engineer,0,14838.0,abc@,abcdefghij,,Addr 99, Mumbai,Maharashtra,India,560001,16/11/2015,,20,4.97,,Full Time,Remote,,2026-07-27 20:13:05,none
1100,Rahul,Gupta,Rahul Gupta,43,female,HR,Manager,110750,8118.0,rahul.gupta@example.com,12345,,Addr 100,Delhi ,Maharashtra,India,411001,16/04/2022,,17,3.4,,Contract,Onsite,O+,2026-07-27 20:13:05,OK
1101,John,Mehta,John Mehta,53,male,Marketing,Analyst,132734,8842.0,johngmail.com,abcdefghij,,Addr 101, Mumbai,Maharashtra,India,560001,2032-01-01,,11,3.19,,Full Time,Hybrid,A+,2026-07-27 20:13:05,OK
1102,Kiran,Patel,Kiran Patel,23,Male,Marketing,Analyst,95673,14879.0,johngmail.com,,,Addr 102, Mumbai,Maharashtra,India,ABCDE,2015.02.26,,12,3.35,,Contract,Onsite,A+,2026-07-27 20:13:05,unknown
1103,Sara,Rao,Sara Rao,36,Male,HR,Engineer,45202,2803.0,@@gmail.com,,,Addr 103,Kolkata,Maharashtra,India,123,09/03/2023,,11,1.51,,full time,Onsite,A+,2026-07-27 20:13:05,OK
1104,Sneha,Rao,Sneha Rao,37,female,Information Technology,Executive,77202,,abc.com,9252419138,,Addr 104,Pune,Maharashtra,India,411001,19/01/2018,,1,2.89,,full time,Remote,B+,2026-07-27 20:13:05,OK
1105,Rohit,Rao,Rohit Rao,47,female,Sales,Analyst,104912,17450.0,rohit.rao@example.com,abcdefghij,,Addr 105,Pune,Maharashtra,India,560001,2017-07-08,,11,1.8,,Contract,Hybrid,,2026-07-27 20:13:05,N/A
1106,Ananya,Joshi,Ananya Joshi,33,female,it,Manager,83744,,abc.com,12345,,Addr 106,  Bangalore,Maharashtra,India,560001,2021-08-20,,4,3.85,,Full Time,Remote,B+,2026-07-27 20:13:05,none
1107,Vikram,Joshi,Vikram Joshi,26,Female,Information Technology,Manager,81688,,abc.com,abcdefghij,,Addr 107,  Bangalore,Maharashtra,India,123,21/02/2020,,2,4.77,,Full Time,Onsite,A+,2026-07-27 20:13:05,N/A
1108,Priya,Verma,Priya Verma,47,Male,it,Analyst,57215,16182.0,@@gmail.com,9112490352,,Addr 108,Chennai,Maharashtra,India,ABCDE,2020.01.16,,12,3.05,,Contract,Hybrid,O+,2026-07-27 20:13:05,N/A
1109,Rahul,Rao,Rahul Rao,56,male,Information Technology,Executive,134046,1391.0,rahul.rao@example.com,9323651994,,Addr 109,Pune,Maharashtra,India,411001,01/08/2024,,20,2.77,,Full Time,Remote,O+,2026-07-27 20:13:05,OK
1110,Rahul,Das,Rahul Das,57,M,Marketing,Executive,99999999,12598.0,abc@,12345,,Addr 110,Chennai,Maharashtra,India,123,2032-01-01,,13,4.53,,full time,Remote,A+,2026-07-27 20:13:05,unknown
1111,Vikram,Verma,Vikram Verma,54,male,it,Engineer,132487,16718.0,abc.com,abcdefghij,,Addr 111,Hyderabad,Maharashtra,India,ABCDE,2019-09-14,,8,1.23,,full time,Onsite,O+,2026-07-27 20:13:05,none
1112,Neha,Verma,Neha Verma,36,MALE,it,Engineer,58758,13727.0,@@gmail.com,,,Addr 112,Hyderabad,Maharashtra,India,ABCDE,15/02/2016,,15,3.17,,Full Time,Hybrid,A+,2026-07-27 20:13:05,OK
1113,Rahul,Singh,Rahul Singh,54,M,IT,Analyst,56406,12165.0,abc@,9500292185,,Addr 113,Delhi ,Maharashtra,India,560001,2021-09-30,,10,2.21,,Full Time,Remote,AB+,2026-07-27 20:13:05,?
1114,John,Joshi,John Joshi,56,female,Sales,Manager,136752,11053.0,@@gmail.com,abcdefghij,,Addr 114,Kolkata,Maharashtra,India,ABCDE,2016-12-14,,15,1.56,,Contract,Remote,B+,2026-07-27 20:13:05,unknown
1115,Sneha,Verma,Sneha Verma,26,F,Sales,Executive,-50000,3221.0,@@gmail.com,999999999999999,,Addr 115,  Bangalore,Maharashtra,India,123,2032-01-01,,3,4.32,,Contract,Onsite,B+,2026-07-27 20:13:05,N/A
1116,Ananya,Patel,Ananya Patel,39,Male,Sales,Analyst,39725,13303.0,abc@,12345,,Addr 116,Hyderabad,Maharashtra,India,560001,18/12/2023,,1,1.41,,Full Time,Remote,AB+,2026-07-27 20:13:05,none
1117,Sara,Kumar,Sara Kumar,40,male,Information Technology,Engineer,102045,6032.0,sara.kumar@example.com,9506149731,,Addr 117, Mumbai,Maharashtra,India,ABCDE,2017.12.22,,2,2.89,,Full Time,Hybrid,AB+,2026-07-27 20:13:05,?
1118,Ananya,Mehta,Ananya Mehta,45,male,Sales,Executive,88428,,johngmail.com,abcdefghij,,Addr 118,Kolkata,Maharashtra,India,560001,09/01/2016,,17,1.24,,full time,Onsite,AB+,2026-07-27 20:13:05,none
1119,John,Das,John Das,51,MALE,Information Technology,Executive,123625,,abc.com,12345,,Addr 119, Mumbai,Maharashtra,India,411001,2032-01-01,,2,4.95,,full time,Remote,B+,2026-07-27 20:13:05,none
1120,Arjun,Joshi,Arjun Joshi,25,Male,Marketing,Executive,142279,16012.0,arjun.joshi@example.com,,,Addr 120,Hyderabad,Maharashtra,India,411001,2023-02-26,,18,4.12,,full time,Onsite,O+,2026-07-27 20:13:05,?
1121,Arjun,Rao,Arjun Rao,59,M,IT,Manager,48855,14163.0,arjun.rao@example.com,abcdefghij,,Addr 121,Delhi ,Maharashtra,India,123,2032-01-01,,3,4.89,,Full Time,Remote,O+,2026-07-27 20:13:05,?
1122,Sneha,Mehta,Sneha Mehta,26,male,Operations,Manager,83368,17924.0,@@gmail.com,,,Addr 122,Pune,Maharashtra,India,ABCDE,05/03/2023,,6,4.35,,Full Time,Remote,AB+,2026-07-27 20:13:05,OK
1123,Sneha,Singh,Sneha Singh,50,Female,Marketing,Engineer,61711,15617.0,abc@,9798552414,,Addr 123,  Bangalore,Maharashtra,India,411001,27/01/2018,,18,4.12,,Full Time,Remote,B+,2026-07-27 20:13:05,N/A
1124,Arjun,Rao,Arjun Rao,180,male,I.T.,Engineer,109736,11009.0,@@gmail.com,,,Addr 124,  Bangalore,Maharashtra,India,411001,2020-10-03,,16,5.0,,full time,Onsite,,2026-07-27 20:13:05,none
1125,Arjun,Mehta,Arjun Mehta,25,MALE,Finance,Analyst,64229,10790.0,abc@,999999999999999,,Addr 125,Delhi ,Maharashtra,India,123,2032-01-01,,12,2.55,,Full Time,Onsite,,2026-07-27 20:13:05,N/A
1126,Sneha,Singh,Sneha Singh,51,female,Sales,Analyst,140184,19292.0,abc@,12345,,Addr 126,Delhi ,Maharashtra,India,ABCDE,2022.09.12,,13,4.15,,full time,Hybrid,O+,2026-07-27 20:13:05,none
1127,Arjun,Das,Arjun Das,24,F,Information Technology,Executive,95598,13506.0,abc.com,999999999999999,,Addr 127, Mumbai,Maharashtra,India,123,18/07/2024,,2,2.95,,Contract,Remote,O+,2026-07-27 20:13:05,OK
1128,Rahul,Das,Rahul Das,31,Female,I.T.,Executive,132203,15211.0,johngmail.com,9667600835,,Addr 128,Delhi ,Maharashtra,India,ABCDE,2018-01-25,,0,3.51,,Full Time,Remote,O+,2026-07-27 20:13:05,unknown
1129,Amit,Patel,Amit Patel,40,male,Information Technology,Engineer,68119,18048.0,abc.com,999999999999999,,Addr 129,Pune,Maharashtra,India,ABCDE,21/04/2019,,4,1.84,,Full Time,Onsite,,2026-07-27 20:13:05,N/A
1130,Priya,Joshi,Priya Joshi,23,M,Finance,Engineer,36286,1646.0,priya.joshi@example.com,12345,,Addr 130,Chennai,Maharashtra,India,411001,2022.12.22,,13,3.65,,Contract,Onsite,O+,2026-07-27 20:13:05,none
1131,Kiran,Verma,Kiran Verma,27,Female,Information Technology,Analyst,43928,7545.0,@@gmail.com,12345,,Addr 131,Chennai,Maharashtra,India,560001,2019.09.12,,7,1.01,,Contract,Remote,A+,2026-07-27 20:13:05,none
1132,John,Das,John Das,53,Male,Information Technology,Analyst,89867,10700.0,@@gmail.com,9701204556,,Addr 132,Pune,Maharashtra,India,411001,2016-09-02,,4,3.65,,Full Time,Hybrid,O+,2026-07-27 20:13:05,?
1133,Kiran,Mehta,Kiran Mehta,42,male,Information Technology,Executive,89839,13639.0,johngmail.com,999999999999999,,Addr 133,Kolkata,Maharashtra,India,560001,22/03/2023,,19,2.52,,full time,Onsite,A+,2026-07-27 20:13:05,N/A
1134,Ananya,Das,Ananya Das,49,Male,Information Technology,Analyst,31620,18197.0,abc.com,999999999999999,,Addr 134,Delhi ,Maharashtra,India,560001,07/04/2016,,17,4.57,,Contract,Remote,A+,2026-07-27 20:13:05,N/A
1135,Rohit,Das,Rohit Das,31,Male,Operations,Analyst,66458,,abc@,9866317797,,Addr 135,Kolkata,Maharashtra,India,560001,2032-01-01,,10,1.47,,full time,Onsite,A+,2026-07-27 20:13:05,OK
1136,Vikram,Rao,Vikram Rao,21,F,Information Technology,Analyst,103706,15949.0,@@gmail.com,abcdefghij,,Addr 136,Chennai,Maharashtra,India,560001,2015-05-27,,3,4.04,,Full Time,Remote,O+,2026-07-27 20:13:05,unknown
1137,John,Mehta,John Mehta,27,Male,I.T.,Executive,123959,14409.0,john.mehta@example.com,abcdefghij,,Addr 137,Pune,Maharashtra,India,560001,2021-02-21,,20,4.35,,Contract,Remote,AB+,2026-07-27 20:13:05,?
1138,John,Gupta,John Gupta,52,Male,it,Engineer,86729,16824.0,abc.com,,,Addr 138,  Bangalore,Maharashtra,India,560001,27/08/2020,,8,2.59,,full time,Hybrid,AB+,2026-07-27 20:13:05,N/A
1139,Amit,Rao,Amit Rao,53,MALE,it,Analyst,102559,7582.0,abc@,abcdefghij,,Addr 139,Hyderabad,Maharashtra,India,560001,2032-01-01,,17,2.14,,full time,Remote,,2026-07-27 20:13:05,OK
1140,Rahul,Rao,Rahul Rao,24,male,Finance,Manager,119573,3032.0,@@gmail.com,,,Addr 140,  Bangalore,Maharashtra,India,ABCDE,2016.08.18,,1,4.71,,full time,Hybrid,O+,2026-07-27 20:13:05,none
1141,Rahul,Sharma,Rahul Sharma,60,F,Operations,Manager,122357,13050.0,abc.com,12345,,Addr 141,Chennai,Maharashtra,India,411001,2032-01-01,,1,2.71,,Contract,Hybrid,B+,2026-07-27 20:13:05,N/A
1142,Kiran,Mehta,Kiran Mehta,30,Male,I.T.,Analyst,131405,10868.0,johngmail.com,9985158328,,Addr 142,Kolkata,Maharashtra,India,ABCDE,2032-01-01,,17,3.15,,Full Time,Hybrid,B+,2026-07-27 20:13:05,N/A
1143,John,Joshi,John Joshi,34,F,it,Executive,137962,1288.0,john.joshi@example.com,9573993056,,Addr 143,  Bangalore,Maharashtra,India,123,2018.09.18,,0,4.65,,full time,Onsite,,2026-07-27 20:13:05,?
1144,Ananya,Sharma,Ananya Sharma,33,MALE,it,Engineer,51940,18628.0,abc.com,9013361386,,Addr 144,Chennai,Maharashtra,India,ABCDE,2018-04-29,,14,3.87,,Full Time,Remote,A+,2026-07-27 20:13:05,OK
1145,Amit,Mehta,Amit Mehta,35,MALE,Marketing,Executive,83011,1553.0,johngmail.com,,,Addr 145,Pune,Maharashtra,India,123,2021.04.04,,19,1.35,,full time,Hybrid,AB+,2026-07-27 20:13:05,OK
1146,Ananya,Verma,Ananya Verma,46,F,it,Analyst,48884,13226.0,ananya.verma@example.com,,,Addr 146,Hyderabad,Maharashtra,India,411001,2020.12.25,,6,3.99,,Contract,Hybrid,B+,2026-07-27 20:13:05,?
1147,John,Kumar,John Kumar,35,Female,Finance,Manager,117946,2782.0,abc.com,999999999999999,,Addr 147,Delhi ,Maharashtra,India,123,06/08/2016,,20,1.94,,full time,Onsite,A+,2026-07-27 20:13:05,N/A
1148,Sneha,Das,Sneha Das,40,female,I.T.,Analyst,86139,11263.0,abc@,abcdefghij,,Addr 148,Kolkata,Maharashtra,India,123,2032-01-01,,17,1.44,,Contract,Onsite,A+,2026-07-27 20:13:05,unknown
1149,Amit,Kumar,Amit Kumar,25,female,Information Technology,Engineer,112788,,abc.com,999999999999999,,Addr 149,Chennai,Maharashtra,India,ABCDE,2017.03.15,,12,1.89,,Contract,Onsite,O+,2026-07-27 20:13:05,N/A
1150,Ananya,Kumar,Ananya Kumar,44,Female,IT,Manager,135714,6434.0,abc.com,9272299275,,Addr 150, Mumbai,Maharashtra,India,560001,21/09/2020,,2,2.06,,Full Time,Remote,B+,2026-07-27 20:13:05,none
1151,Sneha,Rao,Sneha Rao,23,Male,Sales,Engineer,98337,9961.0,@@gmail.com,,,Addr 151,Delhi ,Maharashtra,India,560001,07/04/2020,,16,2.62,,full time,Hybrid,AB+,2026-07-27 20:13:05,none
1152,Rahul,Kumar,Rahul Kumar,35,Male,it,Analyst,54498,4877.0,abc@,999999999999999,,Addr 152,Pune,Maharashtra,India,ABCDE,2016-07-23,,4,3.29,,Full Time,Remote,,2026-07-27 20:13:05,OK
1153,Kiran,Verma,Kiran Verma,32,Female,Marketing,Engineer,125417,10288.0,kiran.verma@example.com,12345,,Addr 153,Kolkata,Maharashtra,India,ABCDE,2015.08.18,,5,3.9,,full time,Hybrid,,2026-07-27 20:13:05,none
1154,Priya,Singh,Priya Singh,27,Male,HR,Executive,109365,16593.0,abc.com,,,Addr 154,Kolkata,Maharashtra,India,411001,2032-01-01,,16,2.68,,Full Time,Onsite,,2026-07-27 20:13:05,?
1155,Neha,Das,Neha Das,43,Female,Information Technology,Executive,92539,3746.0,@@gmail.com,9986430098,,Addr 155,Hyderabad,Maharashtra,India,411001,2032-01-01,,20,1.82,,full time,Hybrid,O+,2026-07-27 20:13:05,OK
1156,Amit,Rao,Amit Rao,37,F,it,Executive,110200,14023.0,abc@,abcdefghij,,Addr 156,Delhi ,Maharashtra,India,123,2032-01-01,,4,4.42,,Contract,Remote,B+,2026-07-27 20:13:05,?
1157,Sara,Verma,Sara Verma,46,F,Sales,Engineer,113345,,sara.verma@example.com,9279611435,,Addr 157,Hyderabad,Maharashtra,India,411001,2032-01-01,,12,3.46,,Contract,Hybrid,,2026-07-27 20:13:05,OK
1158,Amit,Das,Amit Das,0,male,IT,Manager,118345,,abc@,12345,,Addr 158,Hyderabad,Maharashtra,India,411001,2019-12-04,,2,3.2,,Contract,Onsite,,2026-07-27 20:13:05,unknown
1159,Sneha,Mehta,Sneha Mehta,33,M,Marketing,Engineer,83363,19305.0,sneha.mehta@example.com,999999999999999,,Addr 159,  Bangalore,Maharashtra,India,560001,15/07/2017,,10,4.84,,full time,Onsite,AB+,2026-07-27 20:13:05,none
1160,Rahul,Das,Rahul Das,45,female,HR,Manager,84057,17924.0,abc.com,12345,,Addr 160,  Bangalore,Maharashtra,India,123,2016.04.21,,6,4.58,,full time,Remote,B+,2026-07-27 20:13:05,?
1161,Sara,Singh,Sara Singh,37,male,HR,Manager,139620,6111.0,sara.singh@example.com,,,Addr 161,Delhi ,Maharashtra,India,560001,2017.08.19,,15,1.73,,Contract,Hybrid,AB+,2026-07-27 20:13:05,N/A
1162,Kiran,Verma,Kiran Verma,48,M,it,Engineer,81605,6727.0,johngmail.com,9187500369,,Addr 162,Delhi ,Maharashtra,India,123,2015.08.10,,5,3.19,,Full Time,Hybrid,AB+,2026-07-27 20:13:05,none
1163,Sneha,Joshi,Sneha Joshi,34,M,Sales,Analyst,66651,19723.0,abc@,12345,,Addr 163,Kolkata,Maharashtra,India,ABCDE,2032-01-01,,0,1.71,,full time,Remote,,2026-07-27 20:13:05,none
1164,Sara,Joshi,Sara Joshi,37,Female,IT,Executive,51409,,@@gmail.com,abcdefghij,,Addr 164,Delhi ,Maharashtra,India,411001,2032-01-01,,3,2.4,,Contract,Onsite,B+,2026-07-27 20:13:05,none
1165,Kiran,Kumar,Kiran Kumar,39,MALE,Sales,Executive,88580,13486.0,abc.com,9472256996,,Addr 165,Pune,Maharashtra,India,ABCDE,2016.12.15,,7,2.25,,Contract,Hybrid,O+,2026-07-27 20:13:05,none
1166,John,Rao,John Rao,44,female,it,Executive,54102,5097.0,abc@,,,Addr 166,Pune,Maharashtra,India,411001,2032-01-01,,16,4.06,,Full Time,Remote,O+,2026-07-27 20:13:05,none
1167,Amit,Patel,Amit Patel,45,MALE,HR,Manager,88085,5301.0,abc.com,,,Addr 167,  Bangalore,Maharashtra,India,ABCDE,06/05/2022,,18,3.39,,Contract,Onsite,,2026-07-27 20:13:05,?
1168,Rohit,Kumar,Rohit Kumar,51,Female,HR,Engineer,77943,6102.0,@@gmail.com,999999999999999,,Addr 168,Kolkata,Maharashtra,India,560001,2018.06.22,,0,4.06,,full time,Onsite,B+,2026-07-27 20:13:05,OK
1169,Rohit,Joshi,Rohit Joshi,56,M,Marketing,Manager,126615,13398.0,abc@,abcdefghij,,Addr 169,  Bangalore,Maharashtra,India,ABCDE,2017-02-11,,5,1.55,,Full Time,Onsite,AB+,2026-07-27 20:13:05,none
1170,Ananya,Mehta,Ananya Mehta,33,MALE,IT,Manager,100119,,ananya.mehta@example.com,999999999999999,,Addr 170, Mumbai,Maharashtra,India,123,2032-01-01,,9,4.14,,full time,Hybrid,AB+,2026-07-27 20:13:05,OK
1171,Sneha,Patel,Sneha Patel,30,Male,Finance,Executive,91623,9194.0,johngmail.com,9013673037,,Addr 171,Hyderabad,Maharashtra,India,ABCDE,2032-01-01,,12,3.73,,full time,Hybrid,B+,2026-07-27 20:13:05,OK
1172,Sara,Kumar,Sara Kumar,51,female,Finance,Manager,36827,8136.0,sara.kumar@example.com,12345,,Addr 172,Pune,Maharashtra,India,411001,2032-01-01,,19,1.62,,Full Time,Remote,B+,2026-07-27 20:13:05,?
1173,Priya,Gupta,Priya Gupta,24,Male,Sales,Manager,133739,16985.0,abc@,abcdefghij,,Addr 173,Pune,Maharashtra,India,560001,2032-01-01,,17,2.18,,Contract,Hybrid,B+,2026-07-27 20:13:05,none
1174,Amit,Kumar,Amit Kumar,50,MALE,it,Manager,50319,9629.0,abc.com,,,Addr 174, Mumbai,Maharashtra,India,123,2018-11-25,,17,4.28,,Full Time,Onsite,AB+,2026-07-27 20:13:05,none
1175,Amit,Gupta,Amit Gupta,41,Male,Information Technology,Engineer,47009,2024.0,abc@,,,Addr 175,Chennai,Maharashtra,India,123,2018-03-05,,11,1.88,,Contract,Remote,A+,2026-07-27 20:13:05,N/A
1176,John,Das,John Das,24,MALE,it,Executive,134103,9710.0,abc.com,,,Addr 176,  Bangalore,Maharashtra,India,ABCDE,01/05/2024,,16,3.63,,Contract,Onsite,B+,2026-07-27 20:13:05,none
1177,Sara,Kumar,Sara Kumar,57,MALE,Operations,Executive,51864,19021.0,johngmail.com,abcdefghij,,Addr 177,Kolkata,Maharashtra,India,123,2032-01-01,,20,2.72,,Contract,Hybrid,,2026-07-27 20:13:05,N/A
1178,Kiran,Kumar,Kiran Kumar,56,female,Finance,Analyst,88654,1006.0,kiran.kumar@example.com,12345,,Addr 178,Kolkata,Maharashtra,India,123,2017-05-26,,8,4.68,,Contract,Onsite,,2026-07-27 20:13:05,none
1179,Amit,Patel,Amit Patel,30,male,Finance,Analyst,62749,10840.0,amit.patel@example.com,,,Addr 179,Kolkata,Maharashtra,India,411001,2015.06.04,,1,3.92,,Contract,Hybrid,A+,2026-07-27 20:13:05,OK
1180,Sneha,Joshi,Sneha Joshi,28,F,HR,Engineer,112862,10987.0,abc.com,9058925832,,Addr 180,Chennai,Maharashtra,India,560001,2032-01-01,,19,3.3,,Full Time,Remote,AB+,2026-07-27 20:13:05,unknown
1181,Vikram,Verma,Vikram Verma,51,Female,IT,Executive,82235,5272.0,abc@,,,Addr 181, Mumbai,Maharashtra,India,ABCDE,2016-06-25,,8,4.11,,full time,Onsite,,2026-07-27 20:13:05,OK
1182,Priya,Rao,Priya Rao,33,MALE,Sales,Engineer,52184,15490.0,abc.com,9270335211,,Addr 182, Mumbai,Maharashtra,India,ABCDE,2019.10.01,,0,2.37,,Full Time,Hybrid,AB+,2026-07-27 20:13:05,?
1183,Rahul,Joshi,Rahul Joshi,34,male,it,Analyst,111663,5631.0,rahul.joshi@example.com,,,Addr 183,Delhi ,Maharashtra,India,411001,2032-01-01,,20,4.78,,Full Time,Hybrid,O+,2026-07-27 20:13:05,unknown
1184,Priya,Sharma,Priya Sharma,45,male,Marketing,Engineer,93525,18418.0,priya.sharma@example.com,abcdefghij,,Addr 184,Delhi ,Maharashtra,India,560001,2032-01-01,,5,1.07,,Contract,Hybrid,O+,2026-07-27 20:13:05,unknown
1185,Neha,Kumar,Neha Kumar,37,M,IT,Analyst,74798,5497.0,neha.kumar@example.com,abcdefghij,,Addr 185,Hyderabad,Maharashtra,India,123,2032-01-01,,17,1.53,,Contract,Remote,,2026-07-27 20:13:05,none
1186,John,Singh,John Singh,54,male,Marketing,Manager,104035,11403.0,john.singh@example.com,999999999999999,,Addr 186,Delhi ,Maharashtra,India,560001,2016.07.19,,4,4.12,,Full Time,Remote,B+,2026-07-27 20:13:05,OK
1187,Kiran,Gupta,Kiran Gupta,60,male,HR,Manager,77089,,johngmail.com,12345,,Addr 187, Mumbai,Maharashtra,India,ABCDE,29/12/2017,,1,2.63,,Full Time,Hybrid,AB+,2026-07-27 20:13:05,N/A
1188,Sara,Singh,Sara Singh,32,M,Operations,Analyst,146337,14266.0,sara.singh@example.com,9965699988,,Addr 188,Hyderabad,Maharashtra,India,411001,2032-01-01,,14,4.31,,Full Time,Remote,,2026-07-27 20:13:05,none
1189,Vikram,Sharma,Vikram Sharma,24,male,Finance,Executive,69918,10368.0,johngmail.com,9264908277,,Addr 189,Chennai,Maharashtra,India,411001,03/04/2021,,18,4.75,,Contract,Onsite,B+,2026-07-27 20:13:05,?
1190,Vikram,Joshi,Vikram Joshi,250,female,HR,Executive,72477,6373.0,vikram.joshi@example.com,12345,,Addr 190,  Bangalore,Maharashtra,India,560001,2020-01-21,,5,4.65,,Contract,Onsite,B+,2026-07-27 20:13:05,N/A
1191,Amit,Verma,Amit Verma,47,MALE,Finance,Executive,53684,5311.0,abc@,,,Addr 191,  Bangalore,Maharashtra,India,ABCDE,17/08/2023,,18,3.64,,full time,Hybrid,AB+,2026-07-27 20:13:05,OK
1192,Kiran,Gupta,Kiran Gupta,56,MALE,it,Manager,49432,,@@gmail.com,9020994510,,Addr 192,  Bangalore,Maharashtra,India,ABCDE,27/01/2015,,9,3.44,,Contract,Onsite,,2026-07-27 20:13:05,none
1193,Rohit,Verma,Rohit Verma,44,Male,Information Technology,Analyst,147641,3217.0,johngmail.com,999999999999999,,Addr 193,Hyderabad,Maharashtra,India,ABCDE,09/02/2020,,19,1.23,,Contract,Onsite,,2026-07-27 20:13:05,OK
1194,Ananya,Gupta,Ananya Gupta,39,M,Sales,Analyst,111689,5250.0,abc.com,12345,,Addr 194,Pune,Maharashtra,India,411001,2023-11-03,,14,3.5,,Full Time,Onsite,B+,2026-07-27 20:13:05,none
1195,Vikram,Rao,Vikram Rao,56,F,HR,Engineer,120441,3222.0,@@gmail.com,,,Addr 195,Hyderabad,Maharashtra,India,411001,06/07/2015,,6,2.32,,full time,Onsite,AB+,2026-07-27 20:13:05,?
1196,Rahul,Verma,Rahul Verma,50,F,it,Analyst,136714,2835.0,abc.com,abcdefghij,,Addr 196,Pune,Maharashtra,India,ABCDE,2020.05.26,,0,2.36,,full time,Onsite,,2026-07-27 20:13:05,N/A
1197,Kiran,Gupta,Kiran Gupta,28,F,Finance,Analyst,65585,17287.0,abc@,9574384215,,Addr 197,Kolkata,Maharashtra,India,ABCDE,2019-05-15,,14,3.02,,full time,Onsite,B+,2026-07-27 20:13:05,N/A
1198,Sneha,Das,Sneha Das,40,F,Sales,Manager,42878,17913.0,abc@,,,Addr 198,Kolkata,Maharashtra,India,411001,2023.03.20,,14,4.56,,Full Time,Onsite,O+,2026-07-27 20:13:05,OK
1199,Kiran,Mehta,Kiran Mehta,41,male,HR,Analyst,71831,4855.0,@@gmail.com,12345,,Addr 199,Hyderabad,Maharashtra,India,123,2022.03.01,,8,1.57,,Contract,Hybrid,,2026-07-27 20:13:05,N/A
1200,Amit,Patel,Amit Patel,42,Female,Operations,Engineer,91700,2653.0,amit.patel@example.com,,,Addr 200,Delhi ,Maharashtra,India,123,2018.06.29,,6,3.85,,Contract,Onsite,A+,2026-07-27 20:13:05,?
1201,Kiran,Verma,Kiran Verma,50,Male,Operations,Analyst,123089,16418.0,abc@,999999999999999,,Addr 201,  Bangalore,Maharashtra,India,411001,2016-01-16,,15,1.45,,full time,Hybrid,B+,2026-07-27 20:13:05,unknown
1202,Sneha,Gupta,Sneha Gupta,27,M,Information Technology,Analyst,39296,18457.0,johngmail.com,999999999999999,,Addr 202,Pune,Maharashtra,India,123,11/06/2021,,18,2.72,,full time,Onsite,O+,2026-07-27 20:13:05,none
1203,Sara,Singh,Sara Singh,25,female,Operations,Engineer,90674,4199.0,johngmail.com,999999999999999,,Addr 203,Chennai,Maharashtra,India,411001,2016-12-09,,6,4.27,,Contract,Onsite,A+,2026-07-27 20:13:05,N/A
1204,John,Verma,John Verma,45,Female,Operations,Manager,145005,19686.0,@@gmail.com,abcdefghij,,Addr 204,Pune,Maharashtra,India,123,2020-01-30,,0,3.81,,full time,Remote,O+,2026-07-27 20:13:05,OK
1205,Neha,Rao,Neha Rao,41,female,Marketing,Executive,101449,6682.0,johngmail.com,12345,,Addr 205,Pune,Maharashtra,India,411001,2022-11-16,,4,3.89,,full time,Onsite,AB+,2026-07-27 20:13:05,N/A
1206,Priya,Verma,Priya Verma,50,F,Marketing,Manager,85590,15747.0,johngmail.com,,,Addr 206,Delhi ,Maharashtra,India,560001,2022.03.15,,1,4.91,,Contract,Hybrid,O+,2026-07-27 20:13:05,OK
1207,Kiran,Das,Kiran Das,54,F,Finance,Executive,98597,3898.0,abc@,9718949058,,Addr 207,  Bangalore,Maharashtra,India,560001,2032-01-01,,18,3.94,,full time,Hybrid,O+,2026-07-27 20:13:05,unknown
1208,Amit,Sharma,Amit Sharma,40,female,Finance,Engineer,105778,2691.0,@@gmail.com,abcdefghij,,Addr 208, Mumbai,Maharashtra,India,123,2022.10.17,,8,1.06,,Full Time,Onsite,B+,2026-07-27 20:13:05,none
1209,Sara,Verma,Sara Verma,32,MALE,HR,Executive,99125,12234.0,sara.verma@example.com,12345,,Addr 209,Hyderabad,Maharashtra,India,123,2022-05-23,,20,2.06,,Full Time,Remote,B+,2026-07-27 20:13:05,?
1210,Vikram,Das,Vikram Das,55,male,Marketing,Executive,49025,15245.0,vikram.das@example.com,999999999999999,,Addr 210,Hyderabad,Maharashtra,India,123,2018.05.19,,8,2.07,,Full Time,Hybrid,,2026-07-27 20:13:05,?
1211,Ananya,Singh,Ananya Singh,33,Female,Sales,Manager,31386,3226.0,ananya.singh@example.com,12345,,Addr 211,Pune,Maharashtra,India,411001,2023-03-27,,1,4.75,,Contract,Remote,,2026-07-27 20:13:05,OK
1212,Sara,Patel,Sara Patel,29,M,I.T.,Engineer,63205,3481.0,johngmail.com,999999999999999,,Addr 212,Delhi ,Maharashtra,India,411001,2015.12.20,,8,1.71,,Full Time,Hybrid,B+,2026-07-27 20:13:05,none
1213,Vikram,Verma,Vikram Verma,30,Female,Marketing,Manager,43926,9486.0,vikram.verma@example.com,9011947072,,Addr 213,Pune,Maharashtra,India,560001,2022.03.28,,4,3.8,,full time,Onsite,A+,2026-07-27 20:13:05,none
1214,Sara,Das,Sara Das,25,Female,HR,Engineer,120342,16796.0,sara.das@example.com,,,Addr 214,Kolkata,Maharashtra,India,123,2020-05-12,,14,4.04,,full time,Onsite,B+,2026-07-27 20:13:05,N/A
1215,Rohit,Sharma,Rohit Sharma,40,female,Marketing,Engineer,77089,15351.0,abc@,,,Addr 215,Chennai,Maharashtra,India,123,2032-01-01,,17,4.86,,full time,Remote,A+,2026-07-27 20:13:05,unknown
1216,Rahul,Joshi,Rahul Joshi,46,Male,HR,Executive,144058,5880.0,abc.com,12345,,Addr 216,Chennai,Maharashtra,India,ABCDE,2023-11-01,,5,3.53,,full time,Remote,AB+,2026-07-27 20:13:05,none
1217,Amit,Gupta,Amit Gupta,27,Male,Operations,Manager,56560,14173.0,@@gmail.com,abcdefghij,,Addr 217,Pune,Maharashtra,India,411001,2015.09.19,,4,4.03,,Full Time,Onsite,O+,2026-07-27 20:13:05,none
1218,Amit,Das,Amit Das,23,male,Information Technology,Executive,32048,3645.0,amit.das@example.com,12345,,Addr 218,Chennai,Maharashtra,India,123,2032-01-01,,13,1.96,,Full Time,Onsite,A+,2026-07-27 20:13:05,none
1219,Amit,Das,Amit Das,40,MALE,Marketing,Engineer,55153,18373.0,amit.das@example.com,12345,,Addr 219,Pune,Maharashtra,India,ABCDE,2032-01-01,,15,1.71,,Contract,Remote,A+,2026-07-27 20:13:05,unknown
1220,Arjun,Singh,Arjun Singh,60,F,Operations,Engineer,36875,6763.0,abc@,abcdefghij,,Addr 220,  Bangalore,Maharashtra,India,ABCDE,2019.11.16,,7,4.12,,full time,Remote,A+,2026-07-27 20:13:05,N/A
1221,Sara,Rao,Sara Rao,35,Male,Operations,Executive,87129,15909.0,abc@,12345,,Addr 221,Pune,Maharashtra,India,411001,2017.03.30,,4,1.44,,full time,Hybrid,AB+,2026-07-27 20:13:05,N/A
1222,Sneha,Singh,Sneha Singh,60,male,it,Manager,142325,8092.0,abc.com,,,Addr 222, Mumbai,Maharashtra,India,ABCDE,2018-04-23,,13,4.92,,Full Time,Hybrid,,2026-07-27 20:13:05,OK
1223,Vikram,Kumar,Vikram Kumar,27,M,Operations,Manager,128707,,johngmail.com,12345,,Addr 223,Chennai,Maharashtra,India,560001,2019-06-04,,14,2.86,,Full Time,Onsite,AB+,2026-07-27 20:13:05,N/A
1224,Sneha,Das,Sneha Das,25,M,Sales,Engineer,128682,18774.0,abc.com,999999999999999,,Addr 224,Delhi ,Maharashtra,India,560001,2022-11-23,,11,2.47,,Contract,Onsite,A+,2026-07-27 20:13:05,none
1225,Sara,Singh,Sara Singh,36,Female,Information Technology,Executive,128602,7874.0,abc@,abcdefghij,,Addr 225,  Bangalore,Maharashtra,India,560001,2016-07-20,,15,3.84,,Contract,Onsite,O+,2026-07-27 20:13:05,?
1226,Kiran,Joshi,Kiran Joshi,25,male,Operations,Engineer,147695,3521.0,kiran.joshi@example.com,abcdefghij,,Addr 226,  Bangalore,Maharashtra,India,ABCDE,2032-01-01,,11,2.68,,Contract,Onsite,A+,2026-07-27 20:13:05,unknown
1227,Neha,Patel,Neha Patel,35,F,it,Analyst,74930,11692.0,johngmail.com,12345,,Addr 227,Kolkata,Maharashtra,India,123,01/04/2015,,15,2.49,,full time,Remote,B+,2026-07-27 20:13:05,unknown
1228,Arjun,Das,Arjun Das,31,female,it,Analyst,52984,6029.0,abc@,12345,,Addr 228, Mumbai,Maharashtra,India,411001,2016.11.12,,11,1.59,,full time,Onsite,B+,2026-07-27 20:13:05,none
1229,Arjun,Patel,Arjun Patel,52,F,I.T.,Executive,50454,,abc.com,abcdefghij,,Addr 229,Chennai,Maharashtra,India,411001,2032-01-01,,1,1.56,,Contract,Remote,O+,2026-07-27 20:13:05,OK
1230,Vikram,Gupta,Vikram Gupta,43,Male,Sales,Engineer,55578,8279.0,@@gmail.com,999999999999999,,Addr 230,Delhi ,Maharashtra,India,411001,2024.06.06,,12,1.59,,full time,Hybrid,AB+,2026-07-27 20:13:05,unknown
1231,Rahul,Mehta,Rahul Mehta,49,F,it,Engineer,146366,14618.0,johngmail.com,12345,,Addr 231,Delhi ,Maharashtra,India,560001,2018.11.13,,2,4.73,,Contract,Hybrid,A+,2026-07-27 20:13:05,OK
1232,Vikram,Mehta,Vikram Mehta,50,female,I.T.,Manager,80039,17075.0,vikram.mehta@example.com,12345,,Addr 232,Delhi ,Maharashtra,India,123,2032-01-01,,3,3.62,,full time,Hybrid,B+,2026-07-27 20:13:05,?
1233,Sara,Singh,Sara Singh,38,M,Information Technology,Analyst,104130,9451.0,johngmail.com,12345,,Addr 233,Delhi ,Maharashtra,India,560001,27/04/2015,,11,1.65,,full time,Hybrid,AB+,2026-07-27 20:13:05,unknown
1234,Rahul,Mehta,Rahul Mehta,25,Female,HR,Manager,108480,18816.0,@@gmail.com,9544518952,,Addr 234, Mumbai,Maharashtra,India,123,2018.04.09,,15,2.65,,Full Time,Remote,B+,2026-07-27 20:13:05,N/A
1235,Rohit,Singh,Rohit Singh,56,Female,it,Engineer,40013,5300.0,rohit.singh@example.com,12345,,Addr 235,Chennai,Maharashtra,India,123,2024-04-29,,3,1.89,,Contract,Remote,B+,2026-07-27 20:13:05,unknown
1236,Amit,Singh,Amit Singh,48,female,Information Technology,Engineer,0,2393.0,abc@,9108907140,,Addr 236,Delhi ,Maharashtra,India,411001,2016-06-17,,3,4.68,,Full Time,Onsite,B+,2026-07-27 20:13:05,N/A
1237,John,Joshi,John Joshi,38,Female,Sales,Analyst,95619,8924.0,abc.com,12345,,Addr 237,Kolkata,Maharashtra,India,411001,2015-04-30,,6,4.68,,Contract,Hybrid,O+,2026-07-27 20:13:05,none
1238,Amit,Das,Amit Das,32,F,Sales,Executive,97403,4697.0,@@gmail.com,9171827548,,Addr 238,Pune,Maharashtra,India,123,2032-01-01,,3,2.54,,full time,Onsite,O+,2026-07-27 20:13:05,?
1239,Neha,Kumar,Neha Kumar,48,male,Information Technology,Executive,78161,17110.0,neha.kumar@example.com,9678112669,,Addr 239,Chennai,Maharashtra,India,ABCDE,2019-07-27,,11,4.9,,full time,Remote,,2026-07-27 20:13:05,?
1240,Priya,Singh,Priya Singh,52,MALE,Finance,Executive,117382,14252.0,johngmail.com,12345,,Addr 240,Chennai,Maharashtra,India,ABCDE,2024-05-25,,3,3.95,,Full Time,Hybrid,A+,2026-07-27 20:13:05,N/A
1241,Vikram,Gupta,Vikram Gupta,40,Female,Information Technology,Engineer,98150,16270.0,abc@,9477848588,,Addr 241,Kolkata,Maharashtra,India,411001,2032-01-01,,3,2.53,,full time,Hybrid,AB+,2026-07-27 20:13:05,?
1242,Rahul,Sharma,Rahul Sharma,40,female,I.T.,Executive,70954,16972.0,rahul.sharma@example.com,,,Addr 242,Pune,Maharashtra,India,560001,2016.12.25,,15,3.36,,full time,Onsite,O+,2026-07-27 20:13:05,unknown
1243,Sneha,Sharma,Sneha Sharma,29,F,Sales,Analyst,106541,,@@gmail.com,12345,,Addr 243, Mumbai,Maharashtra,India,123,2015-04-26,,2,4.48,,Full Time,Hybrid,B+,2026-07-27 20:13:05,OK
1244,Rohit,Joshi,Rohit Joshi,48,Female,it,Executive,121220,1728.0,@@gmail.com,abcdefghij,,Addr 244,  Bangalore,Maharashtra,India,123,03/06/2015,,19,2.2,,full time,Remote,AB+,2026-07-27 20:13:05,OK
1245,Rohit,Singh,Rohit Singh,40,Female,Marketing,Manager,42053,19946.0,rohit.singh@example.com,abcdefghij,,Addr 245,Kolkata,Maharashtra,India,411001,2018.03.23,,16,4.22,,full time,Onsite,,2026-07-27 20:13:05,unknown
1246,Neha,Rao,Neha Rao,53,M,it,Manager,112292,7112.0,abc.com,,,Addr 246, Mumbai,Maharashtra,India,123,2032-01-01,,4,1.96,,Contract,Onsite,O+,2026-07-27 20:13:05,?
1247,Vikram,Joshi,Vikram Joshi,34,F,Marketing,Analyst,114678,8737.0,johngmail.com,,,Addr 247,  Bangalore,Maharashtra,India,560001,2024-04-23,,6,1.64,,Full Time,Remote,O+,2026-07-27 20:13:05,unknown
1248,John,Kumar,John Kumar,23,female,Operations,Engineer,147506,10764.0,john.kumar@example.com,9651623198,,Addr 248,Hyderabad,Maharashtra,India,123,2032-01-01,,2,1.95,,Full Time,Hybrid,O+,2026-07-27 20:13:05,none
1249,Sara,Rao,Sara Rao,36,M,HR,Manager,58063,15400.0,johngmail.com,999999999999999,,Addr 249,  Bangalore,Maharashtra,India,ABCDE,2024.01.14,,4,2.45,,Contract,Hybrid,O+,2026-07-27 20:13:05,OK
1250,John,Gupta,John Gupta,24,female,HR,Analyst,70536,12890.0,john.gupta@example.com,12345,,Addr 250,Delhi ,Maharashtra,India,ABCDE,23/05/2015,,14,3.53,,Contract,Hybrid,A+,2026-07-27 20:13:05,unknown
1251,Priya,Das,Priya Das,42,female,Marketing,Engineer,121551,3174.0,@@gmail.com,12345,,Addr 251,Pune,Maharashtra,India,560001,13/04/2020,,20,2.22,,Contract,Remote,A+,2026-07-27 20:13:05,N/A
1252,Neha,Kumar,Neha Kumar,29,F,Marketing,Analyst,144492,9541.0,abc@,999999999999999,,Addr 252,Kolkata,Maharashtra,India,ABCDE,2023-01-01,,0,4.69,,Contract,Onsite,B+,2026-07-27 20:13:05,OK
1253,Ananya,Singh,Ananya Singh,31,Male,Marketing,Executive,49562,13056.0,abc@,12345,,Addr 253, Mumbai,Maharashtra,India,123,2017.12.08,,15,2.53,,full time,Remote,,2026-07-27 20:13:05,N/A
1254,Arjun,Singh,Arjun Singh,30,Male,Finance,Analyst,89110,13112.0,abc.com,999999999999999,,Addr 254,Chennai,Maharashtra,India,123,2019-09-10,,3,3.23,,Full Time,Hybrid,B+,2026-07-27 20:13:05,?
1255,Sneha,Gupta,Sneha Gupta,59,female,IT,Engineer,111219,13933.0,@@gmail.com,abcdefghij,,Addr 255,  Bangalore,Maharashtra,India,ABCDE,2022-07-10,,10,3.84,,full time,Remote,O+,2026-07-27 20:13:05,OK
1256,Sneha,Sharma,Sneha Sharma,38,female,Sales,Executive,144941,9642.0,abc.com,12345,,Addr 256, Mumbai,Maharashtra,India,411001,07/06/2016,,5,1.14,,full time,Remote,AB+,2026-07-27 20:13:05,?
1257,Priya,Das,Priya Das,56,M,Operations,Executive,124340,5051.0,@@gmail.com,12345,,Addr 257,Hyderabad,Maharashtra,India,411001,17/06/2015,,13,4.68,,Full Time,Hybrid,A+,2026-07-27 20:13:05,unknown
1258,Rahul,Mehta,Rahul Mehta,28,M,Sales,Engineer,50155,,johngmail.com,abcdefghij,,Addr 258,Chennai,Maharashtra,India,ABCDE,22/08/2022,,1,4.21,,full time,Hybrid,A+,2026-07-27 20:13:05,OK
1259,Rohit,Gupta,Rohit Gupta,37,male,HR,Executive,141718,13730.0,johngmail.com,abcdefghij,,Addr 259,Chennai,Maharashtra,India,411001,2019.04.12,,16,1.8,,full time,Hybrid,AB+,2026-07-27 20:13:05,unknown
1260,Kiran,Gupta,Kiran Gupta,48,F,Sales,Manager,85838,17821.0,@@gmail.com,999999999999999,,Addr 260,Pune,Maharashtra,India,560001,2019.09.29,,4,4.94,,Contract,Hybrid,B+,2026-07-27 20:13:05,none
1261,Vikram,Mehta,Vikram Mehta,25,Male,it,Engineer,84135,19627.0,@@gmail.com,12345,,Addr 261,Kolkata,Maharashtra,India,560001,2021-05-17,,2,2.67,,Contract,Hybrid,O+,2026-07-27 20:13:05,none
1262,Sara,Das,Sara Das,60,F,Finance,Analyst,144208,7916.0,abc@,9194168006,,Addr 262,Pune,Maharashtra,India,ABCDE,2032-01-01,,14,3.77,,Contract,Onsite,,2026-07-27 20:13:05,?
1263,Arjun,Gupta,Arjun Gupta,44,female,Marketing,Analyst,47709,,arjun.gupta@example.com,12345,,Addr 263,Pune,Maharashtra,India,123,2032-01-01,,4,2.9,,Full Time,Remote,B+,2026-07-27 20:13:05,N/A
1264,Sara,Das,Sara Das,49,Female,HR,Manager,138717,2668.0,@@gmail.com,9016679984,,Addr 264,  Bangalore,Maharashtra,India,560001,2032-01-01,,16,3.36,,Contract,Onsite,AB+,2026-07-27 20:13:05,N/A
1265,Sara,Sharma,Sara Sharma,0,Female,Information Technology,Analyst,84675,4831.0,johngmail.com,abcdefghij,,Addr 265,  Bangalore,Maharashtra,India,ABCDE,03/12/2020,,18,4.64,,full time,Onsite,AB+,2026-07-27 20:13:05,N/A
1266,Arjun,Rao,Arjun Rao,44,F,Operations,Manager,67022,3824.0,johngmail.com,abcdefghij,,Addr 266, Mumbai,Maharashtra,India,ABCDE,2019-09-04,,0,2.44,,full time,Hybrid,B+,2026-07-27 20:13:05,N/A
1267,Rohit,Sharma,Rohit Sharma,48,Male,HR,Engineer,93748,12151.0,@@gmail.com,999999999999999,,Addr 267,Kolkata,Maharashtra,India,411001,2024-01-18,,19,3.44,,Full Time,Onsite,A+,2026-07-27 20:13:05,none
1268,Priya,Verma,Priya Verma,34,MALE,I.T.,Analyst,129872,4253.0,abc@,999999999999999,,Addr 268,Delhi ,Maharashtra,India,123,24/01/2022,,2,2.06,,Contract,Hybrid,O+,2026-07-27 20:13:05,N/A
1269,Amit,Kumar,Amit Kumar,29,F,Marketing,Executive,147711,17913.0,@@gmail.com,999999999999999,,Addr 269,Kolkata,Maharashtra,India,ABCDE,2032-01-01,,1,2.57,,Full Time,Onsite,B+,2026-07-27 20:13:05,none
1270,Rahul,Kumar,Rahul Kumar,56,F,Finance,Analyst,31035,18294.0,abc.com,999999999999999,,Addr 270,Kolkata,Maharashtra,India,ABCDE,2018.04.26,,2,1.15,,full time,Hybrid,B+,2026-07-27 20:13:05,none
1271,Rohit,Mehta,Rohit Mehta,56,MALE,it,Analyst,50975,,abc.com,abcdefghij,,Addr 271,Chennai,Maharashtra,India,123,2017-05-25,,1,4.03,,Full Time,Hybrid,O+,2026-07-27 20:13:05,none
1272,Sara,Sharma,Sara Sharma,36,F,it,Manager,67294,19768.0,abc@,999999999999999,,Addr 272,Pune,Maharashtra,India,ABCDE,2032-01-01,,13,1.33,,Full Time,Hybrid,B+,2026-07-27 20:13:05,?
1273,Neha,Das,Neha Das,54,M,it,Executive,106585,14874.0,johngmail.com,,,Addr 273,Kolkata,Maharashtra,India,411001,16/11/2015,,14,2.89,,Contract,Remote,,2026-07-27 20:13:05,unknown
1274,Priya,Gupta,Priya Gupta,28,MALE,Finance,Engineer,45432,13270.0,@@gmail.com,abcdefghij,,Addr 274, Mumbai,Maharashtra,India,ABCDE,2032-01-01,,0,1.49,,full time,Remote,A+,2026-07-27 20:13:05,?
1275,Ananya,Gupta,Ananya Gupta,42,F,Marketing,Executive,139272,5539.0,abc.com,999999999999999,,Addr 275, Mumbai,Maharashtra,India,560001,2018.06.22,,17,1.18,,Contract,Hybrid,O+,2026-07-27 20:13:05,OK
1276,Amit,Sharma,Amit Sharma,40,Female,Information Technology,Engineer,111094,2732.0,abc.com,abcdefghij,,Addr 276,Kolkata,Maharashtra,India,ABCDE,31/05/2021,,18,2.78,,Contract,Onsite,O+,2026-07-27 20:13:05,?
1277,Kiran,Sharma,Kiran Sharma,22,MALE,Marketing,Manager,142675,13517.0,@@gmail.com,9111824224,,Addr 277, Mumbai,Maharashtra,India,123,2032-01-01,,5,1.24,,full time,Remote,A+,2026-07-27 20:13:05,OK
1278,Arjun,Rao,Arjun Rao,47,MALE,Finance,Executive,147899,7637.0,abc@,9993788614,,Addr 278,Delhi ,Maharashtra,India,560001,2032-01-01,,2,2.94,,full time,Onsite,B+,2026-07-27 20:13:05,OK
1279,Arjun,Kumar,Arjun Kumar,36,F,it,Manager,83313,17398.0,abc@,9258238687,,Addr 279,Pune,Maharashtra,India,560001,2021.07.28,,20,4.89,,Full Time,Remote,AB+,2026-07-27 20:13:05,unknown
1280,Kiran,Mehta,Kiran Mehta,43,F,HR,Analyst,126886,3291.0,@@gmail.com,,,Addr 280,Kolkata,Maharashtra,India,123,2024.05.31,,20,2.05,,Contract,Hybrid,O+,2026-07-27 20:13:05,N/A
1281,John,Joshi,John Joshi,59,MALE,IT,Manager,30268,1140.0,john.joshi@example.com,9268768118,,Addr 281,Kolkata,Maharashtra,India,560001,2018-10-31,,11,4.89,,full time,Onsite,O+,2026-07-27 20:13:05,?
1282,Amit,Sharma,Amit Sharma,33,M,IT,Manager,129407,12725.0,abc@,999999999999999,,Addr 282,Chennai,Maharashtra,India,ABCDE,2016-05-26,,6,4.94,,Contract,Hybrid,A+,2026-07-27 20:13:05,unknown
1283,Kiran,Kumar,Kiran Kumar,33,female,I.T.,Engineer,127776,,@@gmail.com,,,Addr 283,  Bangalore,Maharashtra,India,411001,2032-01-01,,20,3.69,,Contract,Remote,O+,2026-07-27 20:13:05,?
1284,Vikram,Mehta,Vikram Mehta,50,M,Sales,Engineer,59431,,johngmail.com,9875063519,,Addr 284,Chennai,Maharashtra,India,ABCDE,2032-01-01,,2,4.67,,Full Time,Remote,O+,2026-07-27 20:13:05,unknown
1285,Priya,Patel,Priya Patel,22,Female,Sales,Analyst,92072,12167.0,priya.patel@example.com,,,Addr 285,Pune,Maharashtra,India,411001,2015-04-25,,1,2.51,,Contract,Remote,B+,2026-07-27 20:13:05,OK
1286,Ananya,Sharma,Ananya Sharma,48,Male,Information Technology,Engineer,68655,14162.0,ananya.sharma@example.com,999999999999999,,Addr 286,Hyderabad,Maharashtra,India,411001,2018.05.19,,20,4.75,,Full Time,Hybrid,,2026-07-27 20:13:05,unknown
1287,Kiran,Singh,Kiran Singh,59,female,Information Technology,Manager,46512,9397.0,@@gmail.com,12345,,Addr 287,Delhi ,Maharashtra,India,560001,2016.03.18,,9,3.33,,Contract,Remote,B+,2026-07-27 20:13:05,?
1288,Arjun,Gupta,Arjun Gupta,21,Female,I.T.,Engineer,137372,2789.0,johngmail.com,,,Addr 288,Chennai,Maharashtra,India,123,2018.11.05,,19,2.2,,full time,Remote,A+,2026-07-27 20:13:05,?
1289,Rahul,Das,Rahul Das,35,female,HR,Executive,61328,11863.0,johngmail.com,,,Addr 289,Pune,Maharashtra,India,ABCDE,2017.06.17,,14,1.78,,Contract,Hybrid,A+,2026-07-27 20:13:05,OK
1290,Neha,Singh,Neha Singh,37,female,I.T.,Analyst,62239,1704.0,abc@,999999999999999,,Addr 290, Mumbai,Maharashtra,India,123,2018.03.09,,5,4.76,,Contract,Hybrid,A+,2026-07-27 20:13:05,OK
1291,Amit,Verma,Amit Verma,55,M,Sales,Analyst,113380,2513.0,abc.com,12345,,Addr 291,Kolkata,Maharashtra,India,560001,30/11/2023,,2,4.14,,Contract,Onsite,A+,2026-07-27 20:13:05,N/A
1292,Rohit,Rao,Rohit Rao,53,MALE,Operations,Executive,123387,16836.0,johngmail.com,999999999999999,,Addr 292,Kolkata,Maharashtra,India,ABCDE,2032-01-01,,6,2.22,,full time,Onsite,B+,2026-07-27 20:13:05,unknown
1293,Arjun,Kumar,Arjun Kumar,26,MALE,Operations,Analyst,35392,12022.0,johngmail.com,9776657546,,Addr 293, Mumbai,Maharashtra,India,560001,14/12/2015,,8,3.58,,full time,Remote,O+,2026-07-27 20:13:05,none
1294,Rohit,Kumar,Rohit Kumar,38,male,Information Technology,Engineer,35017,11936.0,abc@,9544439284,,Addr 294,Kolkata,Maharashtra,India,123,2022.03.21,,11,4.13,,full time,Hybrid,,2026-07-27 20:13:05,OK
1295,Ananya,Kumar,Ananya Kumar,46,male,HR,Manager,97610,19108.0,johngmail.com,999999999999999,,Addr 295,Kolkata,Maharashtra,India,411001,2023.07.15,,4,3.31,,Full Time,Hybrid,A+,2026-07-27 20:13:05,?
1296,John,Joshi,John Joshi,48,female,Marketing,Analyst,33046,2055.0,abc@,999999999999999,,Addr 296,Pune,Maharashtra,India,560001,23/10/2018,,15,1.43,,Contract,Hybrid,O+,2026-07-27 20:13:05,OK
1297,Amit,Patel,Amit Patel,23,F,Operations,Engineer,39108,13644.0,@@gmail.com,9334817058,,Addr 297, Mumbai,Maharashtra,India,123,2032-01-01,,12,1.63,,Full Time,Remote,,2026-07-27 20:13:05,?
1298,Ananya,Patel,Ananya Patel,34,male,HR,Analyst,123018,6202.0,abc.com,12345,,Addr 298,  Bangalore,Maharashtra,India,411001,2032-01-01,,19,4.23,,Contract,Hybrid,,2026-07-27 20:13:05,?
1299,Ananya,Das,Ananya Das,26,MALE,Operations,Analyst,123277,13815.0,abc.com,,,Addr 299,Pune,Maharashtra,India,560001,2021-06-17,,7,4.54,,Full Time,Hybrid,,2026-07-27 20:13:05,unknown
1300,John,Patel,John Patel,34,M,Marketing,Engineer,40031,17528.0,@@gmail.com,9672438070,,Addr 300,Chennai,Maharashtra,India,560001,2032-01-01,,10,3.98,,Full Time,Hybrid,A+,2026-07-27 20:13:05,OK
1301,Arjun,Patel,Arjun Patel,41,female,Operations,Executive,40819,8939.0,johngmail.com,abcdefghij,,Addr 301,Pune,Maharashtra,India,560001,14/12/2022,,2,3.69,,Full Time,Onsite,O+,2026-07-27 20:13:05,N/A
1302,Ananya,Joshi,Ananya Joshi,23,female,it,Manager,36259,18133.0,ananya.joshi@example.com,12345,,Addr 302,Delhi ,Maharashtra,India,ABCDE,29/12/2016,,2,1.06,,Full Time,Remote,O+,2026-07-27 20:13:05,N/A
1303,John,Patel,John Patel,27,F,I.T.,Manager,97174,11719.0,@@gmail.com,12345,,Addr 303,Pune,Maharashtra,India,123,2017.06.22,,5,1.06,,Contract,Hybrid,A+,2026-07-27 20:13:05,?
1304,Neha,Das,Neha Das,38,female,Sales,Engineer,58647,17370.0,neha.das@example.com,abcdefghij,,Addr 304, Mumbai,Maharashtra,India,123,2032-01-01,,2,2.34,,Contract,Onsite,AB+,2026-07-27 20:13:05,?
1305,Rohit,Singh,Rohit Singh,21,male,IT,Engineer,126719,8980.0,abc.com,12345,,Addr 305,Chennai,Maharashtra,India,411001,24/08/2020,,19,4.95,,full time,Onsite,O+,2026-07-27 20:13:05,N/A
1306,Arjun,Joshi,Arjun Joshi,23,Female,Marketing,Analyst,60016,11855.0,@@gmail.com,abcdefghij,,Addr 306, Mumbai,Maharashtra,India,560001,2022-03-21,,2,4.48,,Full Time,Remote,A+,2026-07-27 20:13:05,N/A
1307,Neha,Verma,Neha Verma,56,F,HR,Manager,85868,11206.0,abc@,999999999999999,,Addr 307,Chennai,Maharashtra,India,ABCDE,2016.01.11,,15,1.32,,full time,Hybrid,AB+,2026-07-27 20:13:05,N/A
1308,Ananya,Das,Ananya Das,48,F,I.T.,Executive,0,3727.0,@@gmail.com,999999999999999,,Addr 308,Delhi ,Maharashtra,India,560001,2032-01-01,,2,2.33,,Contract,Hybrid,B+,2026-07-27 20:13:05,N/A
1309,Neha,Sharma,Neha Sharma,44,M,Marketing,Executive,127280,17041.0,@@gmail.com,999999999999999,,Addr 309,Delhi ,Maharashtra,India,123,2032-01-01,,20,3.75,,Contract,Remote,AB+,2026-07-27 20:13:05,?
1310,Sara,Singh,Sara Singh,44,female,IT,Manager,89699,5828.0,@@gmail.com,,,Addr 310,Pune,Maharashtra,India,ABCDE,2032-01-01,,5,4.32,,full time,Onsite,O+,2026-07-27 20:13:05,none
1311,Rohit,Rao,Rohit Rao,47,F,Information Technology,Engineer,131802,5676.0,@@gmail.com,999999999999999,,Addr 311,Hyderabad,Maharashtra,India,560001,2021.07.28,,13,1.68,,full time,Remote,B+,2026-07-27 20:13:05,N/A
1312,Ananya,Verma,Ananya Verma,49,Female,HR,Manager,128292,7287.0,@@gmail.com,9679121416,,Addr 312,Delhi ,Maharashtra,India,411001,2020.08.20,,0,3.34,,full time,Hybrid,A+,2026-07-27 20:13:05,OK
1313,Rahul,Mehta,Rahul Mehta,58,F,IT,Engineer,133781,,abc.com,abcdefghij,,Addr 313,Delhi ,Maharashtra,India,ABCDE,2023.06.07,,12,2.51,,Full Time,Hybrid,O+,2026-07-27 20:13:05,OK
1314,Rahul,Das,Rahul Das,29,Male,Information Technology,Analyst,128492,13072.0,johngmail.com,9978630505,,Addr 314,Kolkata,Maharashtra,India,123,2032-01-01,,7,3.43,,full time,Onsite,,2026-07-27 20:13:05,OK
1315,Sneha,Rao,Sneha Rao,27,female,Marketing,Analyst,123315,18041.0,abc.com,999999999999999,,Addr 315,Pune,Maharashtra,India,560001,04/05/2020,,7,1.85,,Contract,Onsite,A+,2026-07-27 20:13:05,OK
1316,Vikram,Sharma,Vikram Sharma,41,M,Finance,Manager,117285,5033.0,abc@,999999999999999,,Addr 316,Chennai,Maharashtra,India,560001,2032-01-01,,7,1.89,,Full Time,Hybrid,A+,2026-07-27 20:13:05,OK
1317,Priya,Joshi,Priya Joshi,33,female,Information Technology,Analyst,71074,19904.0,priya.joshi@example.com,12345,,Addr 317,Hyderabad,Maharashtra,India,ABCDE,2023-04-22,,12,1.04,,full time,Hybrid,B+,2026-07-27 20:13:05,unknown
1318,Neha,Das,Neha Das,59,MALE,I.T.,Engineer,70487,5045.0,@@gmail.com,12345,,Addr 318,Kolkata,Maharashtra,India,ABCDE,2022-08-17,,5,4.43,,Contract,Hybrid,O+,2026-07-27 20:13:05,N/A
1319,Rahul,Kumar,Rahul Kumar,51,MALE,Marketing,Executive,125257,7392.0,abc.com,,,Addr 319, Mumbai,Maharashtra,India,560001,2032-01-01,,9,4.59,,Full Time,Remote,B+,2026-07-27 20:13:05,OK
1320,Sneha,Gupta,Sneha Gupta,30,M,Marketing,Manager,42589,16527.0,abc@,9018596263,,Addr 320,Pune,Maharashtra,India,ABCDE,2032-01-01,,15,2.21,,Contract,Remote,AB+,2026-07-27 20:13:05,OK
1321,Ananya,Rao,Ananya Rao,49,MALE,IT,Engineer,45997,17703.0,abc@,999999999999999,,Addr 321,  Bangalore,Maharashtra,India,560001,2018.02.01,,18,1.5,,full time,Remote,,2026-07-27 20:13:05,N/A
1322,Vikram,Sharma,Vikram Sharma,55,F,it,Executive,139726,5066.0,abc@,9129208751,,Addr 322, Mumbai,Maharashtra,India,ABCDE,01/06/2019,,2,3.25,,Full Time,Remote,A+,2026-07-27 20:13:05,none
1323,Arjun,Joshi,Arjun Joshi,21,male,Finance,Engineer,98084,10614.0,abc.com,,,Addr 323, Mumbai,Maharashtra,India,411001,2021-02-07,,7,1.15,,Full Time,Hybrid,B+,2026-07-27 20:13:05,N/A
1324,Kiran,Kumar,Kiran Kumar,38,male,Marketing,Engineer,64167,6351.0,johngmail.com,12345,,Addr 324,Chennai,Maharashtra,India,123,03/06/2017,,13,4.29,,full time,Hybrid,AB+,2026-07-27 20:13:05,OK
1325,Kiran,Singh,Kiran Singh,55,Male,it,Executive,113909,11928.0,@@gmail.com,9234016361,,Addr 325, Mumbai,Maharashtra,India,123,2032-01-01,,3,3.12,,Contract,Onsite,O+,2026-07-27 20:13:05,none
1326,Arjun,Gupta,Arjun Gupta,31,MALE,Marketing,Manager,127163,18422.0,abc.com,12345,,Addr 326, Mumbai,Maharashtra,India,560001,2016.02.10,,1,4.67,,Contract,Hybrid,B+,2026-07-27 20:13:05,none
1327,Vikram,Das,Vikram Das,43,F,Operations,Analyst,86068,8496.0,@@gmail.com,12345,,Addr 327,Hyderabad,Maharashtra,India,411001,2017-01-19,,9,3.22,,full time,Remote,AB+,2026-07-27 20:13:05,none
1328,Sara,Verma,Sara Verma,55,female,Information Technology,Executive,-50000,1238.0,johngmail.com,,,Addr 328, Mumbai,Maharashtra,India,ABCDE,2020-05-18,,11,4.36,,Contract,Hybrid,A+,2026-07-27 20:13:05,?
1329,Ananya,Rao,Ananya Rao,28,MALE,HR,Engineer,93324,7981.0,ananya.rao@example.com,9963480797,,Addr 329,Delhi ,Maharashtra,India,411001,2032-01-01,,10,2.19,,Full Time,Remote,O+,2026-07-27 20:13:05,N/A
1330,Vikram,Joshi,Vikram Joshi,52,male,Information Technology,Manager,149683,6099.0,@@gmail.com,abcdefghij,,Addr 330,Pune,Maharashtra,India,560001,2032-01-01,,5,1.56,,Contract,Hybrid,A+,2026-07-27 20:13:05,unknown
1331,Sara,Singh,Sara Singh,23,male,Marketing,Executive,148095,,abc@,999999999999999,,Addr 331,Hyderabad,Maharashtra,India,560001,29/03/2016,,3,4.83,,Full Time,Remote,B+,2026-07-27 20:13:05,unknown
1332,Rohit,Sharma,Rohit Sharma,24,female,Sales,Executive,126656,,johngmail.com,12345,,Addr 332, Mumbai,Maharashtra,India,123,2023-08-10,,8,4.98,,Full Time,Onsite,AB+,2026-07-27 20:13:05,N/A
1333,Ananya,Patel,Ananya Patel,60,male,HR,Manager,47340,9973.0,abc@,,,Addr 333,Delhi ,Maharashtra,India,ABCDE,11/11/2022,,10,2.7,,Full Time,Onsite,AB+,2026-07-27 20:13:05,OK
1334,Arjun,Patel,Arjun Patel,43,female,Marketing,Manager,36233,1017.0,arjun.patel@example.com,abcdefghij,,Addr 334,  Bangalore,Maharashtra,India,123,2018.01.07,,9,1.45,,Contract,Remote,,2026-07-27 20:13:05,N/A
1335,Sneha,Joshi,Sneha Joshi,58,Female,Sales,Manager,57529,3858.0,sneha.joshi@example.com,9291093371,,Addr 335,Hyderabad,Maharashtra,India,123,2023.04.25,,15,4.96,,Full Time,Onsite,B+,2026-07-27 20:13:05,OK
1336,Amit,Singh,Amit Singh,37,F,it,Analyst,88783,4847.0,johngmail.com,12345,,Addr 336,Delhi ,Maharashtra,India,411001,2019-09-09,,6,3.96,,full time,Hybrid,,2026-07-27 20:13:05,none
1337,Priya,Verma,Priya Verma,45,Female,Marketing,Executive,57122,6242.0,abc.com,12345,,Addr 337,Delhi ,Maharashtra,India,123,2019-11-29,,5,1.9,,Contract,Remote,O+,2026-07-27 20:13:05,OK
1338,John,Verma,John Verma,38,F,IT,Manager,57521,1045.0,@@gmail.com,abcdefghij,,Addr 338,Delhi ,Maharashtra,India,411001,2018-02-11,,11,1.88,,full time,Remote,O+,2026-07-27 20:13:05,OK
1339,Rohit,Gupta,Rohit Gupta,45,female,Finance,Manager,58919,7682.0,abc.com,999999999999999,,Addr 339, Mumbai,Maharashtra,India,560001,11/03/2016,,5,1.76,,full time,Onsite,B+,2026-07-27 20:13:05,unknown
1340,Rahul,Mehta,Rahul Mehta,46,female,HR,Engineer,85888,14189.0,rahul.mehta@example.com,9820916601,,Addr 340,Kolkata,Maharashtra,India,411001,29/10/2016,,7,4.08,,full time,Remote,,2026-07-27 20:13:05,OK
1341,Rahul,Patel,Rahul Patel,42,F,Information Technology,Manager,129571,15559.0,abc@,9457230848,,Addr 341,Pune,Maharashtra,India,411001,2021-01-30,,17,2.19,,Contract,Hybrid,B+,2026-07-27 20:13:05,OK
1342,Neha,Sharma,Neha Sharma,30,MALE,Finance,Manager,119707,4683.0,johngmail.com,9213145195,,Addr 342,Delhi ,Maharashtra,India,411001,2017-07-17,,19,1.6,,full time,Onsite,O+,2026-07-27 20:13:05,none
1343,Amit,Rao,Amit Rao,40,Female,Finance,Analyst,65532,13095.0,@@gmail.com,9102252677,,Addr 343,Pune,Maharashtra,India,560001,2016.09.07,,4,1.36,,Full Time,Remote,AB+,2026-07-27 20:13:05,unknown
1344,Sneha,Das,Sneha Das,47,Female,Sales,Manager,115715,13556.0,johngmail.com,9878878836,,Addr 344,Hyderabad,Maharashtra,India,560001,03/10/2019,,2,1.94,,Full Time,Remote,A+,2026-07-27 20:13:05,unknown
1345,Rohit,Das,Rohit Das,24,MALE,Sales,Manager,48892,19071.0,johngmail.com,999999999999999,,Addr 345,Delhi ,Maharashtra,India,411001,2016-07-01,,18,1.3,,Contract,Remote,A+,2026-07-27 20:13:05,N/A
1346,Sneha,Verma,Sneha Verma,21,Female,Marketing,Manager,91573,18283.0,@@gmail.com,9765704120,,Addr 346,Hyderabad,Maharashtra,India,ABCDE,20/11/2015,,0,2.59,,full time,Onsite,AB+,2026-07-27 20:13:05,none
1347,Sara,Mehta,Sara Mehta,35,M,I.T.,Analyst,98354,5100.0,abc@,999999999999999,,Addr 347,  Bangalore,Maharashtra,India,123,2032-01-01,,12,1.66,,full time,Onsite,AB+,2026-07-27 20:13:05,N/A
1348,Arjun,Patel,Arjun Patel,59,F,Sales,Engineer,51333,3140.0,abc@,9904383034,,Addr 348,Hyderabad,Maharashtra,India,411001,2032-01-01,,1,1.19,,Full Time,Hybrid,A+,2026-07-27 20:13:05,unknown
1349,Arjun,Rao,Arjun Rao,46,female,Sales,Manager,42763,17501.0,arjun.rao@example.com,12345,,Addr 349, Mumbai,Maharashtra,India,560001,2020-08-10,,20,1.37,,Contract,Remote,B+,2026-07-27 20:13:05,N/A
1350,Sara,Verma,Sara Verma,59,female,it,Analyst,47196,12806.0,abc.com,,,Addr 350,Chennai,Maharashtra,India,560001,2020-08-16,,0,1.57,,full time,Onsite,A+,2026-07-27 20:13:05,?
1351,Priya,Das,Priya Das,39,male,Information Technology,Analyst,76316,6871.0,johngmail.com,abcdefghij,,Addr 351,Kolkata,Maharashtra,India,123,2032-01-01,,13,4.43,,Contract,Remote,AB+,2026-07-27 20:13:05,unknown
1352,Rohit,Gupta,Rohit Gupta,47,Female,Operations,Analyst,119463,,rohit.gupta@example.com,999999999999999,,Addr 352,Kolkata,Maharashtra,India,411001,08/07/2018,,12,4.5,,Contract,Remote,O+,2026-07-27 20:13:05,?
1353,Ananya,Kumar,Ananya Kumar,26,male,Information Technology,Executive,56145,3112.0,@@gmail.com,,,Addr 353, Mumbai,Maharashtra,India,560001,05/03/2024,,20,1.85,,Contract,Remote,,2026-07-27 20:13:05,?
1354,Rahul,Joshi,Rahul Joshi,51,male,IT,Manager,129433,9842.0,@@gmail.com,999999999999999,,Addr 354,Hyderabad,Maharashtra,India,ABCDE,2023.11.09,,5,4.32,,Full Time,Hybrid,O+,2026-07-27 20:13:05,unknown
1355,Amit,Singh,Amit Singh,51,M,it,Manager,87250,19688.0,johngmail.com,abcdefghij,,Addr 355,Pune,Maharashtra,India,ABCDE,2032-01-01,,4,3.0,,full time,Remote,AB+,2026-07-27 20:13:05,unknown
1356,Rohit,Sharma,Rohit Sharma,29,female,Operations,Engineer,127741,14768.0,abc.com,abcdefghij,,Addr 356,Kolkata,Maharashtra,India,123,2020-01-20,,9,4.59,,Contract,Remote,AB+,2026-07-27 20:13:05,?
1357,Vikram,Rao,Vikram Rao,55,M,it,Analyst,53044,13226.0,abc@,,,Addr 357,Kolkata,Maharashtra,India,411001,2018-12-11,,3,1.36,,Full Time,Onsite,AB+,2026-07-27 20:13:05,OK
1358,Ananya,Gupta,Ananya Gupta,49,Female,IT,Analyst,57770,15897.0,abc.com,9613715766,,Addr 358,Delhi ,Maharashtra,India,ABCDE,2021.02.09,,8,4.52,,full time,Hybrid,AB+,2026-07-27 20:13:05,N/A
1359,Rahul,Rao,Rahul Rao,0,F,it,Analyst,104997,8924.0,abc.com,12345,,Addr 359,  Bangalore,Maharashtra,India,123,14/05/2015,,13,1.92,,Contract,Remote,,2026-07-27 20:13:05,OK
1360,John,Gupta,John Gupta,37,F,it,Manager,56707,1840.0,johngmail.com,9092098196,,Addr 360,Chennai,Maharashtra,India,ABCDE,2032-01-01,,20,3.53,,full time,Remote,B+,2026-07-27 20:13:05,N/A
1361,Arjun,Singh,Arjun Singh,45,F,Finance,Engineer,48844,19984.0,arjun.singh@example.com,9179112442,,Addr 361,Pune,Maharashtra,India,560001,2021.01.02,,6,2.56,,full time,Remote,AB+,2026-07-27 20:13:05,OK
1362,Ananya,Patel,Ananya Patel,45,MALE,Operations,Manager,31329,19589.0,abc.com,12345,,Addr 362,Hyderabad,Maharashtra,India,123,2017-05-11,,6,3.42,,Contract,Remote,,2026-07-27 20:13:05,none
1363,Amit,Singh,Amit Singh,34,Male,Sales,Manager,125386,5147.0,@@gmail.com,999999999999999,,Addr 363,Hyderabad,Maharashtra,India,560001,03/02/2019,,8,1.69,,Contract,Onsite,O+,2026-07-27 20:13:05,?
1364,Priya,Gupta,Priya Gupta,40,male,HR,Executive,88478,9902.0,@@gmail.com,9919663955,,Addr 364,  Bangalore,Maharashtra,India,ABCDE,2023-11-23,,16,2.01,,full time,Hybrid,,2026-07-27 20:13:05,none
1365,Sneha,Rao,Sneha Rao,41,M,I.T.,Analyst,58204,13188.0,abc@,abcdefghij,,Addr 365, Mumbai,Maharashtra,India,411001,2032-01-01,,9,3.41,,Contract,Remote,A+,2026-07-27 20:13:05,none
1366,Arjun,Gupta,Arjun Gupta,25,Female,Marketing,Executive,71958,2627.0,johngmail.com,abcdefghij,,Addr 366,Hyderabad,Maharashtra,India,560001,21/01/2024,,18,1.09,,Full Time,Onsite,,2026-07-27 20:13:05,OK
1367,Ananya,Mehta,Ananya Mehta,46,Male,it,Engineer,32132,,ananya.mehta@example.com,999999999999999,,Addr 367,Hyderabad,Maharashtra,India,411001,2032-01-01,,9,3.79,,full time,Hybrid,A+,2026-07-27 20:13:05,unknown
1368,Kiran,Patel,Kiran Patel,21,male,Information Technology,Analyst,124929,6576.0,kiran.patel@example.com,abcdefghij,,Addr 368,Pune,Maharashtra,India,123,2015.04.30,,19,4.17,,full time,Hybrid,B+,2026-07-27 20:13:05,N/A
1369,Kiran,Das,Kiran Das,30,F,Marketing,Executive,98388,19936.0,johngmail.com,abcdefghij,,Addr 369,Hyderabad,Maharashtra,India,ABCDE,06/05/2016,,2,1.3,,full time,Remote,B+,2026-07-27 20:13:05,OK
1370,John,Singh,John Singh,33,M,Information Technology,Analyst,107401,17840.0,@@gmail.com,999999999999999,,Addr 370,Kolkata,Maharashtra,India,ABCDE,2032-01-01,,6,1.27,,full time,Remote,O+,2026-07-27 20:13:05,none
1371,John,Patel,John Patel,27,female,Information Technology,Manager,0,1936.0,johngmail.com,12345,,Addr 371, Mumbai,Maharashtra,India,560001,2032-01-01,,16,2.33,,full time,Hybrid,O+,2026-07-27 20:13:05,OK
1372,Rahul,Rao,Rahul Rao,33,MALE,HR,Executive,66166,17174.0,abc.com,,,Addr 372,Delhi ,Maharashtra,India,ABCDE,2023-03-18,,17,1.4,,Full Time,Onsite,AB+,2026-07-27 20:13:05,?
1373,Vikram,Patel,Vikram Patel,38,M,HR,Manager,75564,10436.0,vikram.patel@example.com,9128974325,,Addr 373, Mumbai,Maharashtra,India,ABCDE,2017.06.19,,14,1.57,,Full Time,Onsite,AB+,2026-07-27 20:13:05,?
1374,Sneha,Sharma,Sneha Sharma,25,male,IT,Analyst,106435,,abc@,12345,,Addr 374,Kolkata,Maharashtra,India,ABCDE,2016-12-28,,3,2.22,,Contract,Hybrid,AB+,2026-07-27 20:13:05,?
1375,Sara,Joshi,Sara Joshi,52,MALE,Sales,Executive,0,11935.0,abc.com,12345,,Addr 375,Delhi ,Maharashtra,India,560001,2021-02-13,,7,3.31,,Contract,Hybrid,O+,2026-07-27 20:13:05,N/A
1376,Sara,Patel,Sara Patel,45,female,Information Technology,Analyst,118971,15721.0,abc.com,12345,,Addr 376,Pune,Maharashtra,India,123,2017-03-04,,13,4.18,,Contract,Hybrid,O+,2026-07-27 20:13:05,OK
1377,Rahul,Das,Rahul Das,30,Female,Finance,Manager,67782,,@@gmail.com,abcdefghij,,Addr 377,Pune,Maharashtra,India,560001,2022.09.08,,0,1.2,,Full Time,Hybrid,O+,2026-07-27 20:13:05,none
1378,John,Kumar,John Kumar,38,male,HR,Executive,40579,2053.0,johngmail.com,abcdefghij,,Addr 378, Mumbai,Maharashtra,India,560001,2016.09.27,,18,1.56,,Full Time,Hybrid,B+,2026-07-27 20:13:05,?
1379,Rohit,Singh,Rohit Singh,40,Female,Operations,Manager,144808,4147.0,abc@,999999999999999,,Addr 379,  Bangalore,Maharashtra,India,560001,2018-05-18,,17,1.11,,full time,Remote,B+,2026-07-27 20:13:05,none
1380,Arjun,Singh,Arjun Singh,29,Female,it,Analyst,140769,14203.0,arjun.singh@example.com,,,Addr 380,Pune,Maharashtra,India,123,2032-01-01,,10,4.46,,Full Time,Onsite,,2026-07-27 20:13:05,none
1381,Sara,Sharma,Sara Sharma,30,Female,Operations,Manager,118562,6071.0,@@gmail.com,,,Addr 381,Pune,Maharashtra,India,411001,13/11/2022,,6,1.41,,Full Time,Onsite,AB+,2026-07-27 20:13:05,?
1382,Rahul,Patel,Rahul Patel,32,F,HR,Analyst,119302,5036.0,johngmail.com,999999999999999,,Addr 382,  Bangalore,Maharashtra,India,123,2018.05.13,,3,4.84,,full time,Hybrid,O+,2026-07-27 20:13:05,?
1383,Vikram,Patel,Vikram Patel,48,male,IT,Analyst,103952,10920.0,vikram.patel@example.com,12345,,Addr 383,Delhi ,Maharashtra,India,ABCDE,2020.03.15,,16,2.56,,Full Time,Remote,B+,2026-07-27 20:13:05,unknown
1384,John,Gupta,John Gupta,29,MALE,Finance,Executive,140012,13337.0,johngmail.com,,,Addr 384,Delhi ,Maharashtra,India,560001,2018-10-21,,1,1.12,,Contract,Remote,B+,2026-07-27 20:13:05,OK
1385,John,Patel,John Patel,51,MALE,HR,Manager,145442,13585.0,johngmail.com,,,Addr 385,Chennai,Maharashtra,India,411001,07/08/2020,,10,1.43,,full time,Hybrid,B+,2026-07-27 20:13:05,none
1386,Rohit,Singh,Rohit Singh,49,female,Finance,Manager,51245,18318.0,abc@,999999999999999,,Addr 386,Hyderabad,Maharashtra,India,411001,2017.03.12,,5,3.73,,Contract,Onsite,,2026-07-27 20:13:05,?
1387,Neha,Singh,Neha Singh,53,MALE,Sales,Manager,87524,13324.0,neha.singh@example.com,9912841173,,Addr 387,Hyderabad,Maharashtra,India,123,2021-05-25,,7,4.29,,full time,Hybrid,AB+,2026-07-27 20:13:05,unknown
1388,Priya,Verma,Priya Verma,57,male,it,Analyst,37424,4633.0,abc.com,9740056435,,Addr 388, Mumbai,Maharashtra,India,ABCDE,2018.03.25,,1,1.94,,Full Time,Onsite,,2026-07-27 20:13:05,OK
1389,Sneha,Patel,Sneha Patel,60,Male,it,Executive,65456,4409.0,sneha.patel@example.com,9783567430,,Addr 389,Pune,Maharashtra,India,ABCDE,2032-01-01,,0,3.21,,Full Time,Hybrid,AB+,2026-07-27 20:13:05,N/A
1390,Vikram,Rao,Vikram Rao,49,Male,Sales,Analyst,87216,8804.0,abc@,12345,,Addr 390,Kolkata,Maharashtra,India,411001,2021-02-28,,1,1.51,,Full Time,Hybrid,A+,2026-07-27 20:13:05,unknown
1391,Sneha,Gupta,Sneha Gupta,39,male,Marketing,Executive,116060,,@@gmail.com,abcdefghij,,Addr 391,Kolkata,Maharashtra,India,ABCDE,2022.05.07,,10,3.79,,Contract,Remote,A+,2026-07-27 20:13:05,unknown
1392,Vikram,Gupta,Vikram Gupta,34,male,it,Manager,102478,13202.0,abc@,abcdefghij,,Addr 392,Hyderabad,Maharashtra,India,560001,2020.06.14,,2,1.24,,Contract,Hybrid,AB+,2026-07-27 20:13:05,OK
1393,Vikram,Rao,Vikram Rao,34,M,I.T.,Executive,116560,18745.0,@@gmail.com,999999999999999,,Addr 393,Kolkata,Maharashtra,India,560001,2019-12-24,,3,3.21,,Contract,Onsite,O+,2026-07-27 20:13:05,none
1394,Ananya,Rao,Ananya Rao,54,MALE,I.T.,Executive,61224,1497.0,@@gmail.com,,,Addr 394,Delhi ,Maharashtra,India,123,2021.06.03,,8,4.13,,Contract,Remote,A+,2026-07-27 20:13:05,unknown
1395,Kiran,Joshi,Kiran Joshi,32,M,Operations,Engineer,91137,,@@gmail.com,,,Addr 395,Delhi ,Maharashtra,India,411001,2032-01-01,,5,2.03,,full time,Hybrid,AB+,2026-07-27 20:13:05,N/A
1396,Neha,Verma,Neha Verma,24,male,Information Technology,Engineer,96416,11398.0,neha.verma@example.com,,,Addr 396, Mumbai,Maharashtra,India,123,2016-08-24,,2,3.03,,Full Time,Onsite,A+,2026-07-27 20:13:05,N/A
1397,Neha,Joshi,Neha Joshi,47,Male,Marketing,Analyst,72800,12805.0,@@gmail.com,abcdefghij,,Addr 397, Mumbai,Maharashtra,India,411001,2021-05-25,,19,1.85,,full time,Onsite,,2026-07-27 20:13:05,none
1398,Sara,Joshi,Sara Joshi,58,Male,I.T.,Executive,115093,,sara.joshi@example.com,9398986818,,Addr 398,Hyderabad,Maharashtra,India,560001,2032-01-01,,10,2.08,,Contract,Hybrid,B+,2026-07-27 20:13:05,unknown
1399,Neha,Joshi,Neha Joshi,28,female,HR,Executive,145373,3611.0,@@gmail.com,12345,,Addr 399,Hyderabad,Maharashtra,India,ABCDE,03/08/2017,,13,3.7,,Contract,Remote,,2026-07-27 20:13:05,unknown
1400,Arjun,Joshi,Arjun Joshi,47,M,it,Manager,112920,7491.0,abc@,12345,,Addr 400,Kolkata,Maharashtra,India,411001,2032-01-01,,0,3.76,,Full Time,Remote,,2026-07-27 20:13:05,none
1401,Vikram,Rao,Vikram Rao,56,male,Finance,Engineer,138097,4531.0,vikram.rao@example.com,12345,,Addr 401,Chennai,Maharashtra,India,411001,22/12/2018,,0,3.37,,full time,Onsite,AB+,2026-07-27 20:13:05,?
1402,Sneha,Das,Sneha Das,58,MALE,Information Technology,Manager,74710,,abc.com,12345,,Addr 402,Pune,Maharashtra,India,ABCDE,2032-01-01,,16,2.11,,Contract,Hybrid,A+,2026-07-27 20:13:05,unknown
1403,Arjun,Verma,Arjun Verma,52,M,HR,Manager,64003,4477.0,abc@,9421388209,,Addr 403,Hyderabad,Maharashtra,India,ABCDE,2016-04-30,,15,4.33,,Full Time,Hybrid,B+,2026-07-27 20:13:05,unknown
1404,Kiran,Rao,Kiran Rao,29,F,Operations,Analyst,123880,4930.0,johngmail.com,12345,,Addr 404,Chennai,Maharashtra,India,411001,2023.03.18,,5,3.03,,full time,Hybrid,,2026-07-27 20:13:05,OK
1405,Sara,Joshi,Sara Joshi,54,MALE,HR,Engineer,112219,,abc@,999999999999999,,Addr 405,Delhi ,Maharashtra,India,ABCDE,07/06/2015,,20,4.5,,Contract,Onsite,B+,2026-07-27 20:13:05,OK
1406,Vikram,Patel,Vikram Patel,34,female,I.T.,Engineer,64481,8691.0,@@gmail.com,,,Addr 406,Delhi ,Maharashtra,India,560001,2020.07.02,,3,1.88,,full time,Hybrid,AB+,2026-07-27 20:13:05,unknown
1407,Neha,Rao,Neha Rao,41,female,Information Technology,Analyst,122382,16851.0,johngmail.com,9963044836,,Addr 407,Hyderabad,Maharashtra,India,123,2016.04.19,,10,2.64,,full time,Hybrid,AB+,2026-07-27 20:13:05,unknown
1408,Rahul,Mehta,Rahul Mehta,42,female,IT,Analyst,59007,6457.0,abc.com,9319952980,,Addr 408,Kolkata,Maharashtra,India,560001,2020-06-11,,10,4.65,,Contract,Remote,A+,2026-07-27 20:13:05,none
1409,Neha,Joshi,Neha Joshi,31,F,it,Executive,60059,6288.0,@@gmail.com,9563830008,,Addr 409,Hyderabad,Maharashtra,India,560001,2032-01-01,,1,1.63,,full time,Remote,B+,2026-07-27 20:13:05,N/A
1410,Rahul,Mehta,Rahul Mehta,45,female,Marketing,Manager,144900,3782.0,rahul.mehta@example.com,,,Addr 410,Kolkata,Maharashtra,India,560001,30/05/2023,,19,4.44,,full time,Hybrid,,2026-07-27 20:13:05,OK
1411,Arjun,Mehta,Arjun Mehta,37,female,Operations,Executive,42197,14314.0,abc.com,999999999999999,,Addr 411,Delhi ,Maharashtra,India,411001,2032-01-01,,7,3.31,,Full Time,Hybrid,B+,2026-07-27 20:13:05,?
1412,Sneha,Das,Sneha Das,40,MALE,I.T.,Engineer,52184,17050.0,abc.com,9312697893,,Addr 412,Kolkata,Maharashtra,India,560001,2021.04.25,,13,2.25,,full time,Remote,A+,2026-07-27 20:13:05,unknown
1413,Sara,Gupta,Sara Gupta,21,MALE,HR,Executive,71027,8724.0,@@gmail.com,12345,,Addr 413,Kolkata,Maharashtra,India,411001,18/09/2021,,16,3.99,,Full Time,Remote,AB+,2026-07-27 20:13:05,OK
1414,Rahul,Rao,Rahul Rao,54,M,I.T.,Executive,68895,10641.0,@@gmail.com,12345,,Addr 414,Kolkata,Maharashtra,India,123,2020.07.21,,15,2.85,,full time,Onsite,B+,2026-07-27 20:13:05,N/A
1415,Rohit,Das,Rohit Das,32,male,Operations,Engineer,30734,7149.0,abc@,12345,,Addr 415,Pune,Maharashtra,India,123,10/02/2015,,11,3.52,,Full Time,Hybrid,O+,2026-07-27 20:13:05,?
1416,Kiran,Mehta,Kiran Mehta,46,MALE,it,Manager,49978,8092.0,@@gmail.com,,,Addr 416,Kolkata,Maharashtra,India,123,2032-01-01,,6,1.67,,Full Time,Remote,A+,2026-07-27 20:13:05,none
1417,Amit,Verma,Amit Verma,21,MALE,Information Technology,Engineer,135805,16456.0,@@gmail.com,abcdefghij,,Addr 417,Delhi ,Maharashtra,India,123,2016-11-06,,19,4.37,,Full Time,Onsite,O+,2026-07-27 20:13:05,N/A
1418,Vikram,Kumar,Vikram Kumar,37,female,Information Technology,Executive,53332,,@@gmail.com,12345,,Addr 418,Chennai,Maharashtra,India,411001,14/12/2019,,14,2.44,,Full Time,Remote,,2026-07-27 20:13:05,unknown
1419,Sneha,Patel,Sneha Patel,53,Male,Finance,Engineer,114105,2439.0,@@gmail.com,999999999999999,,Addr 419,Chennai,Maharashtra,India,411001,2019-02-19,,11,1.12,,Contract,Remote,B+,2026-07-27 20:13:05,N/A
1420,Priya,Rao,Priya Rao,24,M,IT,Analyst,101314,7362.0,abc.com,999999999999999,,Addr 420,Kolkata,Maharashtra,India,411001,2024-05-09,,6,4.3,,Contract,Remote,O+,2026-07-27 20:13:05,OK
1421,Amit,Das,Amit Das,33,female,it,Executive,127888,1105.0,@@gmail.com,999999999999999,,Addr 421,Pune,Maharashtra,India,411001,2015-07-02,,5,3.92,,Full Time,Hybrid,,2026-07-27 20:13:05,OK
1422,Amit,Sharma,Amit Sharma,50,Male,HR,Analyst,114189,7261.0,abc@,999999999999999,,Addr 422, Mumbai,Maharashtra,India,ABCDE,2017.06.09,,6,1.71,,full time,Hybrid,AB+,2026-07-27 20:13:05,unknown
1423,Priya,Das,Priya Das,43,F,it,Executive,120051,2203.0,abc.com,abcdefghij,,Addr 423,Chennai,Maharashtra,India,123,2018-12-25,,16,4.09,,full time,Remote,AB+,2026-07-27 20:13:05,unknown
1424,Rahul,Patel,Rahul Patel,32,M,I.T.,Executive,78795,2109.0,@@gmail.com,12345,,Addr 424,Delhi ,Maharashtra,India,123,18/10/2020,,14,3.19,,Full Time,Hybrid,,2026-07-27 20:13:05,?
1425,Kiran,Gupta,Kiran Gupta,46,M,HR,Analyst,108766,14144.0,@@gmail.com,,,Addr 425,Pune,Maharashtra,India,ABCDE,15/10/2022,,9,4.55,,Contract,Onsite,B+,2026-07-27 20:13:05,none
1426,Amit,Verma,Amit Verma,24,Male,Finance,Manager,90124,16092.0,amit.verma@example.com,999999999999999,,Addr 426,Pune,Maharashtra,India,ABCDE,10/06/2022,,17,4.38,,full time,Remote,AB+,2026-07-27 20:13:05,N/A
1427,Sneha,Patel,Sneha Patel,46,female,HR,Executive,138966,8954.0,sneha.patel@example.com,999999999999999,,Addr 427,Hyderabad,Maharashtra,India,411001,2020.04.12,,15,3.68,,Contract,Remote,B+,2026-07-27 20:13:05,none
1428,Amit,Singh,Amit Singh,53,F,IT,Executive,114617,17382.0,abc@,12345,,Addr 428,Delhi ,Maharashtra,India,123,2032-01-01,,15,1.14,,full time,Remote,B+,2026-07-27 20:13:05,?
1429,John,Kumar,John Kumar,26,MALE,Information Technology,Executive,31602,5218.0,abc.com,999999999999999,,Addr 429,Delhi ,Maharashtra,India,411001,2032-01-01,,16,2.49,,full time,Onsite,O+,2026-07-27 20:13:05,none
1430,Sneha,Patel,Sneha Patel,48,Female,Marketing,Engineer,74186,9448.0,abc@,999999999999999,,Addr 430,  Bangalore,Maharashtra,India,123,2023-10-23,,19,3.75,,full time,Hybrid,O+,2026-07-27 20:13:05,unknown
1431,Rahul,Kumar,Rahul Kumar,43,M,IT,Executive,113359,,rahul.kumar@example.com,12345,,Addr 431,Chennai,Maharashtra,India,ABCDE,2032-01-01,,13,4.57,,full time,Hybrid,,2026-07-27 20:13:05,N/A
1432,Sara,Kumar,Sara Kumar,25,MALE,Sales,Engineer,124871,4313.0,johngmail.com,9815466024,,Addr 432,Kolkata,Maharashtra,India,560001,2021-05-19,,6,3.28,,full time,Onsite,,2026-07-27 20:13:05,none
1433,Neha,Sharma,Neha Sharma,34,F,Marketing,Analyst,132014,17435.0,neha.sharma@example.com,999999999999999,,Addr 433,Chennai,Maharashtra,India,ABCDE,2019.03.13,,8,2.85,,Contract,Hybrid,A+,2026-07-27 20:13:05,N/A
1434,Neha,Sharma,Neha Sharma,25,Female,Finance,Executive,113200,18742.0,johngmail.com,999999999999999,,Addr 434,Kolkata,Maharashtra,India,560001,14/12/2022,,17,3.79,,Contract,Hybrid,O+,2026-07-27 20:13:05,?
1435,Rahul,Gupta,Rahul Gupta,56,MALE,Information Technology,Manager,99414,10562.0,@@gmail.com,,,Addr 435,  Bangalore,Maharashtra,India,560001,2015-11-18,,9,3.23,,full time,Remote,AB+,2026-07-27 20:13:05,none
1436,Amit,Rao,Amit Rao,28,Male,Marketing,Manager,44500,6853.0,abc@,abcdefghij,,Addr 436,Chennai,Maharashtra,India,411001,2021.10.22,,16,3.14,,full time,Remote,AB+,2026-07-27 20:13:05,?
1437,Ananya,Mehta,Ananya Mehta,31,F,I.T.,Executive,99817,16205.0,abc@,12345,,Addr 437, Mumbai,Maharashtra,India,411001,2032-01-01,,0,2.3,,Full Time,Remote,,2026-07-27 20:13:05,?
1438,John,Patel,John Patel,180,Female,it,Manager,51152,8841.0,abc@,999999999999999,,Addr 438,  Bangalore,Maharashtra,India,ABCDE,2032-01-01,,7,4.19,,full time,Onsite,A+,2026-07-27 20:13:05,none
1439,Sneha,Verma,Sneha Verma,25,Male,IT,Executive,91631,3305.0,johngmail.com,abcdefghij,,Addr 439,Kolkata,Maharashtra,India,560001,2017-09-29,,11,2.6,,Contract,Onsite,AB+,2026-07-27 20:13:05,?
1440,Priya,Patel,Priya Patel,58,F,Information Technology,Manager,116053,8964.0,johngmail.com,abcdefghij,,Addr 440,Delhi ,Maharashtra,India,560001,2016.08.20,,14,3.8,,Contract,Hybrid,,2026-07-27 20:13:05,OK
1441,Amit,Verma,Amit Verma,35,MALE,Sales,Analyst,123826,10985.0,johngmail.com,12345,,Addr 441,Pune,Maharashtra,India,ABCDE,2020.11.07,,4,3.34,,full time,Hybrid,,2026-07-27 20:13:05,none
1442,Vikram,Das,Vikram Das,43,female,I.T.,Analyst,79542,16900.0,abc@,abcdefghij,,Addr 442, Mumbai,Maharashtra,India,ABCDE,08/12/2021,,8,3.43,,Contract,Remote,B+,2026-07-27 20:13:05,unknown
1443,Ananya,Das,Ananya Das,21,F,it,Manager,77652,14057.0,ananya.das@example.com,999999999999999,,Addr 443,Hyderabad,Maharashtra,India,ABCDE,21/05/2021,,8,4.19,,Full Time,Onsite,B+,2026-07-27 20:13:05,N/A
1444,Sara,Das,Sara Das,59,MALE,it,Analyst,54905,3086.0,abc@,999999999999999,,Addr 444,Pune,Maharashtra,India,411001,2016.12.27,,20,1.29,,full time,Remote,AB+,2026-07-27 20:13:05,OK
1445,Ananya,Singh,Ananya Singh,34,Female,Operations,Analyst,106246,4654.0,johngmail.com,999999999999999,,Addr 445,Chennai,Maharashtra,India,ABCDE,2016.02.14,,16,2.93,,full time,Onsite,O+,2026-07-27 20:13:05,unknown
1446,Rohit,Singh,Rohit Singh,56,Female,Finance,Executive,129170,16977.0,rohit.singh@example.com,9587722164,,Addr 446,Kolkata,Maharashtra,India,560001,2018.10.29,,20,3.75,,Full Time,Remote,A+,2026-07-27 20:13:05,N/A
1447,Neha,Mehta,Neha Mehta,54,M,Information Technology,Analyst,57563,6065.0,@@gmail.com,999999999999999,,Addr 447,Chennai,Maharashtra,India,560001,2020.08.17,,7,4.73,,full time,Hybrid,O+,2026-07-27 20:13:05,N/A
1448,Arjun,Joshi,Arjun Joshi,41,M,Finance,Executive,129967,14240.0,arjun.joshi@example.com,abcdefghij,,Addr 448,Kolkata,Maharashtra,India,123,2023-02-24,,10,2.71,,full time,Hybrid,,2026-07-27 20:13:05,none
1449,Sara,Singh,Sara Singh,53,M,Finance,Engineer,51026,16718.0,abc.com,9706734996,,Addr 449,Pune,Maharashtra,India,411001,2023.12.11,,8,3.15,,full time,Hybrid,A+,2026-07-27 20:13:05,?
1450,Amit,Patel,Amit Patel,47,F,I.T.,Manager,105246,3883.0,johngmail.com,12345,,Addr 450,Kolkata,Maharashtra,India,411001,2018.08.22,,11,4.62,,full time,Onsite,B+,2026-07-27 20:13:05,N/A
1451,Sneha,Das,Sneha Das,42,male,Finance,Analyst,33032,14460.0,johngmail.com,999999999999999,,Addr 451,Pune,Maharashtra,India,123,2032-01-01,,9,3.3,,Contract,Remote,A+,2026-07-27 20:13:05,none
1452,Priya,Kumar,Priya Kumar,31,F,it,Engineer,91400,7255.0,priya.kumar@example.com,abcdefghij,,Addr 452,  Bangalore,Maharashtra,India,560001,2023-10-03,,12,3.3,,Full Time,Onsite,AB+,2026-07-27 20:13:05,OK
1453,Rahul,Singh,Rahul Singh,37,F,HR,Analyst,115670,19823.0,@@gmail.com,,,Addr 453,Hyderabad,Maharashtra,India,411001,13/08/2018,,17,2.39,,Full Time,Hybrid,O+,2026-07-27 20:13:05,N/A
1454,John,Singh,John Singh,48,MALE,HR,Manager,33577,15406.0,john.singh@example.com,12345,,Addr 454, Mumbai,Maharashtra,India,560001,2017-04-06,,2,4.88,,Contract,Onsite,,2026-07-27 20:13:05,OK
1455,Amit,Singh,Amit Singh,59,MALE,Sales,Executive,41900,12791.0,johngmail.com,9481700666,,Addr 455,Delhi ,Maharashtra,India,123,2016.05.07,,2,2.74,,Contract,Hybrid,B+,2026-07-27 20:13:05,OK
1456,John,Rao,John Rao,0,Male,I.T.,Manager,31215,6103.0,abc@,12345,,Addr 456,  Bangalore,Maharashtra,India,ABCDE,14/04/2020,,16,4.86,,Contract,Onsite,B+,2026-07-27 20:13:05,unknown
1457,Priya,Verma,Priya Verma,40,M,Sales,Analyst,33732,11865.0,priya.verma@example.com,12345,,Addr 457, Mumbai,Maharashtra,India,411001,2015-05-03,,11,4.59,,Full Time,Hybrid,A+,2026-07-27 20:13:05,OK
1458,Ananya,Das,Ananya Das,55,M,I.T.,Engineer,91536,9416.0,abc@,12345,,Addr 458, Mumbai,Maharashtra,India,ABCDE,28/08/2019,,7,3.64,,Contract,Remote,AB+,2026-07-27 20:13:05,unknown
1459,Kiran,Patel,Kiran Patel,32,female,Finance,Analyst,90574,18036.0,abc.com,999999999999999,,Addr 459,Chennai,Maharashtra,India,411001,20/10/2017,,5,1.06,,Contract,Remote,B+,2026-07-27 20:13:05,N/A
1460,Vikram,Joshi,Vikram Joshi,51,F,Sales,Manager,137084,14292.0,johngmail.com,abcdefghij,,Addr 460,Delhi ,Maharashtra,India,ABCDE,2015.02.17,,10,4.23,,full time,Onsite,AB+,2026-07-27 20:13:05,OK
1461,John,Joshi,John Joshi,25,F,Sales,Executive,101213,8442.0,johngmail.com,,,Addr 461,Pune,Maharashtra,India,ABCDE,2032-01-01,,16,1.78,,Contract,Remote,A+,2026-07-27 20:13:05,N/A
1462,Sara,Joshi,Sara Joshi,30,Female,it,Engineer,77534,18395.0,abc@,999999999999999,,Addr 462,Kolkata,Maharashtra,India,ABCDE,2020.11.22,,1,4.84,,full time,Hybrid,AB+,2026-07-27 20:13:05,none
1463,Vikram,Das,Vikram Das,40,Male,Information Technology,Analyst,117571,3189.0,vikram.das@example.com,999999999999999,,Addr 463,Hyderabad,Maharashtra,India,ABCDE,31/03/2020,,11,1.28,,full time,Remote,AB+,2026-07-27 20:13:05,OK
1464,Sara,Gupta,Sara Gupta,49,male,Finance,Analyst,-50000,18178.0,sara.gupta@example.com,12345,,Addr 464,Pune,Maharashtra,India,123,2022.07.16,,1,2.53,,full time,Remote,AB+,2026-07-27 20:13:05,?
1465,Kiran,Verma,Kiran Verma,52,F,Finance,Manager,41609,12880.0,abc@,abcdefghij,,Addr 465,  Bangalore,Maharashtra,India,123,2022.12.17,,2,1.05,,Contract,Hybrid,B+,2026-07-27 20:13:05,none
1466,Ananya,Singh,Ananya Singh,38,Male,Operations,Executive,144084,13536.0,ananya.singh@example.com,,,Addr 466,Chennai,Maharashtra,India,560001,2032-01-01,,1,2.39,,full time,Hybrid,,2026-07-27 20:13:05,none
1467,Rahul,Rao,Rahul Rao,48,female,IT,Manager,33164,11779.0,rahul.rao@example.com,abcdefghij,,Addr 467,  Bangalore,Maharashtra,India,411001,2024.02.13,,14,3.8,,Contract,Hybrid,B+,2026-07-27 20:13:05,N/A
1468,Rohit,Kumar,Rohit Kumar,46,F,Sales,Manager,142282,12527.0,abc.com,999999999999999,,Addr 468,Chennai,Maharashtra,India,ABCDE,2032-01-01,,6,2.06,,Contract,Hybrid,O+,2026-07-27 20:13:05,unknown
1469,Ananya,Joshi,Ananya Joshi,31,MALE,IT,Engineer,70701,19365.0,@@gmail.com,,,Addr 469,Chennai,Maharashtra,India,560001,2023.06.19,,4,3.86,,Contract,Hybrid,AB+,2026-07-27 20:13:05,N/A
1470,Vikram,Patel,Vikram Patel,39,Female,Information Technology,Analyst,88004,9057.0,abc.com,12345,,Addr 470, Mumbai,Maharashtra,India,411001,2024.06.23,,7,4.86,,Contract,Hybrid,AB+,2026-07-27 20:13:05,?
1471,Rohit,Kumar,Rohit Kumar,32,F,it,Executive,146471,13684.0,@@gmail.com,9546553585,,Addr 471,Chennai,Maharashtra,India,ABCDE,2021.05.15,,7,4.18,,Contract,Remote,A+,2026-07-27 20:13:05,none
1472,Sara,Das,Sara Das,59,male,Sales,Manager,105269,16081.0,abc.com,,,Addr 472,Chennai,Maharashtra,India,411001,2021.01.01,,15,4.47,,Full Time,Remote,O+,2026-07-27 20:13:05,OK
1473,Sara,Mehta,Sara Mehta,22,female,Operations,Executive,47479,8051.0,johngmail.com,,,Addr 473,Chennai,Maharashtra,India,123,2021-05-22,,19,1.21,,full time,Onsite,A+,2026-07-27 20:13:05,OK
1474,Kiran,Patel,Kiran Patel,31,female,HR,Manager,131414,6876.0,abc@,999999999999999,,Addr 474,  Bangalore,Maharashtra,India,560001,09/12/2020,,10,1.73,,full time,Hybrid,B+,2026-07-27 20:13:05,?
1475,Arjun,Das,Arjun Das,46,male,HR,Analyst,112969,15802.0,arjun.das@example.com,12345,,Addr 475,Pune,Maharashtra,India,411001,2016-01-07,,10,2.54,,Full Time,Onsite,,2026-07-27 20:13:05,unknown
1476,Priya,Verma,Priya Verma,52,male,it,Manager,42709,6068.0,abc.com,,,Addr 476,Pune,Maharashtra,India,411001,2017.02.11,,9,1.43,,Contract,Remote,,2026-07-27 20:13:05,none
1477,Amit,Patel,Amit Patel,30,Female,Sales,Executive,101824,15677.0,amit.patel@example.com,999999999999999,,Addr 477,Pune,Maharashtra,India,123,2020-07-31,,15,4.24,,Contract,Onsite,,2026-07-27 20:13:05,OK
1478,Rohit,Patel,Rohit Patel,54,Female,it,Executive,114305,11496.0,abc@,9734666617,,Addr 478,  Bangalore,Maharashtra,India,411001,2022.06.10,,17,2.94,,full time,Hybrid,AB+,2026-07-27 20:13:05,unknown
1479,John,Sharma,John Sharma,33,Male,Finance,Manager,126895,,john.sharma@example.com,,,Addr 479,Kolkata,Maharashtra,India,ABCDE,2020.11.30,,1,4.64,,Full Time,Hybrid,B+,2026-07-27 20:13:05,N/A
1480,Sara,Joshi,Sara Joshi,52,male,IT,Engineer,57004,4811.0,@@gmail.com,12345,,Addr 480, Mumbai,Maharashtra,India,ABCDE,2015.10.26,,13,3.72,,Contract,Onsite,O+,2026-07-27 20:13:05,N/A
1481,John,Mehta,John Mehta,47,F,Marketing,Executive,148105,16997.0,@@gmail.com,9906072311,,Addr 481, Mumbai,Maharashtra,India,560001,2019-08-04,,5,3.15,,Full Time,Onsite,O+,2026-07-27 20:13:05,?
1482,Arjun,Kumar,Arjun Kumar,57,MALE,Information Technology,Engineer,146077,3834.0,abc.com,12345,,Addr 482,Pune,Maharashtra,India,560001,19/03/2018,,2,4.05,,Full Time,Remote,AB+,2026-07-27 20:13:05,none
1483,Sneha,Das,Sneha Das,59,F,IT,Manager,125015,19638.0,sneha.das@example.com,999999999999999,,Addr 483, Mumbai,Maharashtra,India,123,2023-04-13,,7,1.74,,Full Time,Hybrid,AB+,2026-07-27 20:13:05,OK
1484,Ananya,Patel,Ananya Patel,54,MALE,it,Manager,71622,,ananya.patel@example.com,12345,,Addr 484,Pune,Maharashtra,India,ABCDE,2024-06-16,,12,1.01,,Full Time,Hybrid,,2026-07-27 20:13:05,OK
1485,Neha,Sharma,Neha Sharma,22,female,Operations,Executive,110746,8787.0,johngmail.com,12345,,Addr 485, Mumbai,Maharashtra,India,123,27/04/2021,,12,5.0,,Full Time,Hybrid,A+,2026-07-27 20:13:05,?
1486,Arjun,Verma,Arjun Verma,55,F,HR,Executive,112116,14297.0,johngmail.com,999999999999999,,Addr 486, Mumbai,Maharashtra,India,ABCDE,24/06/2015,,6,3.85,,Contract,Remote,,2026-07-27 20:13:05,unknown
1487,Ananya,Kumar,Ananya Kumar,44,female,Finance,Manager,91634,15821.0,@@gmail.com,,,Addr 487,  Bangalore,Maharashtra,India,ABCDE,2032-01-01,,0,3.78,,full time,Onsite,B+,2026-07-27 20:13:05,unknown
1488,Sara,Gupta,Sara Gupta,46,Female,HR,Manager,91417,5278.0,johngmail.com,9599801110,,Addr 488,Kolkata,Maharashtra,India,411001,2023.08.17,,2,2.25,,full time,Remote,B+,2026-07-27 20:13:05,N/A
1489,Arjun,Patel,Arjun Patel,41,Female,Operations,Executive,52966,4325.0,abc.com,,,Addr 489,Hyderabad,Maharashtra,India,560001,2019.01.26,,7,4.9,,Contract,Remote,AB+,2026-07-27 20:13:05,OK
1490,Rahul,Verma,Rahul Verma,51,male,IT,Analyst,106662,15658.0,rahul.verma@example.com,,,Addr 490,Delhi ,Maharashtra,India,560001,10/04/2019,,3,4.97,,Contract,Remote,O+,2026-07-27 20:13:05,unknown
1491,Sara,Patel,Sara Patel,52,Male,Marketing,Manager,63123,10183.0,abc.com,999999999999999,,Addr 491,Delhi ,Maharashtra,India,411001,2018.12.23,,14,3.64,,full time,Onsite,A+,2026-07-27 20:13:05,N/A
1492,Kiran,Sharma,Kiran Sharma,40,M,HR,Executive,34716,9856.0,johngmail.com,,,Addr 492, Mumbai,Maharashtra,India,560001,2023.03.29,,8,1.33,,full time,Onsite,A+,2026-07-27 20:13:05,unknown
1493,Rohit,Patel,Rohit Patel,27,male,Information Technology,Manager,50185,8764.0,rohit.patel@example.com,abcdefghij,,Addr 493,Kolkata,Maharashtra,India,411001,2015-04-05,,1,3.82,,Full Time,Onsite,A+,2026-07-27 20:13:05,N/A
1494,Priya,Patel,Priya Patel,35,male,IT,Engineer,111979,16599.0,abc@,,,Addr 494,Pune,Maharashtra,India,411001,16/01/2015,,6,2.05,,Contract,Onsite,B+,2026-07-27 20:13:05,OK
1495,Sara,Patel,Sara Patel,41,F,HR,Manager,139581,14509.0,abc.com,abcdefghij,,Addr 495,Kolkata,Maharashtra,India,ABCDE,2017-02-09,,1,1.25,,full time,Onsite,A+,2026-07-27 20:13:05,none
1496,Vikram,Patel,Vikram Patel,49,Male,Information Technology,Analyst,149862,3158.0,abc.com,abcdefghij,,Addr 496,Hyderabad,Maharashtra,India,ABCDE,23/07/2022,,18,1.68,,Contract,Hybrid,AB+,2026-07-27 20:13:05,?
1497,Ananya,Joshi,Ananya Joshi,46,M,Operations,Executive,126712,14749.0,ananya.joshi@example.com,12345,,Addr 497,Hyderabad,Maharashtra,India,ABCDE,06/12/2023,,3,1.07,,full time,Remote,O+,2026-07-27 20:13:05,unknown
1498,Neha,Sharma,Neha Sharma,40,F,it,Analyst,93771,17355.0,johngmail.com,,,Addr 498,Delhi ,Maharashtra,India,ABCDE,30/07/2020,,16,4.77,,Full Time,Hybrid,AB+,2026-07-27 20:13:05,OK
1499,Arjun,Verma,Arjun Verma,60,M,Information Technology,Manager,74708,5198.0,@@gmail.com,abcdefghij,,Addr 499,Chennai,Maharashtra,India,ABCDE,2018.10.18,,20,4.66,,full time,Hybrid,,2026-07-27 20:13:05,unknown
1500,Kiran,Joshi,Kiran Joshi,29,MALE,HR,Manager,62649,16392.0,kiran.joshi@example.com,999999999999999,,Addr 500,  Bangalore,Maharashtra,India,123,2022-10-31,,14,2.56,,Full Time,Hybrid,B+,2026-07-27 20:13:05,unknown
1501,Rahul,Das,Rahul Das,21,MALE,Sales,Executive,132719,11486.0,johngmail.com,9598339914,,Addr 501,Chennai,Maharashtra,India,ABCDE,2017.10.07,,7,4.16,,full time,Onsite,A+,2026-07-27 20:13:05,unknown
1502,Arjun,Singh,Arjun Singh,22,female,Marketing,Engineer,131685,5837.0,johngmail.com,abcdefghij,,Addr 502, Mumbai,Maharashtra,India,560001,2016.08.13,,5,3.35,,full time,Remote,A+,2026-07-27 20:13:05,OK
1503,Sneha,Kumar,Sneha Kumar,41,F,Marketing,Engineer,114715,6832.0,@@gmail.com,12345,,Addr 503,  Bangalore,Maharashtra,India,411001,2020-05-08,,4,1.61,,Contract,Remote,B+,2026-07-27 20:13:05,OK
1504,Sneha,Joshi,Sneha Joshi,42,F,Information Technology,Executive,38146,13975.0,abc@,9813721433,,Addr 504,Chennai,Maharashtra,India,411001,2018-10-17,,20,4.37,,Full Time,Hybrid,A+,2026-07-27 20:13:05,OK
1505,Neha,Singh,Neha Singh,29,Female,Sales,Analyst,113142,1630.0,abc.com,9470681039,,Addr 505, Mumbai,Maharashtra,India,ABCDE,2032-01-01,,0,2.4,,Full Time,Onsite,O+,2026-07-27 20:13:05,none
1506,Amit,Rao,Amit Rao,21,female,Finance,Analyst,96962,7605.0,abc.com,9453546147,,Addr 506,  Bangalore,Maharashtra,India,560001,21/05/2017,,5,1.45,,full time,Remote,B+,2026-07-27 20:13:05,N/A
1507,Kiran,Mehta,Kiran Mehta,34,Female,Finance,Analyst,114912,19574.0,@@gmail.com,999999999999999,,Addr 507,Chennai,Maharashtra,India,560001,2024.05.04,,14,4.94,,Contract,Remote,AB+,2026-07-27 20:13:05,?
1508,Rohit,Gupta,Rohit Gupta,36,Male,Information Technology,Engineer,111169,,rohit.gupta@example.com,abcdefghij,,Addr 508, Mumbai,Maharashtra,India,ABCDE,2032-01-01,,11,1.3,,full time,Onsite,A+,2026-07-27 20:13:05,unknown
1509,Rahul,Patel,Rahul Patel,50,F,HR,Engineer,127551,1995.0,johngmail.com,abcdefghij,,Addr 509,Pune,Maharashtra,India,560001,2018-05-22,,4,1.86,,full time,Onsite,AB+,2026-07-27 20:13:05,OK
1510,Rahul,Das,Rahul Das,47,male,IT,Engineer,130864,10226.0,johngmail.com,,,Addr 510,Kolkata,Maharashtra,India,560001,2032-01-01,,7,3.86,,Contract,Remote,O+,2026-07-27 20:13:05,unknown
1511,Priya,Gupta,Priya Gupta,51,Female,I.T.,Analyst,78663,18719.0,abc@,abcdefghij,,Addr 511, Mumbai,Maharashtra,India,560001,2032-01-01,,11,4.85,,Full Time,Onsite,O+,2026-07-27 20:13:05,N/A
1512,Sneha,Joshi,Sneha Joshi,55,F,I.T.,Engineer,142684,5753.0,abc.com,9582923616,,Addr 512,Hyderabad,Maharashtra,India,411001,2022-03-28,,18,1.02,,Contract,Onsite,B+,2026-07-27 20:13:05,N/A
1513,John,Joshi,John Joshi,44,Female,Marketing,Executive,76023,4487.0,abc@,abcdefghij,,Addr 513, Mumbai,Maharashtra,India,560001,2020.06.26,,6,3.17,,Full Time,Remote,A+,2026-07-27 20:13:05,OK
1514,Rahul,Mehta,Rahul Mehta,25,Male,Finance,Executive,85301,14205.0,rahul.mehta@example.com,,,Addr 514,  Bangalore,Maharashtra,India,411001,2032-01-01,,1,3.0,,full time,Remote,O+,2026-07-27 20:13:05,?
1515,Vikram,Kumar,Vikram Kumar,58,Female,Sales,Executive,79803,,johngmail.com,999999999999999,,Addr 515,Chennai,Maharashtra,India,123,20/08/2023,,19,4.94,,Full Time,Hybrid,O+,2026-07-27 20:13:05,none
1516,Sara,Das,Sara Das,27,Male,I.T.,Engineer,88252,,abc@,,,Addr 516,  Bangalore,Maharashtra,India,ABCDE,2032-01-01,,9,4.41,,Full Time,Hybrid,,2026-07-27 20:13:05,unknown
1517,Vikram,Patel,Vikram Patel,25,male,Operations,Executive,80764,6787.0,johngmail.com,9042359737,,Addr 517,Pune,Maharashtra,India,ABCDE,14/09/2022,,4,3.96,,Contract,Onsite,A+,2026-07-27 20:13:05,?
1518,Ananya,Joshi,Ananya Joshi,22,female,it,Analyst,43936,2098.0,@@gmail.com,999999999999999,,Addr 518,Hyderabad,Maharashtra,India,ABCDE,28/11/2023,,3,1.1,,Full Time,Onsite,B+,2026-07-27 20:13:05,N/A
1519,Ananya,Kumar,Ananya Kumar,51,Male,I.T.,Executive,35210,5829.0,@@gmail.com,abcdefghij,,Addr 519,Hyderabad,Maharashtra,India,411001,2019.03.10,,4,2.28,,Full Time,Hybrid,B+,2026-07-27 20:13:05,N/A
1520,John,Das,John Das,27,male,Marketing,Engineer,46640,5764.0,john.das@example.com,abcdefghij,,Addr 520,  Bangalore,Maharashtra,India,411001,2032-01-01,,1,4.48,,full time,Remote,B+,2026-07-27 20:13:05,unknown
1521,Vikram,Das,Vikram Das,35,female,I.T.,Executive,133608,14321.0,abc@,999999999999999,,Addr 521,Pune,Maharashtra,India,411001,19/10/2021,,20,1.16,,full time,Hybrid,O+,2026-07-27 20:13:05,?
1522,John,Joshi,John Joshi,59,MALE,Finance,Executive,80606,19356.0,abc.com,,,Addr 522,Hyderabad,Maharashtra,India,411001,2018.05.28,,20,2.07,,full time,Hybrid,,2026-07-27 20:13:05,none
1523,Neha,Joshi,Neha Joshi,57,male,Sales,Analyst,73908,14485.0,@@gmail.com,,,Addr 523,Hyderabad,Maharashtra,India,123,20/08/2018,,14,3.33,,Full Time,Remote,O+,2026-07-27 20:13:05,N/A
1524,Neha,Gupta,Neha Gupta,42,male,Operations,Analyst,93483,19618.0,johngmail.com,,,Addr 524,  Bangalore,Maharashtra,India,411001,2023-11-10,,6,4.25,,full time,Hybrid,AB+,2026-07-27 20:13:05,none
1525,Kiran,Mehta,Kiran Mehta,33,MALE,IT,Executive,94167,16609.0,johngmail.com,9651221500,,Addr 525,Delhi ,Maharashtra,India,411001,2020.09.24,,4,4.14,,Contract,Onsite,AB+,2026-07-27 20:13:05,N/A
1526,Rahul,Gupta,Rahul Gupta,250,female,Finance,Analyst,60210,19697.0,@@gmail.com,12345,,Addr 526,Kolkata,Maharashtra,India,560001,03/09/2015,,17,3.47,,Full Time,Remote,,2026-07-27 20:13:05,none
1527,Arjun,Das,Arjun Das,47,male,HR,Executive,146901,8220.0,@@gmail.com,12345,,Addr 527, Mumbai,Maharashtra,India,411001,2016-05-25,,13,3.85,,full time,Remote,AB+,2026-07-27 20:13:05,none
1528,Vikram,Sharma,Vikram Sharma,34,female,Operations,Executive,98673,1678.0,johngmail.com,,,Addr 528,Kolkata,Maharashtra,India,560001,26/01/2021,,12,1.83,,full time,Hybrid,AB+,2026-07-27 20:13:05,unknown
1529,Neha,Mehta,Neha Mehta,51,Male,HR,Engineer,134870,,abc.com,999999999999999,,Addr 529,Delhi ,Maharashtra,India,123,03/08/2017,,8,2.47,,full time,Hybrid,B+,2026-07-27 20:13:05,N/A
1530,Neha,Gupta,Neha Gupta,54,F,HR,Engineer,77785,,abc@,abcdefghij,,Addr 530,  Bangalore,Maharashtra,India,ABCDE,2022.03.26,,4,4.43,,full time,Remote,B+,2026-07-27 20:13:05,?
1531,Arjun,Verma,Arjun Verma,26,Female,IT,Manager,91636,6502.0,abc@,9039111428,,Addr 531,Kolkata,Maharashtra,India,560001,2020.11.02,,5,1.61,,Full Time,Remote,A+,2026-07-27 20:13:05,unknown
1532,Amit,Mehta,Amit Mehta,53,Female,IT,Executive,36336,5334.0,abc@,12345,,Addr 532, Mumbai,Maharashtra,India,411001,2020-10-03,,12,1.54,,full time,Hybrid,,2026-07-27 20:13:05,?
1533,John,Rao,John Rao,46,Female,Operations,Analyst,105690,14277.0,@@gmail.com,,,Addr 533,Delhi ,Maharashtra,India,123,2021-03-04,,19,4.62,,full time,Hybrid,O+,2026-07-27 20:13:05,unknown
1534,Rahul,Joshi,Rahul Joshi,22,male,Marketing,Manager,107388,5582.0,@@gmail.com,999999999999999,,Addr 534,Chennai,Maharashtra,India,560001,2020.06.18,,6,2.85,,full time,Remote,B+,2026-07-27 20:13:05,N/A
1535,John,Patel,John Patel,43,M,Marketing,Executive,68528,17795.0,abc.com,12345,,Addr 535,Pune,Maharashtra,India,411001,25/04/2018,,17,2.08,,Full Time,Onsite,B+,2026-07-27 20:13:05,none
1536,Sneha,Sharma,Sneha Sharma,60,M,Sales,Analyst,36673,5040.0,johngmail.com,999999999999999,,Addr 536,Delhi ,Maharashtra,India,560001,2020.01.11,,4,1.57,,Full Time,Remote,,2026-07-27 20:13:05,?
1537,Arjun,Rao,Arjun Rao,40,Male,I.T.,Manager,55383,5969.0,johngmail.com,999999999999999,,Addr 537,Kolkata,Maharashtra,India,411001,21/06/2017,,14,4.66,,Full Time,Onsite,AB+,2026-07-27 20:13:05,OK
1538,Priya,Das,Priya Das,60,female,Sales,Executive,63827,18954.0,@@gmail.com,9582984933,,Addr 538,  Bangalore,Maharashtra,India,560001,2024.02.07,,10,4.76,,full time,Hybrid,AB+,2026-07-27 20:13:05,OK
1539,Kiran,Mehta,Kiran Mehta,27,F,I.T.,Manager,58698,9150.0,johngmail.com,abcdefghij,,Addr 539,Delhi ,Maharashtra,India,411001,28/12/2023,,5,3.49,,Contract,Remote,O+,2026-07-27 20:13:05,OK
1540,Vikram,Rao,Vikram Rao,47,M,IT,Analyst,45496,16942.0,johngmail.com,12345,,Addr 540,Delhi ,Maharashtra,India,ABCDE,2024.02.21,,18,2.51,,Full Time,Remote,A+,2026-07-27 20:13:05,OK
1541,Sara,Sharma,Sara Sharma,52,Male,I.T.,Engineer,-50000,,@@gmail.com,9559102451,,Addr 541,Hyderabad,Maharashtra,India,411001,2016-09-06,,19,1.0,,Full Time,Remote,AB+,2026-07-27 20:13:05,?
1542,Priya,Mehta,Priya Mehta,54,Male,Finance,Manager,109451,6157.0,abc.com,999999999999999,,Addr 542,Kolkata,Maharashtra,India,560001,2021.08.27,,16,2.23,,Contract,Onsite,AB+,2026-07-27 20:13:05,?
1543,Neha,Mehta,Neha Mehta,36,M,I.T.,Manager,37700,4857.0,abc@,12345,,Addr 543,Chennai,Maharashtra,India,560001,2032-01-01,,13,1.49,,Contract,Onsite,,2026-07-27 20:13:05,none
1544,Arjun,Singh,Arjun Singh,44,male,Marketing,Manager,36411,,@@gmail.com,999999999999999,,Addr 544,Chennai,Maharashtra,India,123,22/04/2020,,0,4.48,,Full Time,Hybrid,AB+,2026-07-27 20:13:05,OK
1545,Ananya,Joshi,Ananya Joshi,29,male,it,Executive,148922,6915.0,johngmail.com,999999999999999,,Addr 545,Kolkata,Maharashtra,India,ABCDE,29/08/2016,,4,2.33,,Contract,Onsite,,2026-07-27 20:13:05,unknown
1546,Rohit,Rao,Rohit Rao,60,Female,HR,Executive,125849,15907.0,abc.com,,,Addr 546,Chennai,Maharashtra,India,411001,2032-01-01,,13,4.72,,Contract,Onsite,B+,2026-07-27 20:13:05,unknown
1547,Kiran,Singh,Kiran Singh,23,F,HR,Analyst,30561,2328.0,abc@,,,Addr 547,  Bangalore,Maharashtra,India,411001,2020.01.15,,19,3.65,,full time,Onsite,B+,2026-07-27 20:13:05,none
1548,John,Kumar,John Kumar,36,M,it,Analyst,115996,15073.0,john.kumar@example.com,abcdefghij,,Addr 548,  Bangalore,Maharashtra,India,ABCDE,2032-01-01,,6,3.92,,full time,Remote,O+,2026-07-27 20:13:05,unknown
1549,Rohit,Kumar,Rohit Kumar,30,F,Information Technology,Engineer,38648,9849.0,abc@,999999999999999,,Addr 549,Chennai,Maharashtra,India,123,2022-03-02,,11,4.16,,full time,Remote,AB+,2026-07-27 20:13:05,N/A
1550,Rohit,Mehta,Rohit Mehta,60,Male,I.T.,Manager,98430,18524.0,abc@,12345,,Addr 550, Mumbai,Maharashtra,India,ABCDE,2032-01-01,,18,3.99,,Full Time,Onsite,B+,2026-07-27 20:13:05,?
1551,Rohit,Das,Rohit Das,44,male,IT,Engineer,30487,1561.0,@@gmail.com,,,Addr 551,Hyderabad,Maharashtra,India,411001,06/05/2019,,15,2.98,,Contract,Onsite,O+,2026-07-27 20:13:05,OK
1552,Kiran,Sharma,Kiran Sharma,41,male,Finance,Executive,142545,10837.0,abc@,9462456185,,Addr 552,  Bangalore,Maharashtra,India,123,2023.10.26,,13,1.09,,full time,Hybrid,B+,2026-07-27 20:13:05,OK
1553,Amit,Kumar,Amit Kumar,27,MALE,Information Technology,Engineer,130663,5054.0,abc@,,,Addr 553,Kolkata,Maharashtra,India,411001,2021.10.05,,17,3.63,,Full Time,Hybrid,A+,2026-07-27 20:13:05,unknown
1554,Vikram,Patel,Vikram Patel,24,male,Information Technology,Engineer,107110,,johngmail.com,,,Addr 554,Kolkata,Maharashtra,India,ABCDE,2022-05-18,,10,1.67,,Contract,Onsite,A+,2026-07-27 20:13:05,OK
1555,Ananya,Singh,Ananya Singh,31,female,it,Manager,30692,9955.0,abc.com,12345,,Addr 555,Kolkata,Maharashtra,India,123,2023.03.04,,4,2.62,,Contract,Hybrid,,2026-07-27 20:13:05,unknown
1556,Arjun,Singh,Arjun Singh,28,female,Marketing,Analyst,95231,,arjun.singh@example.com,12345,,Addr 556, Mumbai,Maharashtra,India,411001,29/11/2021,,7,3.98,,Contract,Remote,AB+,2026-07-27 20:13:05,N/A
1557,Neha,Mehta,Neha Mehta,34,female,Information Technology,Engineer,74742,5731.0,abc@,12345,,Addr 557, Mumbai,Maharashtra,India,560001,2016.04.06,,6,4.48,,Contract,Remote,AB+,2026-07-27 20:13:05,?
1558,Arjun,Rao,Arjun Rao,48,M,I.T.,Engineer,139273,,johngmail.com,12345,,Addr 558,  Bangalore,Maharashtra,India,411001,2032-01-01,,16,1.26,,full time,Hybrid,O+,2026-07-27 20:13:05,N/A
1559,Ananya,Singh,Ananya Singh,51,M,Finance,Manager,87426,1561.0,abc@,,,Addr 559,Delhi ,Maharashtra,India,411001,2022.09.20,,16,4.2,,Contract,Hybrid,A+,2026-07-27 20:13:05,OK
1560,Kiran,Patel,Kiran Patel,37,F,HR,Manager,99248,,kiran.patel@example.com,9586950732,,Addr 560,Chennai,Maharashtra,India,123,2032-01-01,,8,3.78,,full time,Onsite,B+,2026-07-27 20:13:05,?
1561,John,Gupta,John Gupta,27,M,Operations,Manager,72561,,@@gmail.com,9573857368,,Addr 561,Chennai,Maharashtra,India,411001,2021-05-04,,18,4.58,,Full Time,Hybrid,A+,2026-07-27 20:13:05,N/A
1562,Ananya,Rao,Ananya Rao,25,Male,it,Executive,58931,8158.0,@@gmail.com,999999999999999,,Addr 562, Mumbai,Maharashtra,India,411001,2020.12.31,,7,3.45,,Full Time,Hybrid,,2026-07-27 20:13:05,none
1563,Sara,Singh,Sara Singh,38,Female,I.T.,Engineer,94166,8089.0,johngmail.com,999999999999999,,Addr 563,Chennai,Maharashtra,India,123,2015.06.30,,14,3.23,,Full Time,Remote,A+,2026-07-27 20:13:05,none
1564,Rahul,Mehta,Rahul Mehta,31,male,IT,Manager,57403,10666.0,johngmail.com,abcdefghij,,Addr 564,Kolkata,Maharashtra,India,560001,27/02/2017,,2,4.33,,Full Time,Hybrid,AB+,2026-07-27 20:13:05,OK
1565,Amit,Joshi,Amit Joshi,47,Male,Information Technology,Manager,50150,15241.0,abc@,12345,,Addr 565,Kolkata,Maharashtra,India,ABCDE,2032-01-01,,13,1.69,,full time,Hybrid,O+,2026-07-27 20:13:05,unknown
1566,Kiran,Singh,Kiran Singh,22,male,Marketing,Analyst,100182,3982.0,abc.com,,,Addr 566,Chennai,Maharashtra,India,ABCDE,2023-03-24,,16,1.72,,Full Time,Remote,B+,2026-07-27 20:13:05,OK
1567,Rohit,Gupta,Rohit Gupta,36,Female,it,Engineer,100459,9557.0,@@gmail.com,9822067323,,Addr 567,Hyderabad,Maharashtra,India,ABCDE,2032-01-01,,2,2.69,,Contract,Onsite,A+,2026-07-27 20:13:05,unknown
1568,Ananya,Verma,Ananya Verma,42,Male,IT,Engineer,131620,1793.0,ananya.verma@example.com,999999999999999,,Addr 568,Kolkata,Maharashtra,India,123,2022-08-22,,20,3.99,,Contract,Remote,B+,2026-07-27 20:13:05,unknown
1569,Sneha,Rao,Sneha Rao,53,female,Finance,Analyst,41146,5847.0,abc.com,abcdefghij,,Addr 569,Hyderabad,Maharashtra,India,411001,2022.07.16,,12,2.88,,Contract,Hybrid,AB+,2026-07-27 20:13:05,OK
1570,Rahul,Gupta,Rahul Gupta,-5,M,Sales,Analyst,124882,18368.0,abc@,12345,,Addr 570,Delhi ,Maharashtra,India,123,2015-07-20,,11,2.24,,Full Time,Onsite,AB+,2026-07-27 20:13:05,OK
1571,Rohit,Sharma,Rohit Sharma,47,male,HR,Executive,110505,12635.0,rohit.sharma@example.com,999999999999999,,Addr 571,Delhi ,Maharashtra,India,411001,2022-01-04,,8,3.5,,full time,Onsite,B+,2026-07-27 20:13:05,none
1572,Ananya,Das,Ananya Das,45,female,HR,Engineer,61749,3147.0,abc@,12345,,Addr 572,Pune,Maharashtra,India,ABCDE,2032-01-01,,4,2.47,,Contract,Onsite,AB+,2026-07-27 20:13:05,N/A
1573,Priya,Mehta,Priya Mehta,50,F,IT,Executive,112789,12622.0,@@gmail.com,abcdefghij,,Addr 573, Mumbai,Maharashtra,India,411001,2023-09-23,,15,2.51,,full time,Hybrid,O+,2026-07-27 20:13:05,none
1574,Kiran,Kumar,Kiran Kumar,22,F,HR,Engineer,102887,17998.0,abc@,9452790504,,Addr 574,Kolkata,Maharashtra,India,123,31/08/2020,,6,4.67,,Full Time,Hybrid,B+,2026-07-27 20:13:05,none
1575,Arjun,Gupta,Arjun Gupta,28,M,HR,Manager,41804,15901.0,abc.com,12345,,Addr 575,  Bangalore,Maharashtra,India,ABCDE,14/07/2018,,12,3.58,,Full Time,Remote,AB+,2026-07-27 20:13:05,OK
1576,Sara,Patel,Sara Patel,60,F,it,Executive,72918,4123.0,johngmail.com,9868800230,,Addr 576,Hyderabad,Maharashtra,India,411001,2015.12.10,,13,1.45,,Full Time,Onsite,,2026-07-27 20:13:05,OK
1577,Neha,Rao,Neha Rao,52,MALE,Finance,Engineer,149005,1100.0,abc.com,,,Addr 577,Pune,Maharashtra,India,411001,2018.09.29,,3,3.16,,Full Time,Remote,AB+,2026-07-27 20:13:05,none
1578,Ananya,Joshi,Ananya Joshi,180,male,I.T.,Manager,109504,5845.0,ananya.joshi@example.com,9374556114,,Addr 578,Chennai,Maharashtra,India,123,25/05/2024,,16,3.14,,Contract,Remote,O+,2026-07-27 20:13:05,OK
1579,Sneha,Singh,Sneha Singh,48,M,IT,Engineer,46880,1588.0,sneha.singh@example.com,9308356691,,Addr 579,  Bangalore,Maharashtra,India,ABCDE,2032-01-01,,2,2.28,,Contract,Remote,A+,2026-07-27 20:13:05,N/A
1580,Neha,Mehta,Neha Mehta,48,Female,it,Manager,44257,16901.0,johngmail.com,12345,,Addr 580,Delhi ,Maharashtra,India,411001,2032-01-01,,6,2.37,,Full Time,Hybrid,,2026-07-27 20:13:05,none
1581,Amit,Rao,Amit Rao,44,Female,Information Technology,Engineer,78570,1591.0,abc.com,12345,,Addr 581,Pune,Maharashtra,India,560001,2015.07.08,,18,4.23,,full time,Onsite,,2026-07-27 20:13:05,none
1582,John,Rao,John Rao,45,F,Finance,Executive,98447,18539.0,@@gmail.com,9969325914,,Addr 582,Kolkata,Maharashtra,India,123,07/08/2023,,5,4.56,,Full Time,Remote,B+,2026-07-27 20:13:05,unknown
1583,Amit,Rao,Amit Rao,24,M,IT,Executive,113917,14687.0,amit.rao@example.com,abcdefghij,,Addr 583,Chennai,Maharashtra,India,123,14/07/2019,,16,1.55,,Contract,Remote,O+,2026-07-27 20:13:05,OK
1584,Sneha,Rao,Sneha Rao,30,female,Marketing,Analyst,-50000,12754.0,abc.com,999999999999999,,Addr 584,Chennai,Maharashtra,India,411001,11/06/2022,,0,3.25,,full time,Remote,B+,2026-07-27 20:13:05,N/A
1585,Rohit,Joshi,Rohit Joshi,28,MALE,HR,Analyst,49523,11182.0,abc.com,999999999999999,,Addr 585,Hyderabad,Maharashtra,India,560001,2032-01-01,,2,4.99,,Full Time,Hybrid,,2026-07-27 20:13:05,N/A
1586,Priya,Patel,Priya Patel,60,MALE,IT,Engineer,79177,10150.0,priya.patel@example.com,12345,,Addr 586,Kolkata,Maharashtra,India,560001,2032-01-01,,20,1.57,,Contract,Hybrid,B+,2026-07-27 20:13:05,unknown
1587,Arjun,Sharma,Arjun Sharma,59,MALE,Marketing,Manager,88854,14212.0,johngmail.com,999999999999999,,Addr 587,Pune,Maharashtra,India,ABCDE,2020-07-21,,8,1.09,,Contract,Onsite,,2026-07-27 20:13:05,unknown
1588,Priya,Singh,Priya Singh,35,Male,I.T.,Analyst,52445,14150.0,priya.singh@example.com,,,Addr 588, Mumbai,Maharashtra,India,411001,2032-01-01,,3,1.88,,full time,Remote,,2026-07-27 20:13:05,unknown
1589,Amit,Das,Amit Das,43,M,Information Technology,Manager,39743,18864.0,@@gmail.com,999999999999999,,Addr 589,Delhi ,Maharashtra,India,411001,2020-07-23,,13,2.1,,Full Time,Remote,AB+,2026-07-27 20:13:05,N/A
1590,John,Mehta,John Mehta,51,Female,Information Technology,Manager,127113,17822.0,abc@,9210217982,,Addr 590,Chennai,Maharashtra,India,ABCDE,2024.04.30,,16,4.72,,full time,Remote,,2026-07-27 20:13:05,none
1591,Sneha,Das,Sneha Das,59,M,HR,Executive,60360,18673.0,abc@,,,Addr 591,Kolkata,Maharashtra,India,560001,2023-10-18,,15,4.14,,Contract,Onsite,AB+,2026-07-27 20:13:05,?
1592,John,Patel,John Patel,24,M,Operations,Manager,97931,5801.0,john.patel@example.com,abcdefghij,,Addr 592,Delhi ,Maharashtra,India,ABCDE,2020-02-01,,12,3.71,,Contract,Hybrid,A+,2026-07-27 20:13:05,unknown
1593,Rohit,Das,Rohit Das,46,Female,I.T.,Engineer,130937,3383.0,abc.com,,,Addr 593,Kolkata,Maharashtra,India,123,05/03/2016,,13,3.49,,Contract,Hybrid,,2026-07-27 20:13:05,OK
1594,Amit,Verma,Amit Verma,23,Female,HR,Executive,108410,9217.0,abc.com,9424959881,,Addr 594,Delhi ,Maharashtra,India,123,2032-01-01,,20,3.18,,full time,Remote,AB+,2026-07-27 20:13:05,OK
1595,Sneha,Verma,Sneha Verma,46,M,Marketing,Executive,130808,7119.0,sneha.verma@example.com,,,Addr 595,Hyderabad,Maharashtra,India,560001,2032-01-01,,17,1.6,,Contract,Onsite,AB+,2026-07-27 20:13:05,none
1596,Ananya,Verma,Ananya Verma,41,Female,HR,Executive,35004,18437.0,@@gmail.com,abcdefghij,,Addr 596,Kolkata,Maharashtra,India,560001,2032-01-01,,19,2.33,,full time,Onsite,A+,2026-07-27 20:13:05,OK
1597,John,Patel,John Patel,55,male,Sales,Analyst,53927,13883.0,johngmail.com,12345,,Addr 597,Chennai,Maharashtra,India,123,2032-01-01,,7,4.47,,Full Time,Onsite,,2026-07-27 20:13:05,OK
1598,Sneha,Rao,Sneha Rao,41,male,it,Analyst,93347,12250.0,johngmail.com,,,Addr 598,Kolkata,Maharashtra,India,123,2016-11-04,,7,4.44,,Contract,Remote,,2026-07-27 20:13:05,?
1599,Sneha,Joshi,Sneha Joshi,52,Female,Finance,Executive,103227,11500.0,johngmail.com,,,Addr 599,Pune,Maharashtra,India,411001,2032-01-01,,19,2.94,,Full Time,Remote,,2026-07-27 20:13:05,unknown
1600,Kiran,Singh,Kiran Singh,26,F,Sales,Manager,41561,15866.0,kiran.singh@example.com,999999999999999,,Addr 600,  Bangalore,Maharashtra,India,411001,07/01/2018,,13,2.79,,full time,Remote,A+,2026-07-27 20:13:05,none
1601,Arjun,Verma,Arjun Verma,27,MALE,Information Technology,Engineer,53242,18341.0,arjun.verma@example.com,abcdefghij,,Addr 601,Delhi ,Maharashtra,India,ABCDE,26/10/2022,,16,3.11,,full time,Hybrid,B+,2026-07-27 20:13:05,N/A
1602,Sneha,Kumar,Sneha Kumar,48,M,IT,Analyst,106489,15738.0,abc.com,abcdefghij,,Addr 602,Hyderabad,Maharashtra,India,123,2032-01-01,,11,4.19,,full time,Onsite,,2026-07-27 20:13:05,unknown
1603,Amit,Kumar,Amit Kumar,60,Male,Information Technology,Executive,33328,1205.0,amit.kumar@example.com,12345,,Addr 603,Chennai,Maharashtra,India,411001,2016.06.11,,10,1.28,,Full Time,Hybrid,O+,2026-07-27 20:13:05,?
1604,Rahul,Kumar,Rahul Kumar,48,Female,I.T.,Engineer,67272,18196.0,abc.com,999999999999999,,Addr 604,Chennai,Maharashtra,India,560001,2017.04.15,,20,2.65,,Contract,Remote,B+,2026-07-27 20:13:05,unknown
1605,Rohit,Verma,Rohit Verma,25,Female,HR,Manager,135870,5381.0,abc@,9123920491,,Addr 605,  Bangalore,Maharashtra,India,411001,2019-02-19,,16,1.98,,full time,Hybrid,B+,2026-07-27 20:13:05,N/A
1606,Sara,Kumar,Sara Kumar,55,male,Operations,Executive,41415,6798.0,abc@,12345,,Addr 606,  Bangalore,Maharashtra,India,ABCDE,2020-03-12,,10,1.57,,Full Time,Onsite,AB+,2026-07-27 20:13:05,?
1607,John,Kumar,John Kumar,46,Male,it,Manager,45850,6752.0,john.kumar@example.com,abcdefghij,,Addr 607, Mumbai,Maharashtra,India,ABCDE,14/09/2017,,18,4.82,,Contract,Remote,AB+,2026-07-27 20:13:05,N/A
1608,Priya,Rao,Priya Rao,58,Male,Finance,Manager,48857,6457.0,@@gmail.com,999999999999999,,Addr 608,Pune,Maharashtra,India,560001,2032-01-01,,15,1.88,,full time,Hybrid,B+,2026-07-27 20:13:05,OK
1609,Kiran,Joshi,Kiran Joshi,57,F,Operations,Engineer,88566,15378.0,kiran.joshi@example.com,,,Addr 609,  Bangalore,Maharashtra,India,560001,2017-12-05,,6,2.96,,full time,Remote,,2026-07-27 20:13:05,none
1610,Rohit,Singh,Rohit Singh,27,male,Sales,Executive,125172,18956.0,abc@,,,Addr 610,Hyderabad,Maharashtra,India,560001,2016.06.19,,6,3.77,,Contract,Onsite,O+,2026-07-27 20:13:05,none
1611,Sneha,Verma,Sneha Verma,46,Male,IT,Manager,0,13709.0,sneha.verma@example.com,,,Addr 611,Kolkata,Maharashtra,India,411001,2017-08-27,,4,3.57,,Full Time,Onsite,,2026-07-27 20:13:05,unknown
1612,John,Sharma,John Sharma,51,MALE,it,Manager,137904,1160.0,abc.com,12345,,Addr 612,  Bangalore,Maharashtra,India,411001,14/01/2016,,4,1.46,,Full Time,Remote,AB+,2026-07-27 20:13:05,?
1613,Ananya,Verma,Ananya Verma,26,Male,Information Technology,Executive,46974,2371.0,ananya.verma@example.com,,,Addr 613,Chennai,Maharashtra,India,ABCDE,2015-08-08,,9,3.29,,full time,Hybrid,O+,2026-07-27 20:13:05,N/A
1614,Rohit,Sharma,Rohit Sharma,40,F,it,Engineer,132891,4291.0,rohit.sharma@example.com,abcdefghij,,Addr 614, Mumbai,Maharashtra,India,ABCDE,2022.05.28,,12,1.52,,Contract,Remote,O+,2026-07-27 20:13:05,unknown
1615,Sara,Rao,Sara Rao,21,F,HR,Analyst,121037,1559.0,sara.rao@example.com,abcdefghij,,Addr 615,Hyderabad,Maharashtra,India,123,2032-01-01,,9,4.05,,Full Time,Remote,A+,2026-07-27 20:13:05,unknown
1616,Priya,Verma,Priya Verma,51,Male,Marketing,Engineer,51227,19269.0,johngmail.com,999999999999999,,Addr 616,Kolkata,Maharashtra,India,411001,2032-01-01,,7,1.52,,full time,Onsite,A+,2026-07-27 20:13:05,unknown
1617,Sneha,Mehta,Sneha Mehta,21,male,Finance,Engineer,46343,,@@gmail.com,abcdefghij,,Addr 617,  Bangalore,Maharashtra,India,123,2016.10.11,,9,2.7,,Full Time,Remote,O+,2026-07-27 20:13:05,?
1618,Priya,Verma,Priya Verma,50,M,IT,Engineer,37785,17848.0,priya.verma@example.com,abcdefghij,,Addr 618,Kolkata,Maharashtra,India,411001,2032-01-01,,5,2.7,,Full Time,Onsite,A+,2026-07-27 20:13:05,none
1619,Priya,Joshi,Priya Joshi,58,Male,Information Technology,Analyst,90746,17658.0,priya.joshi@example.com,9671307351,,Addr 619,Kolkata,Maharashtra,India,123,2020.01.09,,16,4.82,,full time,Hybrid,B+,2026-07-27 20:13:05,?
1620,Amit,Patel,Amit Patel,22,Female,Marketing,Manager,142643,12643.0,johngmail.com,9669470318,,Addr 620,Delhi ,Maharashtra,India,ABCDE,23/11/2022,,19,2.61,,full time,Hybrid,AB+,2026-07-27 20:13:05,?
1621,Vikram,Verma,Vikram Verma,25,Female,HR,Manager,92259,,vikram.verma@example.com,9466614590,,Addr 621,Kolkata,Maharashtra,India,411001,2015-11-20,,14,3.35,,Contract,Hybrid,A+,2026-07-27 20:13:05,unknown
1622,Rahul,Sharma,Rahul Sharma,58,male,it,Engineer,103783,9832.0,abc.com,,,Addr 622,Hyderabad,Maharashtra,India,411001,2023.05.26,,20,4.32,,full time,Hybrid,,2026-07-27 20:13:05,none
1623,Ananya,Singh,Ananya Singh,50,Female,Operations,Engineer,80098,10588.0,ananya.singh@example.com,999999999999999,,Addr 623,Hyderabad,Maharashtra,India,123,08/04/2022,,7,4.32,,full time,Hybrid,B+,2026-07-27 20:13:05,N/A
1624,Sara,Kumar,Sara Kumar,39,Female,Information Technology,Executive,38781,9654.0,abc@,12345,,Addr 624,Pune,Maharashtra,India,411001,2032-01-01,,1,4.36,,Contract,Onsite,A+,2026-07-27 20:13:05,unknown
1625,Priya,Kumar,Priya Kumar,44,female,it,Executive,147630,15563.0,priya.kumar@example.com,abcdefghij,,Addr 625,Delhi ,Maharashtra,India,ABCDE,18/12/2023,,3,2.81,,full time,Onsite,,2026-07-27 20:13:05,N/A
1626,Kiran,Das,Kiran Das,21,Female,I.T.,Engineer,64013,14722.0,johngmail.com,,,Addr 626,  Bangalore,Maharashtra,India,411001,2020-09-07,,5,3.04,,full time,Onsite,,2026-07-27 20:13:05,unknown
1627,Amit,Gupta,Amit Gupta,53,male,Operations,Executive,117854,16634.0,amit.gupta@example.com,999999999999999,,Addr 627,Pune,Maharashtra,India,123,2032-01-01,,1,2.98,,Contract,Onsite,B+,2026-07-27 20:13:05,N/A
1628,Ananya,Mehta,Ananya Mehta,56,Female,HR,Analyst,76405,16081.0,abc.com,999999999999999,,Addr 628,Hyderabad,Maharashtra,India,ABCDE,2022.07.24,,19,2.72,,full time,Hybrid,,2026-07-27 20:13:05,unknown
1629,Amit,Patel,Amit Patel,0,Male,Marketing,Manager,76605,8967.0,johngmail.com,,,Addr 629,  Bangalore,Maharashtra,India,ABCDE,2019-12-24,,13,1.55,,full time,Hybrid,AB+,2026-07-27 20:13:05,N/A
1630,Rohit,Das,Rohit Das,48,Male,Information Technology,Engineer,58108,4701.0,abc.com,999999999999999,,Addr 630,Chennai,Maharashtra,India,560001,2021-10-01,,10,1.75,,Full Time,Remote,O+,2026-07-27 20:13:05,unknown
1631,Rohit,Kumar,Rohit Kumar,22,male,Sales,Analyst,94958,5081.0,abc.com,999999999999999,,Addr 631,  Bangalore,Maharashtra,India,411001,2032-01-01,,15,4.59,,Contract,Remote,,2026-07-27 20:13:05,N/A
1632,Sara,Mehta,Sara Mehta,55,female,IT,Engineer,90519,5766.0,sara.mehta@example.com,,,Addr 632, Mumbai,Maharashtra,India,560001,2032-01-01,,8,3.18,,Contract,Onsite,,2026-07-27 20:13:05,none
1633,Neha,Gupta,Neha Gupta,56,M,Finance,Executive,120267,3958.0,@@gmail.com,,,Addr 633,Chennai,Maharashtra,India,ABCDE,2019-06-10,,15,4.98,,Full Time,Onsite,AB+,2026-07-27 20:13:05,OK
1634,Sneha,Patel,Sneha Patel,48,female,IT,Manager,100492,19194.0,johngmail.com,abcdefghij,,Addr 634,Delhi ,Maharashtra,India,123,2015-10-16,,12,2.94,,Full Time,Remote,,2026-07-27 20:13:05,none
1635,Arjun,Verma,Arjun Verma,58,MALE,I.T.,Engineer,79327,9977.0,abc.com,12345,,Addr 635,Pune,Maharashtra,India,123,2018.05.08,,13,4.46,,full time,Hybrid,O+,2026-07-27 20:13:05,none
1636,Rahul,Gupta,Rahul Gupta,40,F,Sales,Manager,96377,1946.0,johngmail.com,abcdefghij,,Addr 636,Chennai,Maharashtra,India,123,2020-01-20,,3,2.59,,full time,Onsite,,2026-07-27 20:13:05,unknown
1637,Neha,Sharma,Neha Sharma,48,male,I.T.,Engineer,68549,15808.0,johngmail.com,9774625916,,Addr 637,Pune,Maharashtra,India,411001,07/02/2015,,8,3.84,,Full Time,Remote,O+,2026-07-27 20:13:05,none
1638,Arjun,Kumar,Arjun Kumar,45,Male,IT,Engineer,107176,13978.0,johngmail.com,999999999999999,,Addr 638,Kolkata,Maharashtra,India,411001,2023.12.09,,14,1.54,,Contract,Hybrid,O+,2026-07-27 20:13:05,N/A
1639,John,Rao,John Rao,28,male,IT,Manager,59990,16686.0,@@gmail.com,abcdefghij,,Addr 639,Kolkata,Maharashtra,India,ABCDE,2015.11.08,,8,4.79,,Full Time,Hybrid,B+,2026-07-27 20:13:05,OK
1640,John,Kumar,John Kumar,53,MALE,Finance,Analyst,65173,,johngmail.com,9445475231,,Addr 640, Mumbai,Maharashtra,India,ABCDE,16/10/2022,,14,2.14,,Contract,Onsite,AB+,2026-07-27 20:13:05,none
1641,Sara,Patel,Sara Patel,46,F,HR,Manager,114549,6451.0,johngmail.com,abcdefghij,,Addr 641,Chennai,Maharashtra,India,411001,2020-01-21,,2,3.43,,full time,Remote,A+,2026-07-27 20:13:05,unknown
1642,Sneha,Singh,Sneha Singh,35,MALE,it,Manager,147151,8520.0,@@gmail.com,abcdefghij,,Addr 642,Hyderabad,Maharashtra,India,411001,2032-01-01,,11,4.96,,full time,Hybrid,O+,2026-07-27 20:13:05,unknown
1643,Arjun,Mehta,Arjun Mehta,55,male,it,Analyst,92273,8125.0,johngmail.com,999999999999999,,Addr 643,Hyderabad,Maharashtra,India,123,2032-01-01,,19,3.27,,full time,Onsite,,2026-07-27 20:13:05,none
1644,Amit,Gupta,Amit Gupta,41,M,I.T.,Executive,140067,5506.0,@@gmail.com,abcdefghij,,Addr 644, Mumbai,Maharashtra,India,ABCDE,07/09/2015,,18,2.8,,Contract,Remote,B+,2026-07-27 20:13:05,none
1645,Priya,Verma,Priya Verma,56,M,IT,Executive,50593,19565.0,abc@,9288098322,,Addr 645,Pune,Maharashtra,India,411001,2016-04-06,,5,1.92,,Full Time,Remote,A+,2026-07-27 20:13:05,none
1646,Vikram,Das,Vikram Das,23,Male,it,Executive,45951,,vikram.das@example.com,abcdefghij,,Addr 646,Delhi ,Maharashtra,India,ABCDE,2019-11-13,,18,3.04,,Full Time,Hybrid,O+,2026-07-27 20:13:05,?
1647,Rohit,Verma,Rohit Verma,47,F,Sales,Engineer,56025,1553.0,johngmail.com,9620545967,,Addr 647,Delhi ,Maharashtra,India,411001,2017-03-09,,13,2.73,,Contract,Hybrid,AB+,2026-07-27 20:13:05,unknown
1648,Priya,Patel,Priya Patel,46,MALE,Finance,Engineer,122285,8366.0,@@gmail.com,,,Addr 648,  Bangalore,Maharashtra,India,411001,2015-02-23,,11,4.09,,Full Time,Hybrid,AB+,2026-07-27 20:13:05,none
1649,Neha,Mehta,Neha Mehta,55,female,Marketing,Manager,90176,18300.0,abc@,999999999999999,,Addr 649,Kolkata,Maharashtra,India,411001,2021.03.19,,0,2.48,,Contract,Hybrid,B+,2026-07-27 20:13:05,unknown
1650,Ananya,Patel,Ananya Patel,45,Male,HR,Manager,-50000,12747.0,johngmail.com,9898260418,,Addr 650,Kolkata,Maharashtra,India,123,21/05/2021,,2,4.14,,full time,Hybrid,,2026-07-27 20:13:05,unknown
1651,Priya,Das,Priya Das,26,female,I.T.,Executive,108921,3445.0,priya.das@example.com,999999999999999,,Addr 651,Delhi ,Maharashtra,India,ABCDE,16/06/2020,,4,3.41,,full time,Hybrid,,2026-07-27 20:13:05,none
1652,Priya,Das,Priya Das,37,female,Sales,Analyst,43793,12357.0,@@gmail.com,12345,,Addr 652, Mumbai,Maharashtra,India,123,2032-01-01,,0,3.84,,Full Time,Onsite,A+,2026-07-27 20:13:05,OK
1653,John,Rao,John Rao,42,M,Finance,Engineer,57691,10124.0,johngmail.com,9282895400,,Addr 653,  Bangalore,Maharashtra,India,ABCDE,18/06/2017,,8,3.87,,Full Time,Remote,B+,2026-07-27 20:13:05,?
1654,Priya,Rao,Priya Rao,44,Male,Operations,Engineer,76062,2933.0,priya.rao@example.com,abcdefghij,,Addr 654, Mumbai,Maharashtra,India,560001,2021-01-30,,1,3.98,,Full Time,Hybrid,A+,2026-07-27 20:13:05,none
1655,Amit,Singh,Amit Singh,25,F,Marketing,Analyst,30603,9402.0,amit.singh@example.com,,,Addr 655,  Bangalore,Maharashtra,India,560001,29/06/2015,,13,2.38,,Contract,Hybrid,O+,2026-07-27 20:13:05,?
1656,Priya,Rao,Priya Rao,60,F,it,Manager,56500,18642.0,priya.rao@example.com,,,Addr 656,  Bangalore,Maharashtra,India,ABCDE,18/05/2024,,2,2.87,,full time,Remote,O+,2026-07-27 20:13:05,?
1657,Arjun,Kumar,Arjun Kumar,36,MALE,I.T.,Executive,83166,18880.0,johngmail.com,,,Addr 657,Hyderabad,Maharashtra,India,ABCDE,2023.07.27,,5,2.27,,Full Time,Hybrid,O+,2026-07-27 20:13:05,?
1658,Amit,Kumar,Amit Kumar,24,M,Operations,Analyst,81573,11995.0,@@gmail.com,9156239209,,Addr 658,Hyderabad,Maharashtra,India,123,2015.07.14,,3,1.17,,Contract,Onsite,O+,2026-07-27 20:13:05,OK
1659,John,Gupta,John Gupta,27,Male,Information Technology,Executive,80842,1625.0,abc@,,,Addr 659,Delhi ,Maharashtra,India,ABCDE,2016.02.21,,8,3.79,,Full Time,Onsite,B+,2026-07-27 20:13:05,OK
1660,Priya,Verma,Priya Verma,41,F,Sales,Engineer,0,2663.0,priya.verma@example.com,,,Addr 660,Delhi ,Maharashtra,India,411001,2032-01-01,,9,1.18,,full time,Remote,AB+,2026-07-27 20:13:05,N/A
1661,Amit,Das,Amit Das,43,female,Sales,Engineer,117349,3154.0,amit.das@example.com,9064934039,,Addr 661,Pune,Maharashtra,India,123,2021.09.02,,4,4.75,,Full Time,Hybrid,A+,2026-07-27 20:13:05,none
1662,Kiran,Mehta,Kiran Mehta,40,female,Information Technology,Manager,74146,6710.0,abc.com,999999999999999,,Addr 662,Pune,Maharashtra,India,411001,2015-09-21,,13,4.86,,Contract,Onsite,A+,2026-07-27 20:13:05,OK
1663,Vikram,Gupta,Vikram Gupta,56,Male,Information Technology,Executive,92586,8917.0,johngmail.com,abcdefghij,,Addr 663,Kolkata,Maharashtra,India,ABCDE,2019-10-22,,0,2.57,,full time,Hybrid,B+,2026-07-27 20:13:05,unknown
1664,Sneha,Sharma,Sneha Sharma,43,F,IT,Engineer,79739,5260.0,johngmail.com,12345,,Addr 664,Chennai,Maharashtra,India,ABCDE,11/06/2017,,7,2.23,,Full Time,Remote,A+,2026-07-27 20:13:05,OK
1665,Kiran,Sharma,Kiran Sharma,47,F,IT,Analyst,113519,18727.0,abc.com,999999999999999,,Addr 665,  Bangalore,Maharashtra,India,ABCDE,19/03/2022,,19,4.71,,full time,Onsite,O+,2026-07-27 20:13:05,?
1666,Sneha,Gupta,Sneha Gupta,55,M,Sales,Manager,107780,14877.0,@@gmail.com,999999999999999,,Addr 666,Delhi ,Maharashtra,India,123,29/03/2021,,2,2.02,,full time,Remote,,2026-07-27 20:13:05,N/A
1667,Rahul,Das,Rahul Das,43,F,I.T.,Manager,102185,,abc@,,,Addr 667,Hyderabad,Maharashtra,India,560001,2016-04-14,,11,3.26,,full time,Remote,A+,2026-07-27 20:13:05,none
1668,Vikram,Singh,Vikram Singh,56,Female,Information Technology,Analyst,90784,16415.0,abc@,,,Addr 668,Kolkata,Maharashtra,India,ABCDE,2021-01-02,,17,4.92,,Contract,Remote,,2026-07-27 20:13:05,none
1669,Ananya,Verma,Ananya Verma,42,MALE,IT,Engineer,48101,16622.0,abc@,12345,,Addr 669, Mumbai,Maharashtra,India,ABCDE,2024-01-05,,8,1.35,,full time,Hybrid,O+,2026-07-27 20:13:05,N/A
1670,Sara,Verma,Sara Verma,28,Male,Marketing,Analyst,123131,1334.0,abc@,12345,,Addr 670,Chennai,Maharashtra,India,560001,2032-01-01,,11,4.4,,Full Time,Onsite,A+,2026-07-27 20:13:05,N/A
1671,Sneha,Singh,Sneha Singh,29,Female,Information Technology,Executive,36164,13971.0,abc@,999999999999999,,Addr 671,Hyderabad,Maharashtra,India,411001,19/06/2015,,4,4.07,,Contract,Remote,B+,2026-07-27 20:13:05,none
1672,Priya,Rao,Priya Rao,25,M,Finance,Executive,35357,6214.0,abc.com,,,Addr 672,  Bangalore,Maharashtra,India,560001,28/08/2022,,4,3.27,,Full Time,Remote,AB+,2026-07-27 20:13:05,?
1673,Rahul,Kumar,Rahul Kumar,56,MALE,Marketing,Executive,128715,2329.0,johngmail.com,9362198655,,Addr 673,Delhi ,Maharashtra,India,123,2015.08.17,,9,3.62,,full time,Hybrid,AB+,2026-07-27 20:13:05,N/A
1674,John,Mehta,John Mehta,35,Female,Marketing,Analyst,99999999,6481.0,johngmail.com,12345,,Addr 674,Delhi ,Maharashtra,India,ABCDE,2032-01-01,,4,4.68,,Contract,Hybrid,,2026-07-27 20:13:05,unknown
1675,Arjun,Verma,Arjun Verma,53,female,IT,Executive,107872,4214.0,abc.com,12345,,Addr 675, Mumbai,Maharashtra,India,123,20/02/2016,,4,3.88,,full time,Hybrid,B+,2026-07-27 20:13:05,unknown
1676,John,Sharma,John Sharma,35,male,Finance,Manager,34552,8893.0,john.sharma@example.com,999999999999999,,Addr 676,Kolkata,Maharashtra,India,560001,2019.02.02,,15,2.32,,full time,Hybrid,,2026-07-27 20:13:05,unknown
1677,Sara,Joshi,Sara Joshi,36,M,Sales,Executive,65501,17475.0,johngmail.com,abcdefghij,,Addr 677,Pune,Maharashtra,India,411001,2017.03.27,,19,4.67,,full time,Onsite,A+,2026-07-27 20:13:05,unknown
1678,Amit,Rao,Amit Rao,44,Female,Marketing,Executive,88547,8848.0,amit.rao@example.com,999999999999999,,Addr 678,Pune,Maharashtra,India,123,2021-09-06,,8,3.6,,Contract,Remote,B+,2026-07-27 20:13:05,N/A
1679,Vikram,Patel,Vikram Patel,40,male,IT,Executive,58837,16004.0,abc@,12345,,Addr 679,Pune,Maharashtra,India,411001,2018.05.17,,17,2.79,,Contract,Hybrid,O+,2026-07-27 20:13:05,N/A
1680,Neha,Joshi,Neha Joshi,38,female,I.T.,Executive,96255,9511.0,@@gmail.com,abcdefghij,,Addr 680,Chennai,Maharashtra,India,ABCDE,23/02/2024,,14,2.85,,Full Time,Onsite,AB+,2026-07-27 20:13:05,?
1681,John,Joshi,John Joshi,50,Male,Information Technology,Analyst,114633,12701.0,abc@,9781055800,,Addr 681, Mumbai,Maharashtra,India,560001,24/07/2019,,4,1.26,,Full Time,Hybrid,AB+,2026-07-27 20:13:05,N/A
1682,Priya,Rao,Priya Rao,35,Female,Information Technology,Manager,99348,3845.0,johngmail.com,12345,,Addr 682,Hyderabad,Maharashtra,India,560001,19/04/2015,,0,3.4,,Full Time,Onsite,AB+,2026-07-27 20:13:05,N/A
1683,Sneha,Verma,Sneha Verma,60,MALE,HR,Manager,49762,15506.0,abc@,999999999999999,,Addr 683,Chennai,Maharashtra,India,ABCDE,2023.01.24,,7,1.52,,full time,Hybrid,A+,2026-07-27 20:13:05,none
1684,Sneha,Sharma,Sneha Sharma,24,Female,Operations,Engineer,80998,4958.0,abc.com,999999999999999,,Addr 684,Pune,Maharashtra,India,123,07/04/2020,,17,3.71,,Contract,Remote,A+,2026-07-27 20:13:05,?
1685,John,Rao,John Rao,55,F,Finance,Executive,72508,9606.0,abc@,,,Addr 685,Delhi ,Maharashtra,India,123,07/12/2022,,11,3.24,,Contract,Onsite,,2026-07-27 20:13:05,N/A
1686,Sara,Verma,Sara Verma,43,M,IT,Executive,146448,12060.0,abc@,9506373118,,Addr 686,Delhi ,Maharashtra,India,560001,2032-01-01,,8,1.42,,Full Time,Remote,AB+,2026-07-27 20:13:05,unknown
1687,Neha,Kumar,Neha Kumar,56,MALE,I.T.,Engineer,39402,13627.0,abc@,999999999999999,,Addr 687,Pune,Maharashtra,India,123,2018.06.02,,15,1.18,,full time,Hybrid,,2026-07-27 20:13:05,OK
1688,Amit,Patel,Amit Patel,38,Male,Information Technology,Analyst,65601,,amit.patel@example.com,abcdefghij,,Addr 688,Kolkata,Maharashtra,India,ABCDE,2019-02-17,,15,4.21,,Full Time,Remote,O+,2026-07-27 20:13:05,N/A
1689,Vikram,Verma,Vikram Verma,180,Male,I.T.,Engineer,39606,19729.0,abc@,,,Addr 689,Hyderabad,Maharashtra,India,560001,23/06/2022,,2,1.66,,full time,Hybrid,B+,2026-07-27 20:13:05,OK
1690,Kiran,Verma,Kiran Verma,45,female,IT,Executive,121154,18380.0,abc.com,12345,,Addr 690,Pune,Maharashtra,India,411001,2032-01-01,,10,2.24,,Full Time,Onsite,,2026-07-27 20:13:05,unknown
1691,Amit,Singh,Amit Singh,31,Male,Information Technology,Analyst,131527,13390.0,@@gmail.com,999999999999999,,Addr 691,Hyderabad,Maharashtra,India,560001,2032-01-01,,9,2.24,,Contract,Hybrid,AB+,2026-07-27 20:13:05,?
1692,Arjun,Gupta,Arjun Gupta,40,Male,Marketing,Manager,75555,2106.0,@@gmail.com,12345,,Addr 692,Pune,Maharashtra,India,560001,2020.01.09,,18,2.71,,Full Time,Hybrid,AB+,2026-07-27 20:13:05,OK
1693,Priya,Gupta,Priya Gupta,57,female,Marketing,Manager,36494,16268.0,priya.gupta@example.com,12345,,Addr 693,  Bangalore,Maharashtra,India,123,16/04/2022,,2,4.41,,Contract,Hybrid,,2026-07-27 20:13:05,none
1694,Rohit,Gupta,Rohit Gupta,46,MALE,Finance,Executive,62507,11826.0,@@gmail.com,,,Addr 694,Hyderabad,Maharashtra,India,ABCDE,25/07/2023,,8,2.1,,full time,Hybrid,B+,2026-07-27 20:13:05,none
1695,Arjun,Rao,Arjun Rao,-5,male,HR,Engineer,95602,16631.0,abc@,9988941321,,Addr 695,Kolkata,Maharashtra,India,560001,16/12/2017,,1,3.77,,Full Time,Hybrid,A+,2026-07-27 20:13:05,?
1696,Sneha,Mehta,Sneha Mehta,33,MALE,Marketing,Analyst,134903,5117.0,sneha.mehta@example.com,9300449646,,Addr 696, Mumbai,Maharashtra,India,ABCDE,2024-07-20,,0,1.57,,Contract,Hybrid,A+,2026-07-27 20:13:05,N/A
1697,Priya,Singh,Priya Singh,42,F,Marketing,Analyst,107975,11838.0,abc.com,9570861993,,Addr 697,Delhi ,Maharashtra,India,123,2023.03.25,,6,2.04,,full time,Hybrid,AB+,2026-07-27 20:13:05,N/A
1698,Priya,Patel,Priya Patel,56,MALE,IT,Manager,54060,14349.0,abc@,999999999999999,,Addr 698, Mumbai,Maharashtra,India,411001,2017-07-01,,9,1.93,,full time,Onsite,,2026-07-27 20:13:05,?
1699,Rohit,Rao,Rohit Rao,22,Male,it,Analyst,147596,10194.0,johngmail.com,abcdefghij,,Addr 699, Mumbai,Maharashtra,India,411001,2023.10.06,,6,4.37,,Full Time,Remote,B+,2026-07-27 20:13:05,none
1700,Sneha,Sharma,Sneha Sharma,56,Female,Finance,Executive,53746,12035.0,abc@,9332829302,,Addr 700, Mumbai,Maharashtra,India,123,2032-01-01,,18,4.97,,Full Time,Remote,A+,2026-07-27 20:13:05,N/A
1701,Rahul,Singh,Rahul Singh,50,M,Information Technology,Engineer,86069,12966.0,rahul.singh@example.com,9762799553,,Addr 701, Mumbai,Maharashtra,India,123,2017.03.19,,6,1.22,,Full Time,Remote,,2026-07-27 20:13:05,none
1702,Arjun,Das,Arjun Das,34,MALE,I.T.,Engineer,68797,1536.0,arjun.das@example.com,999999999999999,,Addr 702,Kolkata,Maharashtra,India,123,2032-01-01,,3,4.33,,full time,Onsite,AB+,2026-07-27 20:13:05,unknown
1703,Arjun,Rao,Arjun Rao,59,F,I.T.,Analyst,77154,8451.0,abc.com,abcdefghij,,Addr 703,Hyderabad,Maharashtra,India,411001,2016.03.09,,12,2.58,,Contract,Hybrid,O+,2026-07-27 20:13:05,none
1704,Sara,Verma,Sara Verma,33,M,Information Technology,Manager,41080,2544.0,sara.verma@example.com,9878035869,,Addr 704,Chennai,Maharashtra,India,411001,2032-01-01,,1,4.45,,full time,Hybrid,A+,2026-07-27 20:13:05,N/A
1705,Kiran,Verma,Kiran Verma,60,Female,Finance,Analyst,71725,4584.0,johngmail.com,,,Addr 705,  Bangalore,Maharashtra,India,ABCDE,14/12/2018,,0,2.44,,full time,Remote,B+,2026-07-27 20:13:05,OK
1706,Vikram,Verma,Vikram Verma,37,Female,Marketing,Manager,126998,18680.0,abc@,999999999999999,,Addr 706,Hyderabad,Maharashtra,India,123,2019-03-24,,8,2.86,,Full Time,Remote,O+,2026-07-27 20:13:05,none
1707,John,Rao,John Rao,43,Male,Sales,Manager,88745,6952.0,johngmail.com,999999999999999,,Addr 707,  Bangalore,Maharashtra,India,560001,2023.08.04,,5,1.64,,full time,Onsite,B+,2026-07-27 20:13:05,OK
1708,Vikram,Patel,Vikram Patel,26,male,I.T.,Engineer,105065,6166.0,abc@,,,Addr 708,Delhi ,Maharashtra,India,123,2032-01-01,,7,2.74,,full time,Onsite,B+,2026-07-27 20:13:05,?
1709,Amit,Gupta,Amit Gupta,32,Male,Marketing,Executive,116932,17854.0,amit.gupta@example.com,9851331380,,Addr 709,Delhi ,Maharashtra,India,ABCDE,08/02/2023,,2,4.28,,Full Time,Remote,B+,2026-07-27 20:13:05,OK
1710,Amit,Patel,Amit Patel,53,female,Information Technology,Analyst,143997,14669.0,abc.com,abcdefghij,,Addr 710,Hyderabad,Maharashtra,India,411001,2032-01-01,,9,4.96,,Full Time,Onsite,A+,2026-07-27 20:13:05,OK
1711,Vikram,Verma,Vikram Verma,52,M,it,Executive,71114,13704.0,johngmail.com,12345,,Addr 711,Pune,Maharashtra,India,ABCDE,2032-01-01,,4,1.72,,Full Time,Remote,A+,2026-07-27 20:13:05,unknown
1712,Sara,Patel,Sara Patel,60,MALE,it,Manager,44780,16912.0,abc.com,,,Addr 712,Hyderabad,Maharashtra,India,123,2015-07-06,,20,1.64,,Contract,Remote,A+,2026-07-27 20:13:05,none
1713,Rahul,Sharma,Rahul Sharma,48,M,IT,Manager,38177,,abc@,abcdefghij,,Addr 713,Chennai,Maharashtra,India,411001,2017.06.17,,5,2.08,,Contract,Remote,,2026-07-27 20:13:05,OK
1714,Sneha,Kumar,Sneha Kumar,47,F,I.T.,Engineer,82180,15162.0,abc@,999999999999999,,Addr 714,Chennai,Maharashtra,India,ABCDE,23/09/2022,,15,2.63,,Contract,Remote,,2026-07-27 20:13:05,unknown
1715,John,Patel,John Patel,46,male,Marketing,Executive,86892,4560.0,john.patel@example.com,9132823392,,Addr 715,Chennai,Maharashtra,India,ABCDE,2022.01.29,,5,2.84,,Contract,Onsite,A+,2026-07-27 20:13:05,none
1716,Ananya,Joshi,Ananya Joshi,22,M,Operations,Executive,115281,,@@gmail.com,,,Addr 716, Mumbai,Maharashtra,India,560001,2032-01-01,,13,1.47,,Contract,Onsite,A+,2026-07-27 20:13:05,unknown
1717,Kiran,Rao,Kiran Rao,36,Female,Finance,Analyst,53356,1545.0,abc@,,,Addr 717,Kolkata,Maharashtra,India,411001,01/07/2021,,10,2.79,,full time,Onsite,,2026-07-27 20:13:05,none
1718,Kiran,Verma,Kiran Verma,59,MALE,Marketing,Engineer,126753,5472.0,abc.com,,,Addr 718,Delhi ,Maharashtra,India,411001,2032-01-01,,18,3.47,,full time,Remote,,2026-07-27 20:13:05,OK
1719,Rohit,Gupta,Rohit Gupta,52,MALE,it,Analyst,141490,14291.0,@@gmail.com,12345,,Addr 719,Delhi ,Maharashtra,India,560001,2020.02.17,,6,2.59,,Contract,Onsite,,2026-07-27 20:13:05,OK
1720,Vikram,Mehta,Vikram Mehta,22,MALE,Finance,Analyst,99999999,17867.0,johngmail.com,9052102627,,Addr 720,  Bangalore,Maharashtra,India,560001,2023.09.16,,17,3.41,,Full Time,Remote,,2026-07-27 20:13:05,N/A
1721,Arjun,Kumar,Arjun Kumar,54,Male,HR,Engineer,100729,7224.0,arjun.kumar@example.com,abcdefghij,,Addr 721,Kolkata,Maharashtra,India,411001,2024.05.07,,13,4.94,,Full Time,Remote,B+,2026-07-27 20:13:05,?
1722,Sneha,Sharma,Sneha Sharma,0,female,Marketing,Executive,146471,12661.0,abc@,999999999999999,,Addr 722,Hyderabad,Maharashtra,India,123,2032-01-01,,14,3.28,,Contract,Hybrid,A+,2026-07-27 20:13:05,OK
1723,Rohit,Das,Rohit Das,23,Male,Information Technology,Manager,146464,2559.0,abc@,999999999999999,,Addr 723,Delhi ,Maharashtra,India,123,2032-01-01,,17,4.61,,full time,Hybrid,B+,2026-07-27 20:13:05,unknown
1724,Rahul,Rao,Rahul Rao,29,Male,Sales,Analyst,87172,5486.0,@@gmail.com,12345,,Addr 724,Chennai,Maharashtra,India,123,2032-01-01,,0,2.03,,full time,Hybrid,AB+,2026-07-27 20:13:05,unknown
1725,Rohit,Mehta,Rohit Mehta,44,Female,HR,Executive,42633,8594.0,abc.com,12345,,Addr 725,Pune,Maharashtra,India,ABCDE,2022-09-05,,0,3.96,,full time,Remote,B+,2026-07-27 20:13:05,OK
1726,Priya,Das,Priya Das,30,female,Operations,Executive,131240,18877.0,abc@,,,Addr 726,Chennai,Maharashtra,India,123,28/08/2017,,11,1.56,,full time,Remote,AB+,2026-07-27 20:13:05,OK
1727,Rohit,Joshi,Rohit Joshi,26,M,Information Technology,Engineer,36845,2545.0,@@gmail.com,12345,,Addr 727,Kolkata,Maharashtra,India,123,26/06/2020,,11,4.09,,full time,Hybrid,,2026-07-27 20:13:05,unknown
1728,Priya,Das,Priya Das,40,female,Operations,Manager,141071,7657.0,priya.das@example.com,,,Addr 728, Mumbai,Maharashtra,India,560001,2016-05-02,,2,3.75,,Full Time,Onsite,,2026-07-27 20:13:05,none
1729,Amit,Rao,Amit Rao,53,Female,I.T.,Engineer,52818,16571.0,abc@,9048625152,,Addr 729,  Bangalore,Maharashtra,India,123,2032-01-01,,10,4.33,,Full Time,Hybrid,B+,2026-07-27 20:13:05,?
1730,Rohit,Sharma,Rohit Sharma,27,MALE,Marketing,Executive,66597,17271.0,rohit.sharma@example.com,12345,,Addr 730, Mumbai,Maharashtra,India,560001,20/02/2016,,18,3.42,,full time,Hybrid,AB+,2026-07-27 20:13:05,unknown
1731,Sneha,Sharma,Sneha Sharma,58,F,IT,Engineer,99765,12150.0,johngmail.com,,,Addr 731,Hyderabad,Maharashtra,India,560001,2021.11.01,,9,1.68,,full time,Hybrid,O+,2026-07-27 20:13:05,none
1732,Rohit,Mehta,Rohit Mehta,60,female,Operations,Analyst,103536,13154.0,johngmail.com,12345,,Addr 732, Mumbai,Maharashtra,India,411001,2032-01-01,,18,2.85,,Contract,Onsite,A+,2026-07-27 20:13:05,N/A
1733,Arjun,Kumar,Arjun Kumar,59,F,Operations,Engineer,73013,18338.0,@@gmail.com,999999999999999,,Addr 733,Hyderabad,Maharashtra,India,411001,2021-01-22,,5,3.9,,Contract,Remote,B+,2026-07-27 20:13:05,none
1734,Rohit,Joshi,Rohit Joshi,55,Male,Information Technology,Manager,94446,3614.0,@@gmail.com,999999999999999,,Addr 734,Hyderabad,Maharashtra,India,411001,2023.06.08,,10,1.59,,full time,Hybrid,,2026-07-27 20:13:05,N/A
1735,Neha,Joshi,Neha Joshi,41,female,it,Engineer,90906,1389.0,@@gmail.com,9326011939,,Addr 735,Pune,Maharashtra,India,ABCDE,02/01/2016,,18,4.94,,full time,Remote,O+,2026-07-27 20:13:05,unknown
1736,Priya,Singh,Priya Singh,57,Male,it,Analyst,134543,17458.0,priya.singh@example.com,999999999999999,,Addr 736,Pune,Maharashtra,India,123,2032-01-01,,6,2.52,,full time,Remote,AB+,2026-07-27 20:13:05,OK
1737,Neha,Joshi,Neha Joshi,46,Female,HR,Manager,134658,1233.0,@@gmail.com,abcdefghij,,Addr 737,Kolkata,Maharashtra,India,560001,2032-01-01,,7,3.34,,Contract,Remote,O+,2026-07-27 20:13:05,unknown
1738,Priya,Patel,Priya Patel,46,female,IT,Manager,149408,16930.0,abc@,abcdefghij,,Addr 738, Mumbai,Maharashtra,India,123,05/04/2019,,16,1.33,,full time,Hybrid,A+,2026-07-27 20:13:05,?
1739,Priya,Sharma,Priya Sharma,50,MALE,HR,Analyst,137234,10817.0,johngmail.com,12345,,Addr 739,  Bangalore,Maharashtra,India,ABCDE,2016-03-05,,8,1.57,,full time,Remote,AB+,2026-07-27 20:13:05,N/A
1740,Rohit,Patel,Rohit Patel,38,M,Information Technology,Manager,134103,1708.0,abc.com,,,Addr 740, Mumbai,Maharashtra,India,ABCDE,2017.12.14,,19,3.04,,full time,Hybrid,O+,2026-07-27 20:13:05,OK
1741,Sara,Singh,Sara Singh,42,Female,Operations,Manager,46159,7440.0,sara.singh@example.com,abcdefghij,,Addr 741, Mumbai,Maharashtra,India,411001,2032-01-01,,6,3.19,,full time,Onsite,O+,2026-07-27 20:13:05,none
1742,Neha,Singh,Neha Singh,51,M,IT,Analyst,124038,,neha.singh@example.com,12345,,Addr 742,  Bangalore,Maharashtra,India,ABCDE,2017.05.28,,8,4.15,,Full Time,Hybrid,A+,2026-07-27 20:13:05,N/A
1743,Neha,Patel,Neha Patel,43,M,Operations,Manager,0,,neha.patel@example.com,12345,,Addr 743,Kolkata,Maharashtra,India,411001,2021-11-08,,19,2.93,,Contract,Hybrid,A+,2026-07-27 20:13:05,N/A
1744,Amit,Mehta,Amit Mehta,22,Female,it,Executive,81088,19819.0,johngmail.com,abcdefghij,,Addr 744,Pune,Maharashtra,India,123,06/02/2021,,5,2.68,,Full Time,Onsite,,2026-07-27 20:13:05,OK
1745,Rahul,Singh,Rahul Singh,48,Male,Marketing,Manager,31572,14086.0,johngmail.com,999999999999999,,Addr 745,Chennai,Maharashtra,India,ABCDE,2018-06-05,,18,2.44,,full time,Onsite,,2026-07-27 20:13:05,OK
1746,Rahul,Joshi,Rahul Joshi,41,Male,IT,Engineer,47899,19451.0,rahul.joshi@example.com,12345,,Addr 746, Mumbai,Maharashtra,India,411001,2020-03-19,,6,3.16,,full time,Onsite,A+,2026-07-27 20:13:05,none
1747,Ananya,Patel,Ananya Patel,30,male,Information Technology,Engineer,63277,10153.0,johngmail.com,999999999999999,,Addr 747,Delhi ,Maharashtra,India,123,07/05/2022,,13,1.22,,Full Time,Remote,O+,2026-07-27 20:13:05,unknown
1748,Amit,Verma,Amit Verma,46,Male,I.T.,Analyst,149455,3696.0,abc@,9094477269,,Addr 748, Mumbai,Maharashtra,India,ABCDE,2032-01-01,,20,3.5,,full time,Remote,B+,2026-07-27 20:13:05,N/A
1749,Ananya,Rao,Ananya Rao,59,F,Finance,Engineer,118752,12303.0,@@gmail.com,,,Addr 749,Chennai,Maharashtra,India,411001,2015.11.20,,17,3.33,,Full Time,Remote,AB+,2026-07-27 20:13:05,none
1750,Vikram,Mehta,Vikram Mehta,55,M,Finance,Executive,133699,17832.0,johngmail.com,abcdefghij,,Addr 750,  Bangalore,Maharashtra,India,123,2023-03-20,,16,4.0,,full time,Onsite,,2026-07-27 20:13:05,OK
1751,Kiran,Patel,Kiran Patel,39,Female,I.T.,Engineer,35716,,abc.com,,,Addr 751,Delhi ,Maharashtra,India,560001,2021.05.31,,14,4.78,,Full Time,Onsite,B+,2026-07-27 20:13:05,OK
1752,Neha,Gupta,Neha Gupta,38,M,I.T.,Manager,31275,6455.0,abc@,9720550330,,Addr 752,Pune,Maharashtra,India,411001,2032-01-01,,7,4.17,,Contract,Onsite,AB+,2026-07-27 20:13:05,?
1753,Neha,Gupta,Neha Gupta,21,Female,it,Engineer,45612,1086.0,neha.gupta@example.com,999999999999999,,Addr 753,Chennai,Maharashtra,India,560001,2016-03-31,,12,1.04,,Contract,Hybrid,O+,2026-07-27 20:13:05,none
1754,Priya,Kumar,Priya Kumar,37,M,HR,Engineer,108213,17877.0,@@gmail.com,,,Addr 754,Pune,Maharashtra,India,123,2019-10-08,,19,3.22,,full time,Onsite,O+,2026-07-27 20:13:05,unknown
1755,Rohit,Verma,Rohit Verma,40,male,IT,Manager,135502,1394.0,rohit.verma@example.com,abcdefghij,,Addr 755,  Bangalore,Maharashtra,India,123,2023.07.07,,18,4.56,,full time,Hybrid,AB+,2026-07-27 20:13:05,?
1756,Amit,Sharma,Amit Sharma,29,MALE,IT,Manager,100657,17613.0,abc@,12345,,Addr 756,Pune,Maharashtra,India,123,2016-01-27,,15,2.05,,full time,Remote,AB+,2026-07-27 20:13:05,N/A
1757,Sneha,Singh,Sneha Singh,35,MALE,Operations,Engineer,-50000,4103.0,abc.com,abcdefghij,,Addr 757,Delhi ,Maharashtra,India,411001,2019.08.13,,12,1.46,,Full Time,Remote,AB+,2026-07-27 20:13:05,none
1758,Amit,Singh,Amit Singh,47,Male,IT,Engineer,61759,16016.0,amit.singh@example.com,9012329615,,Addr 758, Mumbai,Maharashtra,India,411001,2015.08.15,,17,3.86,,Full Time,Hybrid,AB+,2026-07-27 20:13:05,?
1759,Sneha,Singh,Sneha Singh,37,MALE,Marketing,Engineer,70037,5729.0,johngmail.com,12345,,Addr 759,Pune,Maharashtra,India,123,2032-01-01,,20,4.93,,Contract,Hybrid,AB+,2026-07-27 20:13:05,N/A
1760,Arjun,Singh,Arjun Singh,47,Male,Operations,Executive,51388,4327.0,abc@,abcdefghij,,Addr 760,Chennai,Maharashtra,India,560001,03/12/2018,,4,2.1,,Full Time,Onsite,AB+,2026-07-27 20:13:05,?
1761,Rohit,Das,Rohit Das,38,F,Finance,Executive,40553,19945.0,rohit.das@example.com,,,Addr 761,  Bangalore,Maharashtra,India,123,22/09/2020,,4,1.94,,full time,Remote,O+,2026-07-27 20:13:05,OK
1762,Arjun,Rao,Arjun Rao,56,male,Information Technology,Manager,133629,9283.0,abc.com,abcdefghij,,Addr 762,Chennai,Maharashtra,India,411001,2023-04-15,,3,3.68,,Contract,Hybrid,B+,2026-07-27 20:13:05,none
1763,Rohit,Patel,Rohit Patel,36,Male,Marketing,Manager,74218,10420.0,abc.com,9821884968,,Addr 763,  Bangalore,Maharashtra,India,560001,2020.12.15,,0,2.39,,Full Time,Remote,A+,2026-07-27 20:13:05,N/A
1764,Priya,Verma,Priya Verma,40,male,Finance,Engineer,54443,1960.0,priya.verma@example.com,12345,,Addr 764,Pune,Maharashtra,India,560001,2024-02-21,,1,1.81,,Full Time,Onsite,B+,2026-07-27 20:13:05,OK
1765,Kiran,Das,Kiran Das,60,Female,IT,Engineer,66178,,kiran.das@example.com,999999999999999,,Addr 765,Kolkata,Maharashtra,India,560001,2021-03-05,,3,4.54,,full time,Remote,O+,2026-07-27 20:13:05,none
1766,Rahul,Kumar,Rahul Kumar,39,F,Operations,Analyst,31235,3524.0,abc@,12345,,Addr 766,Hyderabad,Maharashtra,India,560001,2017-11-24,,15,1.55,,full time,Onsite,A+,2026-07-27 20:13:05,N/A
1767,Ananya,Patel,Ananya Patel,22,Female,it,Engineer,91601,6066.0,abc@,12345,,Addr 767,  Bangalore,Maharashtra,India,123,29/08/2019,,1,2.79,,full time,Onsite,A+,2026-07-27 20:13:05,OK
1768,Amit,Mehta,Amit Mehta,0,F,Sales,Executive,95601,,abc@,999999999999999,,Addr 768,Hyderabad,Maharashtra,India,411001,2032-01-01,,19,3.68,,full time,Onsite,O+,2026-07-27 20:13:05,?
1769,Arjun,Rao,Arjun Rao,45,F,Operations,Analyst,111231,9057.0,abc.com,999999999999999,,Addr 769,Pune,Maharashtra,India,411001,2032-01-01,,0,1.87,,full time,Remote,,2026-07-27 20:13:05,unknown
1770,Amit,Mehta,Amit Mehta,28,Female,it,Manager,67821,10595.0,abc.com,9130041691,,Addr 770,Delhi ,Maharashtra,India,ABCDE,2024-07-07,,4,1.4,,Full Time,Hybrid,AB+,2026-07-27 20:13:05,unknown
1771,Sara,Kumar,Sara Kumar,46,female,HR,Manager,110539,8624.0,@@gmail.com,999999999999999,,Addr 771,Delhi ,Maharashtra,India,ABCDE,2032-01-01,,16,4.28,,Contract,Hybrid,A+,2026-07-27 20:13:05,unknown
1772,Ananya,Singh,Ananya Singh,28,male,it,Engineer,148961,4227.0,abc@,abcdefghij,,Addr 772, Mumbai,Maharashtra,India,560001,2021-03-10,,19,2.85,,Full Time,Onsite,AB+,2026-07-27 20:13:05,OK
1773,Amit,Mehta,Amit Mehta,44,F,Finance,Executive,91415,12734.0,amit.mehta@example.com,abcdefghij,,Addr 773,  Bangalore,Maharashtra,India,123,2032-01-01,,17,4.98,,Full Time,Hybrid,A+,2026-07-27 20:13:05,N/A
1774,Priya,Das,Priya Das,35,Female,IT,Manager,68863,10886.0,abc.com,abcdefghij,,Addr 774,Kolkata,Maharashtra,India,560001,2032-01-01,,4,4.57,,Full Time,Onsite,,2026-07-27 20:13:05,unknown
1775,Rahul,Das,Rahul Das,29,Male,Operations,Executive,48850,3215.0,abc@,12345,,Addr 775, Mumbai,Maharashtra,India,560001,2032-01-01,,19,1.21,,Contract,Onsite,A+,2026-07-27 20:13:05,unknown
1776,Rohit,Kumar,Rohit Kumar,35,male,IT,Analyst,131898,1197.0,@@gmail.com,abcdefghij,,Addr 776,Hyderabad,Maharashtra,India,560001,2032-01-01,,8,4.11,,full time,Remote,O+,2026-07-27 20:13:05,?
1777,Ananya,Sharma,Ananya Sharma,59,M,Operations,Analyst,50812,3522.0,abc.com,12345,,Addr 777,  Bangalore,Maharashtra,India,ABCDE,06/04/2023,,1,3.82,,Full Time,Onsite,B+,2026-07-27 20:13:05,?
1778,Priya,Patel,Priya Patel,50,F,Sales,Executive,45819,4493.0,johngmail.com,abcdefghij,,Addr 778,Kolkata,Maharashtra,India,560001,17/07/2023,,1,2.5,,Full Time,Hybrid,,2026-07-27 20:13:05,OK
1779,Neha,Gupta,Neha Gupta,22,male,Marketing,Engineer,146717,14025.0,@@gmail.com,9710680177,,Addr 779, Mumbai,Maharashtra,India,411001,2032-01-01,,6,2.78,,Full Time,Hybrid,A+,2026-07-27 20:13:05,OK
1780,Arjun,Gupta,Arjun Gupta,47,F,Operations,Manager,66655,8335.0,arjun.gupta@example.com,,,Addr 780, Mumbai,Maharashtra,India,411001,2032-01-01,,10,2.04,,Full Time,Hybrid,,2026-07-27 20:13:05,none
1781,Rohit,Joshi,Rohit Joshi,35,female,HR,Manager,50709,17163.0,abc@,abcdefghij,,Addr 781,Kolkata,Maharashtra,India,560001,2016-03-21,,4,4.32,,Contract,Hybrid,AB+,2026-07-27 20:13:05,?
1782,John,Joshi,John Joshi,31,Female,Finance,Analyst,107085,13243.0,john.joshi@example.com,abcdefghij,,Addr 782,Kolkata,Maharashtra,India,560001,2024-03-29,,5,1.18,,Full Time,Onsite,A+,2026-07-27 20:13:05,none
1783,Amit,Gupta,Amit Gupta,25,MALE,Finance,Manager,66633,19757.0,amit.gupta@example.com,9932253332,,Addr 783, Mumbai,Maharashtra,India,ABCDE,2015.07.10,,2,1.16,,full time,Onsite,O+,2026-07-27 20:13:05,unknown
1784,Rahul,Patel,Rahul Patel,35,MALE,Finance,Analyst,119515,8406.0,johngmail.com,12345,,Addr 784, Mumbai,Maharashtra,India,123,07/12/2021,,12,4.68,,Contract,Hybrid,B+,2026-07-27 20:13:05,OK
1785,Rohit,Sharma,Rohit Sharma,55,female,HR,Engineer,133371,9854.0,rohit.sharma@example.com,,,Addr 785,Hyderabad,Maharashtra,India,ABCDE,2018-11-21,,3,1.57,,full time,Hybrid,B+,2026-07-27 20:13:05,OK
1786,Ananya,Das,Ananya Das,38,male,Information Technology,Engineer,108026,9788.0,ananya.das@example.com,999999999999999,,Addr 786,  Bangalore,Maharashtra,India,411001,19/06/2018,,3,2.93,,Full Time,Onsite,AB+,2026-07-27 20:13:05,N/A
1787,Vikram,Mehta,Vikram Mehta,53,female,Marketing,Analyst,147610,1832.0,abc.com,,,Addr 787,Delhi ,Maharashtra,India,123,23/04/2020,,8,1.24,,Full Time,Onsite,A+,2026-07-27 20:13:05,OK
1788,Sneha,Singh,Sneha Singh,41,Male,Finance,Manager,48294,4442.0,@@gmail.com,999999999999999,,Addr 788,Hyderabad,Maharashtra,India,ABCDE,2018.09.21,,8,4.44,,Full Time,Remote,,2026-07-27 20:13:05,none
1789,Neha,Mehta,Neha Mehta,41,female,it,Engineer,126462,1243.0,@@gmail.com,12345,,Addr 789, Mumbai,Maharashtra,India,ABCDE,2032-01-01,,11,1.38,,Contract,Remote,B+,2026-07-27 20:13:05,unknown
1790,Ananya,Kumar,Ananya Kumar,48,MALE,IT,Analyst,132971,18278.0,abc.com,9382567262,,Addr 790,Chennai,Maharashtra,India,123,2032-01-01,,15,1.5,,Contract,Remote,O+,2026-07-27 20:13:05,unknown
1791,Neha,Joshi,Neha Joshi,58,M,I.T.,Manager,143977,4482.0,abc.com,12345,,Addr 791,Hyderabad,Maharashtra,India,123,08/04/2023,,20,1.05,,Full Time,Remote,B+,2026-07-27 20:13:05,unknown
1792,Priya,Mehta,Priya Mehta,59,Male,IT,Executive,138983,2302.0,abc@,12345,,Addr 792, Mumbai,Maharashtra,India,411001,2032-01-01,,9,3.59,,Full Time,Onsite,B+,2026-07-27 20:13:05,none
1793,Priya,Sharma,Priya Sharma,57,male,HR,Analyst,100614,5406.0,abc@,999999999999999,,Addr 793,Pune,Maharashtra,India,ABCDE,2032-01-01,,15,3.64,,full time,Hybrid,O+,2026-07-27 20:13:05,?
1794,Priya,Rao,Priya Rao,51,M,I.T.,Executive,122892,12599.0,priya.rao@example.com,9095372346,,Addr 794,  Bangalore,Maharashtra,India,560001,26/04/2024,,7,3.69,,Full Time,Remote,AB+,2026-07-27 20:13:05,OK
1795,Rahul,Gupta,Rahul Gupta,26,M,Finance,Manager,123771,12434.0,@@gmail.com,abcdefghij,,Addr 795,  Bangalore,Maharashtra,India,560001,2017-11-26,,13,4.43,,Full Time,Hybrid,,2026-07-27 20:13:05,unknown
1796,Amit,Gupta,Amit Gupta,48,F,Information Technology,Executive,74588,19038.0,johngmail.com,12345,,Addr 796,Pune,Maharashtra,India,ABCDE,2015.07.04,,17,1.88,,full time,Hybrid,O+,2026-07-27 20:13:05,OK
1797,Ananya,Verma,Ananya Verma,48,F,Sales,Manager,80950,15700.0,abc.com,999999999999999,,Addr 797,Hyderabad,Maharashtra,India,411001,2017.06.16,,14,1.69,,Contract,Hybrid,O+,2026-07-27 20:13:05,OK
1798,John,Sharma,John Sharma,35,Female,Sales,Analyst,65116,13806.0,@@gmail.com,,,Addr 798,Pune,Maharashtra,India,123,2032-01-01,,1,2.22,,Contract,Onsite,AB+,2026-07-27 20:13:05,OK
1799,Arjun,Singh,Arjun Singh,54,MALE,Finance,Manager,81928,3698.0,abc.com,999999999999999,,Addr 799,Hyderabad,Maharashtra,India,411001,2020.02.10,,9,4.53,,Full Time,Onsite,O+,2026-07-27 20:13:05,none
1800,Sara,Gupta,Sara Gupta,24,male,Operations,Executive,51880,4604.0,sara.gupta@example.com,12345,,Addr 800,Delhi ,Maharashtra,India,560001,2032-01-01,,1,2.35,,Full Time,Remote,B+,2026-07-27 20:13:05,?
1801,Arjun,Rao,Arjun Rao,34,Male,Marketing,Executive,117277,14256.0,johngmail.com,abcdefghij,,Addr 801,Kolkata,Maharashtra,India,411001,2021-08-22,,16,2.81,,Contract,Onsite,AB+,2026-07-27 20:13:05,unknown
1802,Neha,Kumar,Neha Kumar,59,F,IT,Executive,56902,7696.0,@@gmail.com,9289876055,,Addr 802,Kolkata,Maharashtra,India,123,10/07/2023,,4,4.31,,Contract,Hybrid,A+,2026-07-27 20:13:05,unknown
1803,John,Kumar,John Kumar,25,Female,Marketing,Executive,0,3005.0,john.kumar@example.com,,,Addr 803,Kolkata,Maharashtra,India,411001,27/09/2019,,15,1.48,,Full Time,Hybrid,O+,2026-07-27 20:13:05,N/A
1804,Neha,Das,Neha Das,21,Female,Marketing,Analyst,52494,10566.0,abc@,,,Addr 804,Chennai,Maharashtra,India,411001,2016-01-06,,9,2.44,,Contract,Onsite,AB+,2026-07-27 20:13:05,?
1805,Rahul,Rao,Rahul Rao,60,MALE,it,Executive,78216,18383.0,abc@,999999999999999,,Addr 805,Chennai,Maharashtra,India,411001,2032-01-01,,15,3.01,,Full Time,Hybrid,AB+,2026-07-27 20:13:05,unknown
1806,John,Singh,John Singh,54,Female,IT,Engineer,141531,5650.0,abc.com,,,Addr 806, Mumbai,Maharashtra,India,560001,2022.08.08,,1,2.79,,Full Time,Remote,A+,2026-07-27 20:13:05,none
1807,John,Kumar,John Kumar,25,M,I.T.,Executive,51706,14586.0,abc.com,,,Addr 807,Hyderabad,Maharashtra,India,123,09/05/2015,,20,3.59,,Contract,Hybrid,A+,2026-07-27 20:13:05,OK
1808,Vikram,Kumar,Vikram Kumar,58,female,Information Technology,Executive,52477,14308.0,johngmail.com,9208082039,,Addr 808,  Bangalore,Maharashtra,India,411001,09/01/2015,,13,1.78,,full time,Hybrid,O+,2026-07-27 20:13:05,N/A
1809,Sneha,Gupta,Sneha Gupta,32,female,Finance,Analyst,119190,16877.0,sneha.gupta@example.com,999999999999999,,Addr 809,Hyderabad,Maharashtra,India,411001,2019-04-12,,4,4.83,,full time,Hybrid,B+,2026-07-27 20:13:05,OK
1810,Amit,Kumar,Amit Kumar,46,F,IT,Manager,115069,1025.0,abc@,12345,,Addr 810,Chennai,Maharashtra,India,560001,2017.12.26,,16,4.02,,Contract,Onsite,AB+,2026-07-27 20:13:05,unknown
1811,Arjun,Sharma,Arjun Sharma,38,F,it,Manager,144593,15803.0,johngmail.com,12345,,Addr 811,  Bangalore,Maharashtra,India,411001,2032-01-01,,12,4.23,,Contract,Onsite,,2026-07-27 20:13:05,?
1812,Arjun,Gupta,Arjun Gupta,58,MALE,Operations,Manager,36618,7094.0,abc.com,999999999999999,,Addr 812,  Bangalore,Maharashtra,India,560001,2015-10-29,,14,4.79,,Contract,Onsite,AB+,2026-07-27 20:13:05,N/A
1813,Neha,Joshi,Neha Joshi,58,Female,I.T.,Manager,128500,16645.0,johngmail.com,9887779256,,Addr 813,Delhi ,Maharashtra,India,411001,25/03/2019,,8,3.1,,Full Time,Onsite,O+,2026-07-27 20:13:05,none
1814,Neha,Patel,Neha Patel,54,female,HR,Engineer,46522,1961.0,neha.patel@example.com,abcdefghij,,Addr 814,Chennai,Maharashtra,India,ABCDE,2018-09-02,,9,3.92,,Contract,Remote,B+,2026-07-27 20:13:05,unknown
1815,Priya,Sharma,Priya Sharma,57,M,Sales,Manager,140574,5338.0,priya.sharma@example.com,abcdefghij,,Addr 815,Pune,Maharashtra,India,123,16/04/2017,,1,3.07,,Full Time,Hybrid,B+,2026-07-27 20:13:05,OK
1816,Kiran,Das,Kiran Das,27,Female,Finance,Executive,104499,18865.0,kiran.das@example.com,9568201753,,Addr 816,  Bangalore,Maharashtra,India,560001,2032-01-01,,3,4.75,,full time,Onsite,O+,2026-07-27 20:13:05,?
1817,Amit,Mehta,Amit Mehta,40,male,Finance,Executive,123168,8390.0,amit.mehta@example.com,999999999999999,,Addr 817,  Bangalore,Maharashtra,India,ABCDE,11/07/2024,,2,2.99,,full time,Remote,B+,2026-07-27 20:13:05,?
1818,Priya,Gupta,Priya Gupta,23,male,Sales,Engineer,97585,7880.0,johngmail.com,,,Addr 818,Hyderabad,Maharashtra,India,411001,2023.07.18,,15,2.73,,full time,Onsite,,2026-07-27 20:13:05,?
1819,Amit,Singh,Amit Singh,21,female,Operations,Executive,131894,3336.0,johngmail.com,abcdefghij,,Addr 819,Pune,Maharashtra,India,123,2018.07.15,,12,1.77,,full time,Remote,,2026-07-27 20:13:05,OK
1820,Rohit,Joshi,Rohit Joshi,250,female,Information Technology,Engineer,139467,9888.0,abc.com,9653916077,,Addr 820,Pune,Maharashtra,India,123,2020-09-15,,18,1.98,,Full Time,Onsite,O+,2026-07-27 20:13:05,unknown
1821,Arjun,Patel,Arjun Patel,22,F,HR,Manager,135417,7848.0,abc.com,999999999999999,,Addr 821,Chennai,Maharashtra,India,123,2021-01-19,,14,3.14,,Full Time,Remote,AB+,2026-07-27 20:13:05,unknown
1822,Amit,Gupta,Amit Gupta,45,MALE,Marketing,Manager,124683,14681.0,abc@,,,Addr 822,Pune,Maharashtra,India,560001,2032-01-01,,1,3.02,,Contract,Onsite,AB+,2026-07-27 20:13:05,OK
1823,Kiran,Verma,Kiran Verma,28,Female,Information Technology,Analyst,40336,5759.0,johngmail.com,9611584858,,Addr 823,Delhi ,Maharashtra,India,ABCDE,2032-01-01,,7,1.75,,Full Time,Remote,,2026-07-27 20:13:05,?
1824,Rahul,Mehta,Rahul Mehta,31,male,IT,Analyst,148618,1229.0,johngmail.com,12345,,Addr 824,Pune,Maharashtra,India,560001,2020-02-06,,9,2.56,,Full Time,Onsite,,2026-07-27 20:13:05,unknown
1825,Sara,Singh,Sara Singh,52,F,Marketing,Executive,83404,11705.0,abc.com,abcdefghij,,Addr 825,Pune,Maharashtra,India,ABCDE,2021.06.19,,15,4.25,,full time,Remote,B+,2026-07-27 20:13:05,?
1826,Rohit,Rao,Rohit Rao,24,M,HR,Engineer,61287,1274.0,@@gmail.com,,,Addr 826,Pune,Maharashtra,India,411001,18/07/2015,,18,1.18,,Full Time,Remote,A+,2026-07-27 20:13:05,N/A
1827,John,Sharma,John Sharma,22,Female,Finance,Analyst,56218,16075.0,@@gmail.com,9979531926,,Addr 827,Pune,Maharashtra,India,560001,2016-08-09,,4,4.45,,full time,Hybrid,AB+,2026-07-27 20:13:05,unknown
1828,John,Joshi,John Joshi,58,male,IT,Analyst,102985,10224.0,@@gmail.com,,,Addr 828,Hyderabad,Maharashtra,India,560001,2017.11.21,,20,2.4,,Full Time,Hybrid,O+,2026-07-27 20:13:05,unknown
1829,Vikram,Rao,Vikram Rao,59,F,Sales,Manager,110809,11318.0,johngmail.com,999999999999999,,Addr 829,Pune,Maharashtra,India,560001,2016-10-04,,9,2.8,,Contract,Remote,AB+,2026-07-27 20:13:05,?
1830,Rahul,Verma,Rahul Verma,25,MALE,it,Analyst,0,1143.0,rahul.verma@example.com,abcdefghij,,Addr 830,Hyderabad,Maharashtra,India,560001,2017-03-16,,11,1.52,,full time,Hybrid,A+,2026-07-27 20:13:05,N/A
1831,Neha,Gupta,Neha Gupta,57,MALE,IT,Executive,125934,8005.0,neha.gupta@example.com,,,Addr 831,Chennai,Maharashtra,India,560001,2032-01-01,,9,4.39,,full time,Onsite,B+,2026-07-27 20:13:05,?
1832,Sneha,Rao,Sneha Rao,33,MALE,Operations,Analyst,103343,18922.0,sneha.rao@example.com,abcdefghij,,Addr 832, Mumbai,Maharashtra,India,411001,2016-05-19,,18,1.74,,Full Time,Onsite,O+,2026-07-27 20:13:05,?
1833,Ananya,Singh,Ananya Singh,30,female,Operations,Manager,47466,14266.0,@@gmail.com,999999999999999,,Addr 833,  Bangalore,Maharashtra,India,ABCDE,2017.06.07,,5,2.76,,Full Time,Onsite,B+,2026-07-27 20:13:05,N/A
1834,Sara,Kumar,Sara Kumar,23,male,HR,Manager,-50000,1004.0,sara.kumar@example.com,12345,,Addr 834,Delhi ,Maharashtra,India,560001,2018-10-17,,19,3.36,,Full Time,Onsite,A+,2026-07-27 20:13:05,?
1835,Sneha,Joshi,Sneha Joshi,38,female,Sales,Manager,37546,15501.0,@@gmail.com,9699913831,,Addr 835,Pune,Maharashtra,India,560001,2015.12.11,,7,1.85,,Full Time,Remote,AB+,2026-07-27 20:13:05,N/A
1836,Amit,Das,Amit Das,34,male,Information Technology,Executive,96352,2106.0,johngmail.com,9647070385,,Addr 836, Mumbai,Maharashtra,India,560001,2020-01-15,,10,3.46,,Full Time,Onsite,,2026-07-27 20:13:05,unknown
1837,Amit,Mehta,Amit Mehta,23,female,Operations,Analyst,47337,9855.0,amit.mehta@example.com,abcdefghij,,Addr 837,Hyderabad,Maharashtra,India,411001,2032-01-01,,5,1.06,,Full Time,Remote,AB+,2026-07-27 20:13:05,N/A
1838,Rohit,Joshi,Rohit Joshi,46,F,Finance,Executive,67057,9757.0,@@gmail.com,999999999999999,,Addr 838,Chennai,Maharashtra,India,123,2022-02-11,,8,3.39,,Contract,Onsite,AB+,2026-07-27 20:13:05,OK
1839,Kiran,Gupta,Kiran Gupta,21,F,Finance,Manager,84649,15303.0,@@gmail.com,9322394612,,Addr 839, Mumbai,Maharashtra,India,411001,2018-07-14,,10,3.46,,Contract,Hybrid,B+,2026-07-27 20:13:05,unknown
1840,Rahul,Sharma,Rahul Sharma,49,M,I.T.,Manager,137036,18401.0,@@gmail.com,9742256787,,Addr 840,Kolkata,Maharashtra,India,ABCDE,06/11/2022,,6,2.8,,Contract,Onsite,AB+,2026-07-27 20:13:05,OK
1841,Sneha,Kumar,Sneha Kumar,45,Female,IT,Executive,125851,9369.0,abc.com,9564799846,,Addr 841,Kolkata,Maharashtra,India,123,2032-01-01,,14,3.49,,Contract,Hybrid,B+,2026-07-27 20:13:05,none
1842,Neha,Sharma,Neha Sharma,49,male,HR,Executive,36644,2944.0,abc.com,abcdefghij,,Addr 842,Delhi ,Maharashtra,India,123,2032-01-01,,16,2.63,,full time,Hybrid,AB+,2026-07-27 20:13:05,none
1843,Vikram,Joshi,Vikram Joshi,43,M,Sales,Engineer,52563,15121.0,@@gmail.com,,,Addr 843,Kolkata,Maharashtra,India,ABCDE,2018.09.04,,1,2.43,,full time,Hybrid,O+,2026-07-27 20:13:05,unknown
1844,Sneha,Patel,Sneha Patel,37,F,Finance,Analyst,97147,16476.0,@@gmail.com,,,Addr 844,Kolkata,Maharashtra,India,ABCDE,2016.09.22,,15,4.47,,Contract,Remote,AB+,2026-07-27 20:13:05,OK
1845,Neha,Rao,Neha Rao,60,MALE,Finance,Manager,97199,2991.0,abc@,abcdefghij,,Addr 845,Chennai,Maharashtra,India,411001,05/03/2017,,8,3.67,,Full Time,Onsite,AB+,2026-07-27 20:13:05,OK
1846,Kiran,Das,Kiran Das,57,M,I.T.,Analyst,50035,4588.0,abc@,999999999999999,,Addr 846, Mumbai,Maharashtra,India,123,2032-01-01,,15,2.2,,Contract,Remote,,2026-07-27 20:13:05,unknown
1847,Ananya,Singh,Ananya Singh,22,MALE,it,Engineer,86648,,abc.com,12345,,Addr 847,Delhi ,Maharashtra,India,123,2021-06-05,,14,1.76,,full time,Remote,A+,2026-07-27 20:13:05,N/A
1848,Priya,Gupta,Priya Gupta,50,M,Finance,Executive,109909,4725.0,@@gmail.com,,,Addr 848,Kolkata,Maharashtra,India,ABCDE,2023.05.06,,20,3.08,,full time,Onsite,,2026-07-27 20:13:05,unknown
1849,Priya,Gupta,Priya Gupta,35,male,Marketing,Engineer,77263,13345.0,abc.com,999999999999999,,Addr 849, Mumbai,Maharashtra,India,411001,2032-01-01,,12,1.73,,Contract,Remote,A+,2026-07-27 20:13:05,unknown
1850,Priya,Kumar,Priya Kumar,50,Female,it,Manager,49225,12855.0,@@gmail.com,12345,,Addr 850, Mumbai,Maharashtra,India,560001,14/12/2023,,7,3.62,,Full Time,Hybrid,,2026-07-27 20:13:05,none
1851,Kiran,Sharma,Kiran Sharma,35,M,IT,Engineer,134408,15038.0,@@gmail.com,abcdefghij,,Addr 851,Chennai,Maharashtra,India,123,2016-09-12,,20,4.16,,full time,Hybrid,O+,2026-07-27 20:13:05,unknown
1852,Neha,Gupta,Neha Gupta,55,Female,IT,Executive,90656,12558.0,abc.com,,,Addr 852,Hyderabad,Maharashtra,India,560001,19/11/2020,,12,4.31,,Full Time,Onsite,O+,2026-07-27 20:13:05,none
1853,Rohit,Das,Rohit Das,22,F,I.T.,Engineer,82244,,abc@,,,Addr 853,Kolkata,Maharashtra,India,411001,11/08/2019,,18,3.59,,Contract,Onsite,AB+,2026-07-27 20:13:05,OK
1854,Rohit,Verma,Rohit Verma,52,Male,Marketing,Executive,141386,2200.0,rohit.verma@example.com,12345,,Addr 854,  Bangalore,Maharashtra,India,ABCDE,23/02/2024,,8,4.62,,Contract,Onsite,AB+,2026-07-27 20:13:05,unknown
1855,Kiran,Das,Kiran Das,41,Male,Marketing,Executive,96982,17992.0,abc@,12345,,Addr 855,Kolkata,Maharashtra,India,ABCDE,2015-07-09,,10,2.32,,Contract,Remote,O+,2026-07-27 20:13:05,?
1856,John,Sharma,John Sharma,26,Female,Operations,Manager,123180,9631.0,john.sharma@example.com,abcdefghij,,Addr 856,  Bangalore,Maharashtra,India,411001,2019-01-04,,4,4.74,,Contract,Hybrid,A+,2026-07-27 20:13:05,N/A
1857,Vikram,Kumar,Vikram Kumar,46,F,it,Engineer,106386,15756.0,abc.com,,,Addr 857,Delhi ,Maharashtra,India,123,2032-01-01,,15,3.3,,full time,Remote,B+,2026-07-27 20:13:05,?
1858,Sara,Rao,Sara Rao,25,M,HR,Manager,92883,17338.0,abc.com,12345,,Addr 858,Chennai,Maharashtra,India,560001,06/05/2018,,3,3.04,,Contract,Onsite,B+,2026-07-27 20:13:05,OK
1859,Amit,Gupta,Amit Gupta,56,MALE,Finance,Manager,59723,10833.0,amit.gupta@example.com,999999999999999,,Addr 859,Kolkata,Maharashtra,India,560001,2024-04-22,,14,4.64,,full time,Hybrid,AB+,2026-07-27 20:13:05,?
1860,Sara,Mehta,Sara Mehta,28,MALE,Sales,Analyst,112196,4765.0,johngmail.com,9170502218,,Addr 860,  Bangalore,Maharashtra,India,411001,2019.05.12,,3,1.91,,full time,Hybrid,AB+,2026-07-27 20:13:05,?
1861,Sara,Sharma,Sara Sharma,56,male,Operations,Executive,126461,5108.0,abc.com,,,Addr 861,Chennai,Maharashtra,India,560001,28/11/2022,,3,3.23,,Full Time,Hybrid,AB+,2026-07-27 20:13:05,?
1862,Ananya,Patel,Ananya Patel,47,M,Marketing,Engineer,0,8881.0,@@gmail.com,,,Addr 862,Pune,Maharashtra,India,411001,22/09/2021,,14,4.89,,Contract,Remote,AB+,2026-07-27 20:13:05,?
1863,Sneha,Gupta,Sneha Gupta,180,Female,Information Technology,Analyst,69902,14225.0,sneha.gupta@example.com,999999999999999,,Addr 863,Delhi ,Maharashtra,India,560001,2023.04.21,,13,4.53,,Full Time,Hybrid,A+,2026-07-27 20:13:05,OK
1864,Rohit,Rao,Rohit Rao,29,M,HR,Engineer,132536,13497.0,abc.com,9559227764,,Addr 864,Delhi ,Maharashtra,India,411001,2017-10-05,,6,4.71,,Contract,Hybrid,A+,2026-07-27 20:13:05,N/A
1865,Sara,Joshi,Sara Joshi,34,F,Finance,Analyst,63530,14085.0,johngmail.com,12345,,Addr 865, Mumbai,Maharashtra,India,411001,2018.11.07,,11,2.1,,Contract,Onsite,A+,2026-07-27 20:13:05,unknown
1866,John,Das,John Das,33,male,Sales,Engineer,121315,16007.0,abc.com,9879531204,,Addr 866,Hyderabad,Maharashtra,India,123,2018.04.12,,7,2.76,,Contract,Hybrid,AB+,2026-07-27 20:13:05,OK
1867,Rohit,Singh,Rohit Singh,44,Female,IT,Engineer,121319,8969.0,rohit.singh@example.com,999999999999999,,Addr 867,  Bangalore,Maharashtra,India,560001,01/08/2015,,20,1.42,,Full Time,Hybrid,,2026-07-27 20:13:05,OK
1868,Rohit,Das,Rohit Das,46,female,it,Analyst,46891,15881.0,rohit.das@example.com,abcdefghij,,Addr 868,Delhi ,Maharashtra,India,ABCDE,03/02/2016,,0,2.62,,Full Time,Remote,B+,2026-07-27 20:13:05,OK
1869,Amit,Kumar,Amit Kumar,42,female,IT,Analyst,48101,4131.0,amit.kumar@example.com,9420667015,,Addr 869,Delhi ,Maharashtra,India,123,04/11/2019,,0,1.38,,full time,Hybrid,B+,2026-07-27 20:13:05,N/A
1870,Sara,Kumar,Sara Kumar,29,MALE,IT,Engineer,60422,5275.0,abc@,9205620190,,Addr 870,Pune,Maharashtra,India,ABCDE,2016.07.30,,17,2.23,,Full Time,Onsite,A+,2026-07-27 20:13:05,N/A
1871,Neha,Verma,Neha Verma,45,Male,HR,Manager,108342,14491.0,@@gmail.com,,,Addr 871,  Bangalore,Maharashtra,India,560001,2019-01-29,,5,2.05,,Contract,Hybrid,AB+,2026-07-27 20:13:05,N/A
1872,Arjun,Verma,Arjun Verma,58,MALE,HR,Executive,113447,8946.0,@@gmail.com,9985297356,,Addr 872,Delhi ,Maharashtra,India,ABCDE,2032-01-01,,12,2.48,,full time,Onsite,A+,2026-07-27 20:13:05,unknown
1873,Ananya,Rao,Ananya Rao,36,F,it,Engineer,84598,4448.0,@@gmail.com,999999999999999,,Addr 873,Kolkata,Maharashtra,India,123,2032-01-01,,13,3.88,,Contract,Remote,O+,2026-07-27 20:13:05,N/A
1874,Rohit,Gupta,Rohit Gupta,47,male,it,Analyst,50197,13722.0,johngmail.com,999999999999999,,Addr 874, Mumbai,Maharashtra,India,ABCDE,2022.11.02,,8,1.85,,Contract,Hybrid,AB+,2026-07-27 20:13:05,none
1875,Sneha,Kumar,Sneha Kumar,57,Male,Marketing,Engineer,100569,19530.0,johngmail.com,12345,,Addr 875,Chennai,Maharashtra,India,411001,2023-05-27,,12,4.59,,Contract,Onsite,B+,2026-07-27 20:13:05,?
1876,Priya,Sharma,Priya Sharma,180,male,Marketing,Engineer,51764,1133.0,priya.sharma@example.com,999999999999999,,Addr 876,Chennai,Maharashtra,India,123,29/09/2017,,3,1.53,,Full Time,Hybrid,AB+,2026-07-27 20:13:05,N/A
1877,Kiran,Mehta,Kiran Mehta,46,male,Sales,Analyst,128129,6388.0,johngmail.com,,,Addr 877,Kolkata,Maharashtra,India,123,2023-10-13,,6,2.58,,Contract,Hybrid,,2026-07-27 20:13:05,OK
1878,John,Patel,John Patel,45,female,Finance,Executive,83739,1838.0,johngmail.com,999999999999999,,Addr 878,Pune,Maharashtra,India,ABCDE,2017.01.13,,18,1.11,,full time,Onsite,B+,2026-07-27 20:13:05,none
1879,Kiran,Mehta,Kiran Mehta,26,male,HR,Manager,65638,14738.0,johngmail.com,9348140984,,Addr 879,Chennai,Maharashtra,India,411001,2023-03-15,,13,2.97,,Full Time,Remote,A+,2026-07-27 20:13:05,unknown
1880,Rohit,Patel,Rohit Patel,39,Female,Information Technology,Engineer,70835,6293.0,rohit.patel@example.com,9288661680,,Addr 880,Hyderabad,Maharashtra,India,411001,29/02/2016,,9,1.58,,Full Time,Hybrid,,2026-07-27 20:13:05,unknown
1881,Arjun,Kumar,Arjun Kumar,24,male,Sales,Manager,38045,19529.0,arjun.kumar@example.com,999999999999999,,Addr 881,Pune,Maharashtra,India,411001,2032-01-01,,3,1.81,,Full Time,Onsite,A+,2026-07-27 20:13:05,none
1882,John,Mehta,John Mehta,29,MALE,Operations,Engineer,98256,3892.0,@@gmail.com,9112874527,,Addr 882,Kolkata,Maharashtra,India,ABCDE,2032-01-01,,15,4.4,,full time,Hybrid,AB+,2026-07-27 20:13:05,unknown
1883,Vikram,Singh,Vikram Singh,56,F,Information Technology,Engineer,95446,4643.0,johngmail.com,9194232154,,Addr 883,Pune,Maharashtra,India,ABCDE,2021-10-14,,10,1.87,,Full Time,Hybrid,,2026-07-27 20:13:05,?
1884,John,Verma,John Verma,56,MALE,Sales,Analyst,72359,17280.0,@@gmail.com,,,Addr 884,Hyderabad,Maharashtra,India,123,2019.05.11,,13,2.56,,full time,Onsite,,2026-07-27 20:13:05,none
1885,Neha,Sharma,Neha Sharma,58,female,Sales,Executive,116954,7822.0,@@gmail.com,999999999999999,,Addr 885,  Bangalore,Maharashtra,India,ABCDE,2015.05.06,,12,2.47,,full time,Hybrid,A+,2026-07-27 20:13:05,?
1886,Rahul,Sharma,Rahul Sharma,38,Male,HR,Engineer,79554,14794.0,abc@,,,Addr 886,Hyderabad,Maharashtra,India,411001,2015.12.06,,3,2.94,,Contract,Remote,A+,2026-07-27 20:13:05,?
1887,Vikram,Verma,Vikram Verma,28,Male,Sales,Manager,48720,6930.0,abc@,,,Addr 887, Mumbai,Maharashtra,India,123,2017.02.26,,1,1.01,,Full Time,Remote,,2026-07-27 20:13:05,unknown
1888,Ananya,Gupta,Ananya Gupta,44,F,Information Technology,Engineer,75485,11302.0,abc@,abcdefghij,,Addr 888,Pune,Maharashtra,India,123,2032-01-01,,17,4.92,,Contract,Hybrid,,2026-07-27 20:13:05,N/A
1889,Rahul,Verma,Rahul Verma,25,MALE,Information Technology,Analyst,123361,8949.0,@@gmail.com,,,Addr 889,  Bangalore,Maharashtra,India,560001,2021.01.22,,20,1.52,,Full Time,Remote,A+,2026-07-27 20:13:05,none
1890,John,Kumar,John Kumar,45,male,Sales,Executive,103301,1817.0,abc@,abcdefghij,,Addr 890, Mumbai,Maharashtra,India,560001,2021-11-04,,10,4.26,,Contract,Hybrid,O+,2026-07-27 20:13:05,?
1891,Sneha,Gupta,Sneha Gupta,22,Female,Finance,Manager,126543,,johngmail.com,,,Addr 891,  Bangalore,Maharashtra,India,411001,2032-01-01,,2,3.91,,full time,Hybrid,AB+,2026-07-27 20:13:05,?
1892,Neha,Singh,Neha Singh,44,M,IT,Engineer,48861,4055.0,abc@,12345,,Addr 892,Chennai,Maharashtra,India,411001,2020.01.27,,6,2.92,,full time,Onsite,,2026-07-27 20:13:05,N/A
1893,John,Gupta,John Gupta,38,MALE,Operations,Executive,53638,1299.0,abc.com,9423242348,,Addr 893,Kolkata,Maharashtra,India,411001,2024.07.09,,2,2.82,,Full Time,Hybrid,A+,2026-07-27 20:13:05,unknown
1894,Sneha,Singh,Sneha Singh,41,Female,Sales,Analyst,140866,1943.0,johngmail.com,999999999999999,,Addr 894,Pune,Maharashtra,India,ABCDE,20/06/2019,,7,3.63,,Contract,Hybrid,,2026-07-27 20:13:05,unknown
1895,Sneha,Verma,Sneha Verma,41,female,it,Manager,59669,,sneha.verma@example.com,12345,,Addr 895,Pune,Maharashtra,India,560001,2017.06.29,,5,3.4,,Full Time,Remote,O+,2026-07-27 20:13:05,OK
1896,Vikram,Das,Vikram Das,32,Male,Sales,Manager,147944,7878.0,johngmail.com,,,Addr 896, Mumbai,Maharashtra,India,411001,2021.01.27,,17,4.12,,full time,Remote,B+,2026-07-27 20:13:05,N/A
1897,Rahul,Rao,Rahul Rao,24,Male,HR,Manager,111132,16965.0,rahul.rao@example.com,9900002956,,Addr 897,  Bangalore,Maharashtra,India,ABCDE,26/01/2016,,10,2.51,,Contract,Onsite,O+,2026-07-27 20:13:05,?
1898,Priya,Kumar,Priya Kumar,59,MALE,IT,Executive,111480,5673.0,abc@,999999999999999,,Addr 898,Kolkata,Maharashtra,India,411001,2023.04.19,,10,2.51,,full time,Onsite,O+,2026-07-27 20:13:05,N/A
1899,Ananya,Sharma,Ananya Sharma,60,MALE,Sales,Manager,121658,3630.0,johngmail.com,999999999999999,,Addr 899,Pune,Maharashtra,India,ABCDE,2023-10-10,,18,1.64,,Full Time,Onsite,O+,2026-07-27 20:13:05,?
1900,Rohit,Sharma,Rohit Sharma,60,Male,I.T.,Manager,118496,16678.0,abc.com,12345,,Addr 900, Mumbai,Maharashtra,India,560001,2019-07-25,,17,2.42,,Full Time,Remote,B+,2026-07-27 20:13:05,?
1901,John,Kumar,John Kumar,53,MALE,Marketing,Manager,40982,5988.0,abc.com,,,Addr 901,Kolkata,Maharashtra,India,ABCDE,30/01/2023,,2,1.83,,full time,Hybrid,O+,2026-07-27 20:13:05,none
1902,John,Kumar,John Kumar,60,male,I.T.,Executive,100172,4384.0,johngmail.com,,,Addr 902, Mumbai,Maharashtra,India,411001,2024-07-19,,3,4.12,,Contract,Remote,AB+,2026-07-27 20:13:05,unknown
1903,Amit,Rao,Amit Rao,48,M,HR,Analyst,48939,10163.0,@@gmail.com,999999999999999,,Addr 903,  Bangalore,Maharashtra,India,123,2032-01-01,,16,2.17,,full time,Remote,B+,2026-07-27 20:13:05,unknown
1904,Kiran,Mehta,Kiran Mehta,28,Male,Finance,Executive,71274,,johngmail.com,12345,,Addr 904,Kolkata,Maharashtra,India,411001,2032-01-01,,4,4.0,,full time,Onsite,AB+,2026-07-27 20:13:05,N/A
1905,Kiran,Singh,Kiran Singh,22,Female,Operations,Manager,144994,5537.0,kiran.singh@example.com,12345,,Addr 905,Delhi ,Maharashtra,India,560001,2032-01-01,,17,4.94,,Contract,Onsite,A+,2026-07-27 20:13:05,unknown
1906,Sneha,Das,Sneha Das,29,MALE,Information Technology,Analyst,36807,7671.0,abc@,12345,,Addr 906,  Bangalore,Maharashtra,India,ABCDE,2023-02-09,,18,3.79,,full time,Hybrid,A+,2026-07-27 20:13:05,?
1907,Ananya,Rao,Ananya Rao,21,M,HR,Executive,117936,18046.0,johngmail.com,abcdefghij,,Addr 907,Hyderabad,Maharashtra,India,123,04/08/2023,,12,4.27,,Contract,Remote,B+,2026-07-27 20:13:05,N/A
1908,Vikram,Das,Vikram Das,22,F,it,Manager,120615,14286.0,johngmail.com,,,Addr 908, Mumbai,Maharashtra,India,411001,2022.07.30,,13,2.12,,Contract,Remote,A+,2026-07-27 20:13:05,N/A
1909,Amit,Mehta,Amit Mehta,26,Female,HR,Analyst,115601,1029.0,amit.mehta@example.com,,,Addr 909,Pune,Maharashtra,India,ABCDE,2021-12-21,,9,2.02,,Full Time,Remote,O+,2026-07-27 20:13:05,OK
1910,Arjun,Singh,Arjun Singh,45,Female,Sales,Engineer,139266,18119.0,arjun.singh@example.com,9483747558,,Addr 910, Mumbai,Maharashtra,India,411001,2015-09-19,,3,4.69,,Contract,Hybrid,AB+,2026-07-27 20:13:05,unknown
1911,Ananya,Patel,Ananya Patel,49,Female,Finance,Engineer,109717,,johngmail.com,9169883716,,Addr 911,Pune,Maharashtra,India,123,2032-01-01,,13,4.92,,Contract,Hybrid,A+,2026-07-27 20:13:05,OK
1912,Kiran,Gupta,Kiran Gupta,45,M,Sales,Manager,50949,16613.0,kiran.gupta@example.com,,,Addr 912,Pune,Maharashtra,India,123,2032-01-01,,10,2.76,,Full Time,Onsite,O+,2026-07-27 20:13:05,N/A
1913,Sneha,Singh,Sneha Singh,58,F,it,Manager,80842,5653.0,sneha.singh@example.com,999999999999999,,Addr 913,  Bangalore,Maharashtra,India,560001,10/10/2017,,0,4.26,,Full Time,Remote,B+,2026-07-27 20:13:05,none
1914,Sneha,Singh,Sneha Singh,50,male,Operations,Executive,103423,8273.0,@@gmail.com,abcdefghij,,Addr 914,  Bangalore,Maharashtra,India,411001,07/10/2016,,0,4.22,,full time,Remote,A+,2026-07-27 20:13:05,none
1915,Kiran,Das,Kiran Das,21,female,Operations,Manager,123719,16852.0,johngmail.com,999999999999999,,Addr 915,Chennai,Maharashtra,India,560001,27/05/2016,,0,4.12,,Full Time,Remote,AB+,2026-07-27 20:13:05,OK
1916,Amit,Patel,Amit Patel,38,male,HR,Analyst,94075,2698.0,@@gmail.com,999999999999999,,Addr 916,Pune,Maharashtra,India,560001,2015.07.16,,19,2.74,,full time,Hybrid,AB+,2026-07-27 20:13:05,?
1917,Arjun,Sharma,Arjun Sharma,45,Female,HR,Manager,64867,,abc.com,,,Addr 917, Mumbai,Maharashtra,India,ABCDE,23/10/2021,,2,3.32,,full time,Remote,,2026-07-27 20:13:05,OK
1918,Ananya,Sharma,Ananya Sharma,51,female,HR,Executive,44944,4745.0,ananya.sharma@example.com,9501016260,,Addr 918,Hyderabad,Maharashtra,India,411001,22/01/2019,,12,2.39,,Contract,Onsite,B+,2026-07-27 20:13:05,unknown
1919,Ananya,Joshi,Ananya Joshi,56,F,HR,Manager,96532,7783.0,@@gmail.com,,,Addr 919,Pune,Maharashtra,India,123,2032-01-01,,7,4.88,,Contract,Onsite,AB+,2026-07-27 20:13:05,?
1920,Arjun,Singh,Arjun Singh,34,Male,Operations,Manager,83433,5792.0,abc.com,12345,,Addr 920,Delhi ,Maharashtra,India,411001,2024-02-10,,1,3.76,,Contract,Onsite,B+,2026-07-27 20:13:05,OK
1921,Rohit,Rao,Rohit Rao,40,female,Marketing,Engineer,107231,,@@gmail.com,12345,,Addr 921,Delhi ,Maharashtra,India,560001,13/06/2022,,12,3.39,,Full Time,Remote,A+,2026-07-27 20:13:05,OK
1922,Rahul,Sharma,Rahul Sharma,59,Female,HR,Engineer,98293,1116.0,@@gmail.com,,,Addr 922,Hyderabad,Maharashtra,India,ABCDE,2021-08-10,,19,3.96,,Full Time,Hybrid,B+,2026-07-27 20:13:05,?
1923,Vikram,Rao,Vikram Rao,47,M,I.T.,Engineer,136269,5492.0,johngmail.com,abcdefghij,,Addr 923,Chennai,Maharashtra,India,ABCDE,2015-12-29,,2,1.15,,full time,Onsite,,2026-07-27 20:13:05,N/A
1924,John,Singh,John Singh,48,M,HR,Executive,68039,4101.0,abc.com,abcdefghij,,Addr 924,Chennai,Maharashtra,India,411001,2015-02-04,,12,4.25,,full time,Hybrid,A+,2026-07-27 20:13:05,none
1925,Ananya,Das,Ananya Das,29,female,it,Manager,60957,18234.0,@@gmail.com,12345,,Addr 925,  Bangalore,Maharashtra,India,560001,2032-01-01,,14,3.06,,Contract,Onsite,A+,2026-07-27 20:13:05,none
1926,Sara,Singh,Sara Singh,26,M,Sales,Manager,113994,18621.0,abc.com,9074993598,,Addr 926, Mumbai,Maharashtra,India,123,2020.01.08,,19,2.91,,full time,Remote,AB+,2026-07-27 20:13:05,unknown
1927,Kiran,Das,Kiran Das,56,F,HR,Analyst,99756,,kiran.das@example.com,,,Addr 927, Mumbai,Maharashtra,India,411001,07/04/2019,,18,4.83,,full time,Hybrid,O+,2026-07-27 20:13:05,OK
1928,Rohit,Kumar,Rohit Kumar,28,F,Finance,Executive,144430,2428.0,rohit.kumar@example.com,999999999999999,,Addr 928,Delhi ,Maharashtra,India,560001,2019-12-13,,20,1.93,,Full Time,Remote,,2026-07-27 20:13:05,N/A
1929,Rahul,Patel,Rahul Patel,30,MALE,IT,Engineer,81304,2183.0,johngmail.com,12345,,Addr 929, Mumbai,Maharashtra,India,ABCDE,2032-01-01,,19,1.84,,Full Time,Onsite,,2026-07-27 20:13:05,OK
1930,Vikram,Verma,Vikram Verma,-5,Male,I.T.,Analyst,148580,14876.0,abc@,999999999999999,,Addr 930,Kolkata,Maharashtra,India,411001,2015.06.21,,9,2.56,,Contract,Onsite,O+,2026-07-27 20:13:05,?
1931,John,Das,John Das,45,Female,Operations,Manager,69836,13211.0,abc@,abcdefghij,,Addr 931,Kolkata,Maharashtra,India,ABCDE,2017.11.13,,16,1.79,,full time,Onsite,B+,2026-07-27 20:13:05,unknown
1932,John,Kumar,John Kumar,47,F,Operations,Manager,81332,17960.0,@@gmail.com,,,Addr 932,Hyderabad,Maharashtra,India,123,24/10/2019,,5,4.09,,Contract,Hybrid,,2026-07-27 20:13:05,none
1933,Neha,Mehta,Neha Mehta,48,Female,Sales,Engineer,130028,11013.0,@@gmail.com,12345,,Addr 933,Chennai,Maharashtra,India,411001,2018-05-16,,14,1.79,,Full Time,Onsite,B+,2026-07-27 20:13:05,none
1934,Rahul,Das,Rahul Das,52,male,Sales,Analyst,75266,1156.0,abc@,abcdefghij,,Addr 934,Pune,Maharashtra,India,ABCDE,2020-01-05,,9,4.97,,Full Time,Onsite,B+,2026-07-27 20:13:05,none
1935,Priya,Mehta,Priya Mehta,25,male,Operations,Analyst,120002,8619.0,abc@,abcdefghij,,Addr 935,Hyderabad,Maharashtra,India,411001,2017.05.09,,5,2.6,,Full Time,Hybrid,O+,2026-07-27 20:13:05,N/A
1936,Rohit,Rao,Rohit Rao,32,F,Sales,Engineer,98625,8321.0,abc.com,9385545146,,Addr 936,Kolkata,Maharashtra,India,411001,04/06/2024,,10,1.38,,full time,Onsite,O+,2026-07-27 20:13:05,unknown
1937,Sneha,Joshi,Sneha Joshi,50,female,IT,Executive,54441,4527.0,johngmail.com,abcdefghij,,Addr 937,Kolkata,Maharashtra,India,560001,2023.06.23,,13,3.88,,Contract,Remote,AB+,2026-07-27 20:13:05,unknown
1938,Priya,Verma,Priya Verma,53,MALE,it,Engineer,132699,13853.0,abc@,999999999999999,,Addr 938, Mumbai,Maharashtra,India,411001,13/06/2023,,19,3.39,,Full Time,Hybrid,AB+,2026-07-27 20:13:05,OK
1939,Arjun,Joshi,Arjun Joshi,60,F,it,Manager,46389,14722.0,johngmail.com,9312343888,,Addr 939,Delhi ,Maharashtra,India,123,2015-05-14,,9,3.6,,Full Time,Remote,O+,2026-07-27 20:13:05,none
1940,Neha,Rao,Neha Rao,30,Female,I.T.,Manager,63469,12855.0,@@gmail.com,abcdefghij,,Addr 940,Hyderabad,Maharashtra,India,411001,2018.05.04,,20,2.04,,Full Time,Onsite,B+,2026-07-27 20:13:05,unknown
1941,Neha,Rao,Neha Rao,26,Male,I.T.,Executive,118893,11508.0,neha.rao@example.com,9629179265,,Addr 941,  Bangalore,Maharashtra,India,ABCDE,24/11/2021,,16,1.45,,full time,Remote,,2026-07-27 20:13:05,OK
1942,Sara,Sharma,Sara Sharma,35,F,I.T.,Manager,102082,19586.0,sara.sharma@example.com,12345,,Addr 942,Hyderabad,Maharashtra,India,560001,2032-01-01,,0,2.77,,full time,Hybrid,,2026-07-27 20:13:05,none
1943,Sara,Patel,Sara Patel,24,MALE,Finance,Analyst,136019,1192.0,abc@,abcdefghij,,Addr 943,Chennai,Maharashtra,India,123,2019-03-09,,5,3.38,,Contract,Hybrid,AB+,2026-07-27 20:13:05,?
1944,Rahul,Singh,Rahul Singh,38,Male,HR,Analyst,120410,12402.0,@@gmail.com,9182368810,,Addr 944, Mumbai,Maharashtra,India,ABCDE,2032-01-01,,5,1.29,,full time,Remote,B+,2026-07-27 20:13:05,N/A
1945,Arjun,Rao,Arjun Rao,40,male,I.T.,Engineer,100178,6539.0,@@gmail.com,999999999999999,,Addr 945, Mumbai,Maharashtra,India,560001,2015-09-04,,7,3.15,,Contract,Onsite,A+,2026-07-27 20:13:05,?
1946,Neha,Rao,Neha Rao,250,female,Finance,Executive,54141,,neha.rao@example.com,9521410707,,Addr 946,  Bangalore,Maharashtra,India,ABCDE,2021.09.24,,17,2.46,,Full Time,Onsite,,2026-07-27 20:13:05,none
1947,Sneha,Patel,Sneha Patel,21,Female,Sales,Engineer,145625,3637.0,abc.com,,,Addr 947,  Bangalore,Maharashtra,India,123,2017.01.08,,12,4.29,,Contract,Remote,AB+,2026-07-27 20:13:05,?
1948,Ananya,Patel,Ananya Patel,28,female,it,Executive,140946,12612.0,johngmail.com,abcdefghij,,Addr 948,  Bangalore,Maharashtra,India,ABCDE,2032-01-01,,3,1.78,,Contract,Hybrid,O+,2026-07-27 20:13:05,OK
1949,Amit,Verma,Amit Verma,39,female,Marketing,Engineer,133213,13493.0,abc@,999999999999999,,Addr 949,Kolkata,Maharashtra,India,411001,2017.06.09,,5,3.5,,Full Time,Hybrid,B+,2026-07-27 20:13:05,unknown
1950,Rohit,Singh,Rohit Singh,55,female,Marketing,Manager,84481,1891.0,@@gmail.com,9656896987,,Addr 950, Mumbai,Maharashtra,India,560001,06/04/2016,,0,1.11,,Contract,Remote,AB+,2026-07-27 20:13:05,none
1951,John,Singh,John Singh,26,F,Sales,Manager,49001,4722.0,abc@,abcdefghij,,Addr 951,Pune,Maharashtra,India,560001,03/07/2019,,18,1.38,,Contract,Hybrid,B+,2026-07-27 20:13:05,N/A
1952,Rohit,Verma,Rohit Verma,54,male,IT,Engineer,88503,14122.0,rohit.verma@example.com,abcdefghij,,Addr 952,Hyderabad,Maharashtra,India,560001,2018-02-24,,10,1.64,,Full Time,Remote,AB+,2026-07-27 20:13:05,OK
1953,Priya,Mehta,Priya Mehta,42,M,Sales,Engineer,100062,1308.0,johngmail.com,9173563163,,Addr 953, Mumbai,Maharashtra,India,560001,2021.02.15,,11,2.79,,Full Time,Onsite,AB+,2026-07-27 20:13:05,OK
1954,Vikram,Gupta,Vikram Gupta,34,M,it,Engineer,139993,18221.0,abc.com,9990682013,,Addr 954,  Bangalore,Maharashtra,India,411001,2032-01-01,,15,2.39,,Contract,Onsite,B+,2026-07-27 20:13:05,OK
1955,Vikram,Singh,Vikram Singh,33,M,Information Technology,Manager,110467,11794.0,@@gmail.com,,,Addr 955,Delhi ,Maharashtra,India,123,2023.12.31,,16,4.11,,Contract,Remote,O+,2026-07-27 20:13:05,?
1956,Neha,Gupta,Neha Gupta,28,male,Operations,Analyst,58551,6050.0,abc@,,,Addr 956,Pune,Maharashtra,India,123,2032-01-01,,13,4.59,,Full Time,Onsite,B+,2026-07-27 20:13:05,N/A
1957,Vikram,Sharma,Vikram Sharma,46,male,Finance,Analyst,138110,19181.0,@@gmail.com,9531563093,,Addr 957,Kolkata,Maharashtra,India,560001,2032-01-01,,16,3.65,,full time,Onsite,A+,2026-07-27 20:13:05,none
1958,Vikram,Mehta,Vikram Mehta,58,Female,Operations,Manager,149887,19428.0,abc.com,999999999999999,,Addr 958,Hyderabad,Maharashtra,India,411001,2019-01-24,,6,1.86,,Contract,Hybrid,B+,2026-07-27 20:13:05,?
1959,Ananya,Sharma,Ananya Sharma,28,M,HR,Analyst,122582,11014.0,abc@,12345,,Addr 959, Mumbai,Maharashtra,India,ABCDE,2032-01-01,,10,2.23,,Full Time,Remote,,2026-07-27 20:13:05,OK
1960,John,Mehta,John Mehta,39,F,it,Analyst,117576,,@@gmail.com,9350947651,,Addr 960,Chennai,Maharashtra,India,560001,2018-04-03,,10,2.67,,full time,Remote,,2026-07-27 20:13:05,none
1961,Arjun,Patel,Arjun Patel,33,Female,it,Engineer,91270,,@@gmail.com,9245190826,,Addr 961,Chennai,Maharashtra,India,411001,2018-06-19,,20,1.8,,full time,Hybrid,,2026-07-27 20:13:05,unknown
1962,Amit,Gupta,Amit Gupta,23,female,I.T.,Manager,123208,14874.0,abc.com,,,Addr 962,Delhi ,Maharashtra,India,411001,2021-08-28,,20,4.29,,Full Time,Onsite,A+,2026-07-27 20:13:05,none
1963,Neha,Mehta,Neha Mehta,30,MALE,IT,Executive,53288,7154.0,@@gmail.com,abcdefghij,,Addr 963, Mumbai,Maharashtra,India,560001,2016.06.03,,3,4.76,,Contract,Onsite,AB+,2026-07-27 20:13:05,?
1964,Kiran,Mehta,Kiran Mehta,48,F,Sales,Analyst,62648,6786.0,johngmail.com,abcdefghij,,Addr 964,Kolkata,Maharashtra,India,411001,2023.03.16,,5,4.9,,Contract,Onsite,,2026-07-27 20:13:05,none
1965,Sneha,Gupta,Sneha Gupta,51,F,IT,Manager,135731,14826.0,@@gmail.com,abcdefghij,,Addr 965,  Bangalore,Maharashtra,India,411001,19/01/2018,,0,1.15,,Contract,Onsite,O+,2026-07-27 20:13:05,unknown
1966,Amit,Kumar,Amit Kumar,34,MALE,Finance,Executive,97678,15080.0,johngmail.com,999999999999999,,Addr 966,Chennai,Maharashtra,India,411001,2032-01-01,,18,1.21,,full time,Onsite,AB+,2026-07-27 20:13:05,OK
1967,Priya,Sharma,Priya Sharma,54,MALE,Operations,Engineer,92971,14724.0,johngmail.com,999999999999999,,Addr 967,  Bangalore,Maharashtra,India,123,2023.07.05,,18,4.55,,Contract,Remote,B+,2026-07-27 20:13:05,unknown
1968,Sara,Singh,Sara Singh,48,Female,it,Analyst,0,1545.0,@@gmail.com,abcdefghij,,Addr 968, Mumbai,Maharashtra,India,560001,2019-02-16,,15,4.33,,Contract,Onsite,B+,2026-07-27 20:13:05,unknown
1969,Ananya,Patel,Ananya Patel,29,MALE,IT,Manager,144202,17072.0,johngmail.com,,,Addr 969, Mumbai,Maharashtra,India,560001,2018-05-16,,12,1.78,,Contract,Hybrid,B+,2026-07-27 20:13:05,OK
1970,Sara,Patel,Sara Patel,30,M,it,Executive,41017,7828.0,sara.patel@example.com,999999999999999,,Addr 970,Pune,Maharashtra,India,ABCDE,2032-01-01,,10,2.66,,Full Time,Remote,AB+,2026-07-27 20:13:05,N/A
1971,Arjun,Mehta,Arjun Mehta,59,MALE,Marketing,Executive,124205,4439.0,abc.com,9123357617,,Addr 971,  Bangalore,Maharashtra,India,ABCDE,2022-08-17,,14,2.21,,full time,Hybrid,AB+,2026-07-27 20:13:05,?
1972,Amit,Rao,Amit Rao,46,M,it,Analyst,96773,19162.0,abc.com,abcdefghij,,Addr 972,Kolkata,Maharashtra,India,123,10/07/2016,,18,2.42,,Full Time,Hybrid,AB+,2026-07-27 20:13:05,unknown
1973,Rahul,Singh,Rahul Singh,47,Female,Operations,Analyst,-50000,,johngmail.com,abcdefghij,,Addr 973,Pune,Maharashtra,India,411001,2020.05.04,,15,4.07,,Contract,Remote,A+,2026-07-27 20:13:05,none
1974,Kiran,Sharma,Kiran Sharma,23,Female,Finance,Engineer,78837,17588.0,abc@,12345,,Addr 974,Delhi ,Maharashtra,India,ABCDE,05/11/2023,,4,4.77,,full time,Remote,A+,2026-07-27 20:13:05,OK
1975,Arjun,Das,Arjun Das,57,female,Information Technology,Engineer,62180,12851.0,johngmail.com,9119989965,,Addr 975,Pune,Maharashtra,India,411001,2015.04.29,,16,1.86,,full time,Hybrid,AB+,2026-07-27 20:13:05,?
1976,Priya,Mehta,Priya Mehta,49,M,Information Technology,Executive,117677,,johngmail.com,12345,,Addr 976,Delhi ,Maharashtra,India,560001,2023.03.10,,19,3.34,,Full Time,Onsite,,2026-07-27 20:13:05,OK
1977,Arjun,Verma,Arjun Verma,35,Male,I.T.,Manager,149048,1568.0,@@gmail.com,abcdefghij,,Addr 977,Pune,Maharashtra,India,123,2022-11-12,,6,4.5,,Contract,Hybrid,AB+,2026-07-27 20:13:05,OK
1978,Arjun,Das,Arjun Das,36,male,it,Engineer,126106,12127.0,abc@,abcdefghij,,Addr 978,Delhi ,Maharashtra,India,411001,2018-06-13,,5,4.67,,Full Time,Onsite,AB+,2026-07-27 20:13:05,N/A
1979,Sneha,Patel,Sneha Patel,47,M,Finance,Executive,42518,7670.0,@@gmail.com,abcdefghij,,Addr 979,  Bangalore,Maharashtra,India,123,2021-01-09,,11,1.84,,Contract,Onsite,,2026-07-27 20:13:05,unknown
1980,John,Verma,John Verma,56,Female,Sales,Analyst,135739,19918.0,abc.com,999999999999999,,Addr 980,  Bangalore,Maharashtra,India,123,12/10/2022,,6,3.15,,Full Time,Onsite,B+,2026-07-27 20:13:05,unknown
1981,Rohit,Gupta,Rohit Gupta,23,female,IT,Manager,38523,13621.0,abc@,,,Addr 981,  Bangalore,Maharashtra,India,ABCDE,2016-01-11,,18,3.94,,Full Time,Remote,A+,2026-07-27 20:13:05,none
1982,Sneha,Verma,Sneha Verma,39,Male,Information Technology,Analyst,41550,3747.0,@@gmail.com,9553015303,,Addr 982,Kolkata,Maharashtra,India,123,2020.04.18,,0,2.8,,Contract,Remote,A+,2026-07-27 20:13:05,OK
1983,Kiran,Rao,Kiran Rao,40,female,Sales,Analyst,127179,15160.0,abc@,12345,,Addr 983,  Bangalore,Maharashtra,India,123,2019.01.16,,4,1.22,,full time,Onsite,A+,2026-07-27 20:13:05,none
1984,Sara,Patel,Sara Patel,27,female,Marketing,Executive,42226,,abc.com,,,Addr 984, Mumbai,Maharashtra,India,ABCDE,2015-04-04,,20,4.24,,full time,Onsite,AB+,2026-07-27 20:13:05,N/A
1985,John,Rao,John Rao,45,male,IT,Manager,95086,3829.0,john.rao@example.com,,,Addr 985,Chennai,Maharashtra,India,560001,2024-05-15,,6,1.63,,Full Time,Remote,AB+,2026-07-27 20:13:05,unknown
1986,Rohit,Joshi,Rohit Joshi,29,MALE,HR,Executive,48972,3895.0,@@gmail.com,9520580286,,Addr 986,Kolkata,Maharashtra,India,560001,2021-11-26,,9,3.21,,Full Time,Remote,O+,2026-07-27 20:13:05,OK
1987,Vikram,Joshi,Vikram Joshi,51,MALE,Operations,Executive,109559,2365.0,abc.com,abcdefghij,,Addr 987, Mumbai,Maharashtra,India,411001,2024-07-02,,12,2.32,,full time,Hybrid,B+,2026-07-27 20:13:05,N/A
1988,Rohit,Kumar,Rohit Kumar,53,M,Marketing,Analyst,149448,8787.0,rohit.kumar@example.com,9360622901,,Addr 988,Kolkata,Maharashtra,India,ABCDE,2032-01-01,,0,4.69,,full time,Onsite,O+,2026-07-27 20:13:05,?
1989,Priya,Gupta,Priya Gupta,53,male,Sales,Engineer,125718,18073.0,abc.com,9538294419,,Addr 989,Delhi ,Maharashtra,India,560001,2021-11-25,,11,1.93,,full time,Remote,,2026-07-27 20:13:05,N/A
1990,Kiran,Joshi,Kiran Joshi,47,M,HR,Engineer,73434,5131.0,johngmail.com,abcdefghij,,Addr 990,  Bangalore,Maharashtra,India,ABCDE,16/01/2016,,11,4.1,,Contract,Onsite,B+,2026-07-27 20:13:05,N/A
1991,Rohit,Verma,Rohit Verma,21,F,Information Technology,Manager,78957,15312.0,abc.com,,,Addr 991,Pune,Maharashtra,India,560001,2023.01.15,,10,4.21,,Full Time,Hybrid,O+,2026-07-27 20:13:05,unknown
1992,Kiran,Joshi,Kiran Joshi,42,male,Information Technology,Manager,56301,16649.0,@@gmail.com,999999999999999,,Addr 992,Delhi ,Maharashtra,India,411001,2024-04-26,,20,2.16,,Contract,Hybrid,B+,2026-07-27 20:13:05,?
1993,Ananya,Joshi,Ananya Joshi,28,F,Operations,Executive,59362,14312.0,@@gmail.com,,,Addr 993,Hyderabad,Maharashtra,India,560001,13/07/2023,,0,4.65,,Full Time,Onsite,B+,2026-07-27 20:13:05,unknown
1994,Sara,Kumar,Sara Kumar,28,M,HR,Engineer,126522,16577.0,abc@,,,Addr 994, Mumbai,Maharashtra,India,560001,2032-01-01,,13,3.21,,Contract,Onsite,,2026-07-27 20:13:05,unknown
1995,Vikram,Sharma,Vikram Sharma,53,Male,Finance,Engineer,55760,19138.0,vikram.sharma@example.com,999999999999999,,Addr 995,Pune,Maharashtra,India,123,2015.12.06,,8,2.09,,Full Time,Hybrid,B+,2026-07-27 20:13:05,none
1996,Amit,Rao,Amit Rao,48,M,Finance,Executive,48059,2575.0,@@gmail.com,,,Addr 996,Kolkata,Maharashtra,India,123,2032-01-01,,14,3.96,,Contract,Remote,,2026-07-27 20:13:05,unknown
1997,Sara,Sharma,Sara Sharma,43,MALE,HR,Manager,118287,12147.0,@@gmail.com,,,Addr 997,Delhi ,Maharashtra,India,560001,2032-01-01,,20,3.05,,full time,Onsite,AB+,2026-07-27 20:13:05,OK
1998,Ananya,Kumar,Ananya Kumar,22,F,Operations,Analyst,132403,19661.0,ananya.kumar@example.com,,,Addr 998,Chennai,Maharashtra,India,123,2021.11.01,,3,4.17,,Contract,Remote,O+,2026-07-27 20:13:05,N/A
1999,John,Patel,John Patel,60,Female,I.T.,Manager,114422,19689.0,johngmail.com,999999999999999,,Addr 999,Pune,Maharashtra,India,123,2019.10.26,,9,3.9,,full time,Onsite,B+,2026-07-27 20:13:05,unknown
2000,Neha,Rao,Neha Rao,52,Male,Sales,Executive,52901,1087.0,abc.com,12345,,Addr 1000,Delhi ,Maharashtra,India,560001,2032-01-01,,3,4.98,,Contract,Remote,A+,2026-07-27 20:13:05,OK
2001,Sneha,Mehta,Sneha Mehta,35,F,Finance,Analyst,39405,9598.0,abc.com,abcdefghij,,Addr 1001,Pune,Maharashtra,India,ABCDE,2020.03.08,,8,3.59,,Contract,Onsite,AB+,2026-07-27 20:13:05,unknown
2002,Priya,Rao,Priya Rao,44,M,HR,Analyst,142814,13016.0,@@gmail.com,abcdefghij,,Addr 1002,Hyderabad,Maharashtra,India,411001,2032-01-01,,12,1.18,,Contract,Hybrid,A+,2026-07-27 20:13:05,N/A
2003,Vikram,Verma,Vikram Verma,40,M,IT,Analyst,-50000,15568.0,vikram.verma@example.com,abcdefghij,,Addr 1003,Hyderabad,Maharashtra,India,123,2017-09-03,,16,3.85,,full time,Hybrid,O+,2026-07-27 20:13:05,?
2004,Rahul,Patel,Rahul Patel,180,Male,IT,Engineer,110710,2288.0,rahul.patel@example.com,,,Addr 1004,  Bangalore,Maharashtra,India,ABCDE,2020.03.05,,10,3.72,,full time,Onsite,B+,2026-07-27 20:13:05,OK
2005,Sara,Joshi,Sara Joshi,36,female,it,Executive,118716,7486.0,johngmail.com,9735589607,,Addr 1005,  Bangalore,Maharashtra,India,ABCDE,26/06/2021,,17,3.15,,full time,Remote,B+,2026-07-27 20:13:05,N/A
2006,Sneha,Patel,Sneha Patel,21,Male,Finance,Manager,91354,11154.0,abc@,,,Addr 1006,  Bangalore,Maharashtra,India,560001,2023-06-13,,8,3.08,,Full Time,Remote,A+,2026-07-27 20:13:05,OK
2007,Ananya,Singh,Ananya Singh,48,F,Sales,Manager,33301,12229.0,abc@,999999999999999,,Addr 1007,  Bangalore,Maharashtra,India,411001,2024-01-09,,4,3.69,,Full Time,Remote,A+,2026-07-27 20:13:05,unknown
2008,John,Verma,John Verma,45,Male,Information Technology,Executive,101637,5808.0,@@gmail.com,12345,,Addr 1008, Mumbai,Maharashtra,India,123,2018.08.13,,8,2.15,,Full Time,Remote,,2026-07-27 20:13:05,OK
2009,Sara,Kumar,Sara Kumar,42,Male,HR,Executive,54586,1599.0,@@gmail.com,999999999999999,,Addr 1009,Hyderabad,Maharashtra,India,123,2022-06-19,,17,4.11,,full time,Hybrid,A+,2026-07-27 20:13:05,unknown
2010,Vikram,Verma,Vikram Verma,0,female,it,Manager,72420,2955.0,vikram.verma@example.com,9127283603,,Addr 1010,Hyderabad,Maharashtra,India,560001,2032-01-01,,9,2.87,,full time,Remote,,2026-07-27 20:13:05,OK
2011,Vikram,Das,Vikram Das,55,male,Operations,Executive,109128,16832.0,johngmail.com,,,Addr 1011,Hyderabad,Maharashtra,India,560001,2019-11-19,,9,1.41,,full time,Onsite,B+,2026-07-27 20:13:05,OK
2012,Neha,Verma,Neha Verma,42,F,Marketing,Analyst,91245,3730.0,johngmail.com,,,Addr 1012,Chennai,Maharashtra,India,560001,2019-05-05,,7,2.19,,full time,Onsite,A+,2026-07-27 20:13:05,none
2013,Ananya,Sharma,Ananya Sharma,44,Female,Information Technology,Manager,101411,13820.0,johngmail.com,12345,,Addr 1013,Chennai,Maharashtra,India,560001,20/05/2016,,10,4.81,,full time,Remote,B+,2026-07-27 20:13:05,N/A
2014,Priya,Rao,Priya Rao,22,Female,it,Executive,66221,5638.0,abc.com,9335838439,,Addr 1014,Pune,Maharashtra,India,560001,2021.05.29,,14,1.96,,full time,Remote,AB+,2026-07-27 20:13:05,unknown
2015,Sneha,Mehta,Sneha Mehta,43,Male,IT,Manager,69879,,sneha.mehta@example.com,,,Addr 1015,Chennai,Maharashtra,India,560001,2019-03-26,,7,2.36,,Contract,Hybrid,A+,2026-07-27 20:13:05,?
2016,Ananya,Patel,Ananya Patel,33,Male,Sales,Executive,148955,,abc.com,abcdefghij,,Addr 1016,Hyderabad,Maharashtra,India,ABCDE,2020.06.13,,6,1.96,,full time,Onsite,O+,2026-07-27 20:13:05,OK
2017,Rohit,Das,Rohit Das,50,M,Marketing,Engineer,0,11636.0,abc.com,abcdefghij,,Addr 1017,Hyderabad,Maharashtra,India,560001,2032-01-01,,10,4.65,,full time,Hybrid,O+,2026-07-27 20:13:05,OK
2018,Rahul,Mehta,Rahul Mehta,55,F,IT,Analyst,87512,8117.0,rahul.mehta@example.com,9815605427,,Addr 1018,  Bangalore,Maharashtra,India,123,2021.02.01,,15,2.65,,Full Time,Remote,A+,2026-07-27 20:13:05,OK
2019,Ananya,Gupta,Ananya Gupta,49,MALE,Finance,Analyst,90468,19522.0,johngmail.com,9226934854,,Addr 1019,Kolkata,Maharashtra,India,ABCDE,2020-04-20,,19,3.03,,Contract,Hybrid,,2026-07-27 20:13:05,unknown
2020,Sara,Rao,Sara Rao,45,female,I.T.,Executive,98079,14427.0,abc.com,999999999999999,,Addr 1020,Pune,Maharashtra,India,ABCDE,2032-01-01,,4,2.5,,full time,Hybrid,,2026-07-27 20:13:05,N/A
2021,Sara,Das,Sara Das,26,Male,Operations,Manager,46148,14744.0,abc@,12345,,Addr 1021,Chennai,Maharashtra,India,ABCDE,2015-10-13,,4,1.86,,Contract,Remote,O+,2026-07-27 20:13:05,unknown
2022,Vikram,Sharma,Vikram Sharma,22,F,Marketing,Analyst,119135,14068.0,abc.com,,,Addr 1022,Delhi ,Maharashtra,India,411001,31/10/2023,,16,2.37,,full time,Onsite,A+,2026-07-27 20:13:05,OK
2023,Vikram,Mehta,Vikram Mehta,56,MALE,Finance,Executive,74648,4815.0,abc.com,9804255428,,Addr 1023,Delhi ,Maharashtra,India,ABCDE,2032-01-01,,13,4.04,,full time,Remote,O+,2026-07-27 20:13:05,unknown
2024,Rahul,Das,Rahul Das,48,Female,it,Executive,33593,2377.0,abc@,,,Addr 1024,Chennai,Maharashtra,India,123,2032-01-01,,13,4.69,,Contract,Onsite,B+,2026-07-27 20:13:05,none
2025,Ananya,Gupta,Ananya Gupta,31,Female,Operations,Manager,121706,,abc@,999999999999999,,Addr 1025,Delhi ,Maharashtra,India,123,2020-11-18,,13,1.03,,Full Time,Remote,,2026-07-27 20:13:05,none
2026,Rohit,Sharma,Rohit Sharma,41,female,IT,Manager,70923,3598.0,abc@,abcdefghij,,Addr 1026,Pune,Maharashtra,India,560001,2020.04.13,,16,2.99,,Full Time,Onsite,A+,2026-07-27 20:13:05,OK
2027,Arjun,Rao,Arjun Rao,50,MALE,IT,Engineer,83182,19715.0,johngmail.com,abcdefghij,,Addr 1027,Delhi ,Maharashtra,India,ABCDE,28/08/2019,,0,3.29,,full time,Onsite,AB+,2026-07-27 20:13:05,N/A
2028,Neha,Kumar,Neha Kumar,21,M,IT,Engineer,73984,6030.0,abc@,,,Addr 1028,Chennai,Maharashtra,India,560001,2017-06-04,,3,2.46,,Contract,Remote,,2026-07-27 20:13:05,?
2029,Ananya,Gupta,Ananya Gupta,29,Male,I.T.,Analyst,47130,,abc.com,9285233297,,Addr 1029,Kolkata,Maharashtra,India,123,01/07/2024,,15,3.34,,Contract,Remote,,2026-07-27 20:13:05,OK
2030,Sneha,Kumar,Sneha Kumar,41,F,Information Technology,Engineer,57657,15536.0,sneha.kumar@example.com,abcdefghij,,Addr 1030, Mumbai,Maharashtra,India,123,2032-01-01,,7,3.33,,Full Time,Hybrid,B+,2026-07-27 20:13:05,unknown
2031,Kiran,Patel,Kiran Patel,36,female,Information Technology,Manager,105380,16395.0,johngmail.com,12345,,Addr 1031,Chennai,Maharashtra,India,123,2020.10.19,,19,4.59,,Contract,Hybrid,B+,2026-07-27 20:13:05,none
2032,Vikram,Joshi,Vikram Joshi,46,F,Finance,Manager,143580,2409.0,abc@,abcdefghij,,Addr 1032,  Bangalore,Maharashtra,India,560001,2020-05-05,,20,1.12,,Full Time,Onsite,O+,2026-07-27 20:13:05,OK
2033,Kiran,Patel,Kiran Patel,51,male,Operations,Executive,145209,13515.0,abc@,12345,,Addr 1033,Pune,Maharashtra,India,411001,2019.09.13,,20,4.9,,Full Time,Onsite,O+,2026-07-27 20:13:05,N/A
2034,Ananya,Singh,Ananya Singh,28,F,Operations,Manager,81904,3157.0,@@gmail.com,12345,,Addr 1034,Hyderabad,Maharashtra,India,ABCDE,21/03/2016,,10,3.44,,Contract,Hybrid,AB+,2026-07-27 20:13:05,unknown
2035,Amit,Verma,Amit Verma,36,F,Sales,Executive,149484,16619.0,amit.verma@example.com,999999999999999,,Addr 1035,Chennai,Maharashtra,India,ABCDE,2032-01-01,,10,1.04,,Contract,Remote,B+,2026-07-27 20:13:05,none
2036,Kiran,Sharma,Kiran Sharma,24,M,Finance,Executive,143333,11215.0,@@gmail.com,abcdefghij,,Addr 1036, Mumbai,Maharashtra,India,ABCDE,2021-06-11,,12,3.48,,Contract,Remote,A+,2026-07-27 20:13:05,?
2037,Ananya,Joshi,Ananya Joshi,57,male,HR,Analyst,119641,1629.0,@@gmail.com,12345,,Addr 1037,Delhi ,Maharashtra,India,560001,06/02/2024,,7,4.31,,Contract,Remote,B+,2026-07-27 20:13:05,N/A
2038,Rahul,Das,Rahul Das,36,female,HR,Engineer,60146,4324.0,abc@,999999999999999,,Addr 1038, Mumbai,Maharashtra,India,411001,10/08/2017,,7,2.39,,full time,Remote,AB+,2026-07-27 20:13:05,OK
2039,Amit,Singh,Amit Singh,27,F,IT,Executive,77924,11625.0,abc.com,abcdefghij,,Addr 1039,  Bangalore,Maharashtra,India,123,2024-03-18,,2,3.37,,Full Time,Hybrid,O+,2026-07-27 20:13:05,OK
2040,Amit,Joshi,Amit Joshi,23,M,it,Engineer,140687,12313.0,amit.joshi@example.com,abcdefghij,,Addr 1040,Chennai,Maharashtra,India,560001,2017.08.10,,11,2.98,,Full Time,Hybrid,AB+,2026-07-27 20:13:05,N/A
2041,Amit,Kumar,Amit Kumar,38,M,HR,Engineer,86437,14451.0,abc@,999999999999999,,Addr 1041,  Bangalore,Maharashtra,India,411001,2022.01.31,,1,2.16,,Full Time,Hybrid,,2026-07-27 20:13:05,none
2042,John,Rao,John Rao,47,Female,Operations,Executive,70117,8070.0,johngmail.com,999999999999999,,Addr 1042,Chennai,Maharashtra,India,411001,2020-08-13,,6,3.4,,full time,Onsite,,2026-07-27 20:13:05,none
2043,Rohit,Patel,Rohit Patel,23,MALE,Marketing,Engineer,61860,4731.0,johngmail.com,9878518569,,Addr 1043,Delhi ,Maharashtra,India,411001,2032-01-01,,10,4.97,,Contract,Onsite,B+,2026-07-27 20:13:05,?
2044,Ananya,Verma,Ananya Verma,51,male,Operations,Manager,124896,19152.0,ananya.verma@example.com,9472373564,,Addr 1044,  Bangalore,Maharashtra,India,ABCDE,2020-11-16,,17,1.89,,full time,Onsite,AB+,2026-07-27 20:13:05,none
2045,Kiran,Gupta,Kiran Gupta,44,Male,Finance,Analyst,109634,14489.0,johngmail.com,,,Addr 1045,Hyderabad,Maharashtra,India,560001,2032-01-01,,11,1.27,,Contract,Hybrid,AB+,2026-07-27 20:13:05,OK
2046,Priya,Rao,Priya Rao,23,MALE,Sales,Executive,69802,3929.0,abc.com,,,Addr 1046,Kolkata,Maharashtra,India,123,2032-01-01,,10,4.03,,Full Time,Remote,AB+,2026-07-27 20:13:05,?
2047,Ananya,Singh,Ananya Singh,27,M,Operations,Executive,132598,14621.0,ananya.singh@example.com,9548720124,,Addr 1047, Mumbai,Maharashtra,India,123,2015.03.17,,10,2.28,,Contract,Remote,O+,2026-07-27 20:13:05,unknown
2048,Kiran,Sharma,Kiran Sharma,23,female,it,Manager,95008,16015.0,abc@,9887246163,,Addr 1048, Mumbai,Maharashtra,India,123,08/09/2020,,16,1.88,,Contract,Remote,A+,2026-07-27 20:13:05,OK
2049,Kiran,Patel,Kiran Patel,31,Female,Finance,Manager,94450,10108.0,kiran.patel@example.com,,,Addr 1049,Hyderabad,Maharashtra,India,560001,07/04/2018,,11,1.4,,Contract,Hybrid,B+,2026-07-27 20:13:05,N/A
2050,Sneha,Verma,Sneha Verma,46,Male,IT,Manager,34896,10403.0,sneha.verma@example.com,,,Addr 1050,Hyderabad,Maharashtra,India,411001,2020.01.27,,3,4.69,,Contract,Remote,,2026-07-27 20:13:05,OK
2051,Sneha,Patel,Sneha Patel,23,female,it,Engineer,58509,16984.0,abc.com,12345,,Addr 1051,  Bangalore,Maharashtra,India,411001,2019.08.18,,4,2.89,,Contract,Hybrid,,2026-07-27 20:13:05,unknown
2052,Arjun,Mehta,Arjun Mehta,0,female,it,Manager,101331,7271.0,arjun.mehta@example.com,9373714503,,Addr 1052,Kolkata,Maharashtra,India,411001,2016-09-28,,4,2.52,,full time,Onsite,,2026-07-27 20:13:05,OK
2053,Arjun,Patel,Arjun Patel,57,M,IT,Executive,64562,4031.0,abc.com,12345,,Addr 1053,Delhi ,Maharashtra,India,560001,2032-01-01,,17,3.21,,Full Time,Hybrid,A+,2026-07-27 20:13:05,OK
2054,Neha,Mehta,Neha Mehta,33,F,Information Technology,Engineer,142442,19427.0,neha.mehta@example.com,,,Addr 1054,Chennai,Maharashtra,India,411001,2015.11.18,,9,2.8,,Contract,Hybrid,AB+,2026-07-27 20:13:05,OK
2055,Kiran,Mehta,Kiran Mehta,45,M,Information Technology,Analyst,95972,7969.0,kiran.mehta@example.com,12345,,Addr 1055,Kolkata,Maharashtra,India,ABCDE,2032-01-01,,10,3.65,,full time,Onsite,O+,2026-07-27 20:13:05,OK
2056,Ananya,Mehta,Ananya Mehta,49,MALE,Finance,Executive,-50000,4491.0,abc@,999999999999999,,Addr 1056,Pune,Maharashtra,India,ABCDE,22/04/2015,,13,4.04,,full time,Hybrid,B+,2026-07-27 20:13:05,OK
2057,Sara,Kumar,Sara Kumar,46,male,Information Technology,Engineer,99968,11888.0,@@gmail.com,9612536064,,Addr 1057,Pune,Maharashtra,India,123,2032-01-01,,9,4.8,,full time,Hybrid,,2026-07-27 20:13:05,unknown
2058,Rohit,Rao,Rohit Rao,58,F,it,Analyst,97733,,rohit.rao@example.com,999999999999999,,Addr 1058,  Bangalore,Maharashtra,India,ABCDE,2032-01-01,,10,3.3,,full time,Onsite,B+,2026-07-27 20:13:05,N/A
2059,Rahul,Das,Rahul Das,25,M,Information Technology,Executive,34785,1774.0,abc@,999999999999999,,Addr 1059,Delhi ,Maharashtra,India,ABCDE,01/12/2020,,7,3.66,,Contract,Hybrid,,2026-07-27 20:13:05,?
2060,Sara,Joshi,Sara Joshi,35,Female,Information Technology,Executive,33475,8672.0,@@gmail.com,999999999999999,,Addr 1060,Delhi ,Maharashtra,India,ABCDE,2032-01-01,,3,4.83,,Contract,Hybrid,AB+,2026-07-27 20:13:05,N/A
2061,Priya,Das,Priya Das,40,F,Marketing,Manager,94921,5988.0,abc@,999999999999999,,Addr 1061,Hyderabad,Maharashtra,India,560001,2017-06-05,,8,3.81,,Full Time,Hybrid,,2026-07-27 20:13:05,N/A
2062,Priya,Das,Priya Das,23,M,IT,Analyst,114028,8503.0,@@gmail.com,999999999999999,,Addr 1062,Chennai,Maharashtra,India,ABCDE,2021.10.30,,8,2.57,,full time,Remote,,2026-07-27 20:13:05,none
2063,Sara,Gupta,Sara Gupta,0,MALE,Operations,Engineer,60248,8777.0,@@gmail.com,abcdefghij,,Addr 1063, Mumbai,Maharashtra,India,411001,2020.01.09,,0,3.48,,Full Time,Hybrid,A+,2026-07-27 20:13:05,OK
2064,Rahul,Patel,Rahul Patel,28,female,IT,Engineer,85591,,rahul.patel@example.com,12345,,Addr 1064,Pune,Maharashtra,India,ABCDE,2023-10-16,,1,3.69,,Contract,Onsite,B+,2026-07-27 20:13:05,N/A
2065,Rohit,Mehta,Rohit Mehta,57,Female,IT,Executive,55774,8145.0,rohit.mehta@example.com,abcdefghij,,Addr 1065,Delhi ,Maharashtra,India,560001,2022-06-20,,19,1.55,,Full Time,Onsite,,2026-07-27 20:13:05,N/A
2066,Amit,Sharma,Amit Sharma,26,Female,Marketing,Analyst,80384,,abc@,999999999999999,,Addr 1066,Hyderabad,Maharashtra,India,ABCDE,2019.08.10,,20,3.44,,Full Time,Hybrid,AB+,2026-07-27 20:13:05,?
2067,Arjun,Sharma,Arjun Sharma,35,F,Information Technology,Manager,74995,18486.0,abc@,abcdefghij,,Addr 1067,Hyderabad,Maharashtra,India,123,19/05/2024,,5,2.25,,Contract,Hybrid,O+,2026-07-27 20:13:05,unknown
2068,Arjun,Kumar,Arjun Kumar,36,F,Marketing,Executive,144308,4805.0,arjun.kumar@example.com,9433064098,,Addr 1068,Delhi ,Maharashtra,India,560001,2032-01-01,,2,4.36,,full time,Onsite,O+,2026-07-27 20:13:05,none
2069,John,Sharma,John Sharma,45,female,I.T.,Executive,109921,,@@gmail.com,9912046372,,Addr 1069,  Bangalore,Maharashtra,India,ABCDE,2032-01-01,,12,3.9,,Full Time,Remote,B+,2026-07-27 20:13:05,unknown
2070,Rohit,Mehta,Rohit Mehta,21,male,Sales,Analyst,107258,17046.0,johngmail.com,abcdefghij,,Addr 1070,Pune,Maharashtra,India,ABCDE,2015.10.24,,14,2.08,,Full Time,Remote,A+,2026-07-27 20:13:05,?
2071,John,Singh,John Singh,50,Male,HR,Executive,76549,16172.0,johngmail.com,9112584233,,Addr 1071,Kolkata,Maharashtra,India,411001,2019-05-23,,11,2.59,,Full Time,Remote,,2026-07-27 20:13:05,N/A
2072,Kiran,Verma,Kiran Verma,56,male,it,Executive,149159,6612.0,kiran.verma@example.com,999999999999999,,Addr 1072,Delhi ,Maharashtra,India,123,2022.01.17,,4,1.74,,full time,Remote,A+,2026-07-27 20:13:05,OK
2073,Kiran,Das,Kiran Das,-5,Female,Operations,Analyst,39090,6248.0,johngmail.com,abcdefghij,,Addr 1073,Delhi ,Maharashtra,India,411001,2024-06-22,,0,4.83,,Full Time,Remote,,2026-07-27 20:13:05,OK
2074,Kiran,Mehta,Kiran Mehta,37,female,I.T.,Manager,52664,2561.0,kiran.mehta@example.com,12345,,Addr 1074,Chennai,Maharashtra,India,ABCDE,2022-09-21,,6,3.68,,Contract,Remote,O+,2026-07-27 20:13:05,N/A
2075,Ananya,Joshi,Ananya Joshi,28,M,I.T.,Engineer,44661,13989.0,abc@,12345,,Addr 1075, Mumbai,Maharashtra,India,411001,2024.01.18,,11,2.11,,full time,Remote,A+,2026-07-27 20:13:05,?
2076,Priya,Rao,Priya Rao,50,Male,IT,Analyst,126256,1900.0,priya.rao@example.com,,,Addr 1076,Pune,Maharashtra,India,ABCDE,2019.05.21,,3,1.48,,Full Time,Hybrid,A+,2026-07-27 20:13:05,none
2077,Vikram,Gupta,Vikram Gupta,47,Male,HR,Engineer,51289,13205.0,abc@,999999999999999,,Addr 1077,Chennai,Maharashtra,India,560001,2021.06.05,,7,2.4,,full time,Onsite,A+,2026-07-27 20:13:05,unknown
2078,Ananya,Rao,Ananya Rao,33,Female,Sales,Engineer,41395,11800.0,abc@,,,Addr 1078, Mumbai,Maharashtra,India,560001,2016-12-15,,7,1.33,,full time,Hybrid,,2026-07-27 20:13:05,none
2079,Rahul,Singh,Rahul Singh,43,F,it,Engineer,107726,18811.0,johngmail.com,abcdefghij,,Addr 1079,Hyderabad,Maharashtra,India,ABCDE,2015-03-23,,10,3.95,,full time,Onsite,AB+,2026-07-27 20:13:05,?
2080,Sneha,Das,Sneha Das,26,Male,HR,Executive,134527,1600.0,@@gmail.com,999999999999999,,Addr 1080,Pune,Maharashtra,India,123,2032-01-01,,1,4.19,,Full Time,Hybrid,B+,2026-07-27 20:13:05,N/A
2081,Priya,Singh,Priya Singh,54,Female,Marketing,Engineer,99999999,16024.0,johngmail.com,999999999999999,,Addr 1081,Delhi ,Maharashtra,India,560001,2017-04-05,,3,3.99,,Contract,Onsite,,2026-07-27 20:13:05,?
2082,Kiran,Gupta,Kiran Gupta,42,female,Marketing,Engineer,142237,7922.0,abc.com,,,Addr 1082,  Bangalore,Maharashtra,India,411001,2016.06.02,,7,4.88,,full time,Hybrid,B+,2026-07-27 20:13:05,OK
2083,Sara,Gupta,Sara Gupta,51,male,Operations,Analyst,110179,10738.0,@@gmail.com,,,Addr 1083,Kolkata,Maharashtra,India,ABCDE,2032-01-01,,4,2.54,,full time,Hybrid,B+,2026-07-27 20:13:05,unknown
2084,Ananya,Joshi,Ananya Joshi,46,Male,Finance,Manager,115492,7858.0,abc.com,,,Addr 1084,Kolkata,Maharashtra,India,123,2032-01-01,,16,4.03,,Contract,Hybrid,O+,2026-07-27 20:13:05,?
2085,John,Kumar,John Kumar,54,MALE,HR,Analyst,94068,7898.0,john.kumar@example.com,9717761350,,Addr 1085,  Bangalore,Maharashtra,India,ABCDE,2032-01-01,,18,1.63,,Full Time,Remote,,2026-07-27 20:13:05,unknown
2086,Arjun,Sharma,Arjun Sharma,47,Female,Sales,Manager,73650,2416.0,abc@,abcdefghij,,Addr 1086,Chennai,Maharashtra,India,123,2017-08-25,,9,3.49,,Full Time,Hybrid,,2026-07-27 20:13:05,OK
2087,Neha,Verma,Neha Verma,51,M,Information Technology,Analyst,110265,2093.0,abc.com,9355557020,,Addr 1087,  Bangalore,Maharashtra,India,411001,2032-01-01,,8,1.29,,full time,Hybrid,O+,2026-07-27 20:13:05,unknown
2088,Kiran,Mehta,Kiran Mehta,46,Male,I.T.,Engineer,62673,4055.0,abc@,12345,,Addr 1088,Kolkata,Maharashtra,India,ABCDE,19/12/2023,,20,3.84,,Full Time,Hybrid,AB+,2026-07-27 20:13:05,unknown
2089,Arjun,Rao,Arjun Rao,36,female,IT,Analyst,72446,12144.0,abc.com,999999999999999,,Addr 1089,  Bangalore,Maharashtra,India,123,02/04/2021,,7,3.58,,full time,Hybrid,B+,2026-07-27 20:13:05,none
2090,Sara,Gupta,Sara Gupta,47,Male,IT,Manager,138109,19532.0,johngmail.com,999999999999999,,Addr 1090,Delhi ,Maharashtra,India,123,2015-09-10,,12,1.42,,Contract,Remote,AB+,2026-07-27 20:13:05,?
2091,Rahul,Patel,Rahul Patel,32,Male,IT,Manager,57365,2086.0,johngmail.com,12345,,Addr 1091,Chennai,Maharashtra,India,ABCDE,27/10/2018,,18,3.94,,Full Time,Onsite,,2026-07-27 20:13:05,N/A
2092,Kiran,Rao,Kiran Rao,30,Male,IT,Analyst,92964,6679.0,johngmail.com,abcdefghij,,Addr 1092, Mumbai,Maharashtra,India,560001,2023-10-13,,10,2.14,,Contract,Hybrid,AB+,2026-07-27 20:13:05,none
2093,Rohit,Das,Rohit Das,56,male,IT,Executive,50811,17991.0,rohit.das@example.com,999999999999999,,Addr 1093,Delhi ,Maharashtra,India,123,07/11/2023,,8,2.96,,Full Time,Onsite,AB+,2026-07-27 20:13:05,OK
2094,John,Rao,John Rao,49,male,Finance,Analyst,90428,19026.0,johngmail.com,,,Addr 1094,Delhi ,Maharashtra,India,560001,2024.04.23,,15,2.87,,Full Time,Hybrid,A+,2026-07-27 20:13:05,N/A
2095,Kiran,Kumar,Kiran Kumar,30,Female,Finance,Manager,38034,5467.0,abc.com,abcdefghij,,Addr 1095, Mumbai,Maharashtra,India,560001,2020-08-10,,20,3.06,,full time,Remote,O+,2026-07-27 20:13:05,?
2096,Sara,Rao,Sara Rao,33,Male,Marketing,Executive,91859,19914.0,@@gmail.com,12345,,Addr 1096,Hyderabad,Maharashtra,India,123,01/02/2021,,11,3.69,,full time,Remote,AB+,2026-07-27 20:13:05,OK
2097,Priya,Gupta,Priya Gupta,60,Female,Finance,Engineer,30362,4883.0,johngmail.com,999999999999999,,Addr 1097,Chennai,Maharashtra,India,411001,2021-10-09,,15,4.31,,Full Time,Hybrid,B+,2026-07-27 20:13:05,N/A
2098,Vikram,Kumar,Vikram Kumar,49,Female,Marketing,Executive,114949,14509.0,vikram.kumar@example.com,9051109007,,Addr 1098,Kolkata,Maharashtra,India,411001,2032-01-01,,17,3.95,,Full Time,Onsite,B+,2026-07-27 20:13:05,OK
2099,Sneha,Sharma,Sneha Sharma,39,Female,Operations,Manager,112145,6754.0,sneha.sharma@example.com,abcdefghij,,Addr 1099,Chennai,Maharashtra,India,560001,2016.08.31,,20,1.92,,Contract,Hybrid,O+,2026-07-27 20:13:05,none
2100,Sara,Das,Sara Das,31,MALE,I.T.,Executive,119188,9451.0,abc@,abcdefghij,,Addr 1100,Pune,Maharashtra,India,123,2023-05-23,,6,1.95,,Contract,Remote,AB+,2026-07-27 20:13:05,?
2101,Vikram,Gupta,Vikram Gupta,59,M,Marketing,Engineer,148031,1157.0,abc.com,,,Addr 1101,Delhi ,Maharashtra,India,560001,2023-08-26,,8,2.09,,Contract,Remote,,2026-07-27 20:13:05,OK
2102,Neha,Joshi,Neha Joshi,39,female,IT,Analyst,64803,19511.0,abc.com,12345,,Addr 1102,  Bangalore,Maharashtra,India,411001,2020-08-23,,3,1.36,,Full Time,Onsite,,2026-07-27 20:13:05,unknown
2103,Sara,Patel,Sara Patel,48,Female,it,Analyst,137283,8954.0,@@gmail.com,,,Addr 1103,Pune,Maharashtra,India,411001,28/12/2020,,4,3.63,,full time,Hybrid,B+,2026-07-27 20:13:05,unknown
2104,Kiran,Das,Kiran Das,21,MALE,Sales,Analyst,51491,17942.0,johngmail.com,,,Addr 1104,Delhi ,Maharashtra,India,560001,2022.06.07,,12,1.02,,Full Time,Onsite,B+,2026-07-27 20:13:05,?
2105,Priya,Das,Priya Das,37,female,Operations,Manager,86332,,abc@,999999999999999,,Addr 1105,  Bangalore,Maharashtra,India,560001,2032-01-01,,18,4.97,,Contract,Hybrid,AB+,2026-07-27 20:13:05,unknown
2106,Arjun,Mehta,Arjun Mehta,49,F,Finance,Engineer,30559,5462.0,abc.com,9360596275,,Addr 1106,Chennai,Maharashtra,India,ABCDE,2018.09.11,,12,4.58,,Contract,Onsite,A+,2026-07-27 20:13:05,OK
2107,Amit,Mehta,Amit Mehta,39,F,Finance,Executive,85303,12451.0,johngmail.com,9115686223,,Addr 1107,Kolkata,Maharashtra,India,560001,2024-06-08,,13,2.34,,full time,Onsite,A+,2026-07-27 20:13:05,unknown
2108,Neha,Patel,Neha Patel,29,M,Finance,Manager,57941,6775.0,johngmail.com,12345,,Addr 1108,Kolkata,Maharashtra,India,411001,2019-04-01,,4,3.5,,Full Time,Onsite,A+,2026-07-27 20:13:05,?
2109,Rohit,Verma,Rohit Verma,55,F,IT,Executive,71805,10791.0,@@gmail.com,abcdefghij,,Addr 1109,Chennai,Maharashtra,India,123,2021-04-02,,16,4.72,,Full Time,Onsite,,2026-07-27 20:13:05,none
2110,Amit,Joshi,Amit Joshi,31,female,it,Executive,35439,11357.0,abc.com,12345,,Addr 1110,Chennai,Maharashtra,India,123,2032-01-01,,1,2.31,,Full Time,Remote,A+,2026-07-27 20:13:05,N/A
2111,John,Verma,John Verma,56,F,Operations,Engineer,128911,7868.0,abc@,999999999999999,,Addr 1111,Hyderabad,Maharashtra,India,560001,19/02/2024,,13,4.78,,Contract,Onsite,O+,2026-07-27 20:13:05,N/A
2112,Ananya,Verma,Ananya Verma,45,Male,HR,Manager,0,8421.0,@@gmail.com,abcdefghij,,Addr 1112,Kolkata,Maharashtra,India,123,2032-01-01,,7,2.37,,full time,Remote,B+,2026-07-27 20:13:05,N/A
2113,Ananya,Das,Ananya Das,23,Male,Finance,Analyst,99565,16394.0,abc@,9027322857,,Addr 1113,Delhi ,Maharashtra,India,ABCDE,2022.03.24,,1,4.05,,Full Time,Hybrid,O+,2026-07-27 20:13:05,unknown
2114,Arjun,Rao,Arjun Rao,35,Female,Operations,Executive,68426,14617.0,johngmail.com,12345,,Addr 1114,Hyderabad,Maharashtra,India,560001,2020.11.04,,12,3.43,,full time,Hybrid,,2026-07-27 20:13:05,unknown
2115,Sara,Rao,Sara Rao,34,male,I.T.,Engineer,51369,11823.0,@@gmail.com,abcdefghij,,Addr 1115,Delhi ,Maharashtra,India,123,07/08/2020,,13,2.1,,full time,Hybrid,A+,2026-07-27 20:13:05,none
2116,Kiran,Joshi,Kiran Joshi,29,female,IT,Manager,62104,1948.0,kiran.joshi@example.com,abcdefghij,,Addr 1116,  Bangalore,Maharashtra,India,411001,2017.04.25,,17,4.1,,Full Time,Remote,,2026-07-27 20:13:05,OK
2117,Priya,Joshi,Priya Joshi,50,MALE,HR,Analyst,32775,15740.0,johngmail.com,,,Addr 1117,Delhi ,Maharashtra,India,560001,2024.03.07,,11,4.84,,full time,Onsite,O+,2026-07-27 20:13:05,none
2118,Kiran,Joshi,Kiran Joshi,0,female,HR,Executive,123070,15519.0,kiran.joshi@example.com,12345,,Addr 1118,Chennai,Maharashtra,India,123,15/02/2019,,11,1.57,,Full Time,Hybrid,,2026-07-27 20:13:05,none
2119,Amit,Patel,Amit Patel,27,F,Information Technology,Manager,139082,17103.0,@@gmail.com,,,Addr 1119,Delhi ,Maharashtra,India,560001,04/06/2019,,0,3.05,,Contract,Remote,O+,2026-07-27 20:13:05,OK
2120,Neha,Joshi,Neha Joshi,32,female,Information Technology,Manager,67291,10362.0,neha.joshi@example.com,9293634094,,Addr 1120, Mumbai,Maharashtra,India,411001,2022-08-30,,11,3.87,,Contract,Remote,O+,2026-07-27 20:13:05,?
2121,Kiran,Joshi,Kiran Joshi,22,MALE,Operations,Analyst,134920,8755.0,abc@,12345,,Addr 1121,Kolkata,Maharashtra,India,123,15/07/2021,,8,4.2,,Contract,Hybrid,AB+,2026-07-27 20:13:05,OK
2122,Neha,Singh,Neha Singh,60,M,I.T.,Executive,84527,17173.0,abc@,12345,,Addr 1122,Hyderabad,Maharashtra,India,411001,26/09/2021,,1,1.37,,Contract,Hybrid,,2026-07-27 20:13:05,OK
2123,Amit,Gupta,Amit Gupta,24,Female,it,Engineer,118791,12811.0,abc@,9319199082,,Addr 1123,Chennai,Maharashtra,India,ABCDE,23/11/2020,,10,2.57,,Contract,Onsite,B+,2026-07-27 20:13:05,OK
2124,Ananya,Verma,Ananya Verma,46,M,IT,Analyst,123260,3267.0,johngmail.com,999999999999999,,Addr 1124,Delhi ,Maharashtra,India,411001,2017.08.14,,0,1.45,,Contract,Remote,B+,2026-07-27 20:13:05,OK
2125,Neha,Mehta,Neha Mehta,44,M,IT,Executive,147226,13807.0,@@gmail.com,9077525723,,Addr 1125,Kolkata,Maharashtra,India,560001,17/12/2023,,3,2.58,,Full Time,Onsite,AB+,2026-07-27 20:13:05,none
2126,Sara,Patel,Sara Patel,24,MALE,Operations,Engineer,129574,13422.0,abc@,abcdefghij,,Addr 1126,  Bangalore,Maharashtra,India,560001,2032-01-01,,19,1.98,,Contract,Remote,B+,2026-07-27 20:13:05,N/A
2127,Sara,Das,Sara Das,0,Female,IT,Engineer,143593,9989.0,sara.das@example.com,999999999999999,,Addr 1127,Delhi ,Maharashtra,India,560001,2015.08.31,,9,4.53,,Contract,Onsite,,2026-07-27 20:13:05,none
2128,Neha,Gupta,Neha Gupta,50,MALE,IT,Executive,98760,11650.0,abc.com,,,Addr 1128,Kolkata,Maharashtra,India,411001,2032-01-01,,0,4.86,,full time,Onsite,B+,2026-07-27 20:13:05,N/A
2129,Vikram,Das,Vikram Das,34,Female,Operations,Manager,103740,7308.0,abc@,abcdefghij,,Addr 1129,Hyderabad,Maharashtra,India,123,2032-01-01,,13,4.59,,full time,Onsite,AB+,2026-07-27 20:13:05,?
2130,Sara,Mehta,Sara Mehta,52,F,Information Technology,Manager,59882,11909.0,@@gmail.com,,,Addr 1130,Delhi ,Maharashtra,India,411001,2016-02-07,,3,4.0,,full time,Hybrid,A+,2026-07-27 20:13:05,unknown
2131,Ananya,Verma,Ananya Verma,40,female,HR,Executive,39527,13491.0,ananya.verma@example.com,,,Addr 1131, Mumbai,Maharashtra,India,560001,2021-02-06,,10,2.37,,Contract,Onsite,O+,2026-07-27 20:13:05,?
2132,Sneha,Mehta,Sneha Mehta,53,male,Marketing,Analyst,132085,8584.0,johngmail.com,abcdefghij,,Addr 1132,Kolkata,Maharashtra,India,123,2032-01-01,,13,1.11,,Full Time,Remote,A+,2026-07-27 20:13:05,OK
2133,Kiran,Rao,Kiran Rao,30,M,I.T.,Manager,79336,16452.0,@@gmail.com,9217368385,,Addr 1133,Hyderabad,Maharashtra,India,123,2032-01-01,,0,4.92,,Contract,Remote,O+,2026-07-27 20:13:05,OK
2134,Sara,Gupta,Sara Gupta,44,Male,it,Engineer,83983,9507.0,sara.gupta@example.com,9348484377,,Addr 1134,Pune,Maharashtra,India,560001,07/06/2021,,15,4.71,,full time,Onsite,,2026-07-27 20:13:05,unknown
2135,Sara,Patel,Sara Patel,59,MALE,Finance,Analyst,80750,11790.0,@@gmail.com,,,Addr 1135,Pune,Maharashtra,India,411001,2018-06-02,,13,4.87,,Contract,Onsite,A+,2026-07-27 20:13:05,?
2136,Neha,Mehta,Neha Mehta,39,female,Sales,Manager,118363,14411.0,abc@,9832648971,,Addr 1136,Pune,Maharashtra,India,411001,2032-01-01,,0,2.86,,Full Time,Remote,,2026-07-27 20:13:05,unknown
2137,John,Joshi,John Joshi,25,female,HR,Engineer,144551,19555.0,@@gmail.com,,,Addr 1137, Mumbai,Maharashtra,India,ABCDE,2032-01-01,,5,3.7,,full time,Onsite,O+,2026-07-27 20:13:05,?
2138,John,Das,John Das,28,female,HR,Engineer,84336,13398.0,@@gmail.com,,,Addr 1138,Kolkata,Maharashtra,India,560001,2021-06-08,,16,4.16,,full time,Remote,A+,2026-07-27 20:13:05,?
2139,Sara,Gupta,Sara Gupta,47,Male,Information Technology,Analyst,63789,3677.0,sara.gupta@example.com,abcdefghij,,Addr 1139,Kolkata,Maharashtra,India,560001,09/05/2016,,16,4.67,,Contract,Hybrid,B+,2026-07-27 20:13:05,N/A
2140,Ananya,Das,Ananya Das,52,M,IT,Engineer,103467,5817.0,@@gmail.com,12345,,Addr 1140,Kolkata,Maharashtra,India,ABCDE,2032-01-01,,15,3.29,,Contract,Remote,,2026-07-27 20:13:05,?
2141,John,Rao,John Rao,30,Female,Marketing,Analyst,140570,8045.0,abc.com,9571646821,,Addr 1141,Kolkata,Maharashtra,India,411001,15/08/2019,,15,1.04,,Contract,Onsite,A+,2026-07-27 20:13:05,?
2142,Rahul,Singh,Rahul Singh,24,Female,it,Executive,122412,8366.0,abc@,,,Addr 1142, Mumbai,Maharashtra,India,560001,2032-01-01,,9,3.16,,full time,Onsite,B+,2026-07-27 20:13:05,none
2143,Vikram,Joshi,Vikram Joshi,39,female,Finance,Analyst,87886,16430.0,johngmail.com,,,Addr 1143,Delhi ,Maharashtra,India,560001,2032-01-01,,18,2.4,,Full Time,Remote,O+,2026-07-27 20:13:05,unknown
2144,Amit,Verma,Amit Verma,32,M,HR,Engineer,140776,9378.0,@@gmail.com,abcdefghij,,Addr 1144,Kolkata,Maharashtra,India,411001,2032-01-01,,7,2.34,,full time,Onsite,O+,2026-07-27 20:13:05,N/A
2145,John,Verma,John Verma,51,MALE,Information Technology,Manager,103135,19833.0,abc.com,12345,,Addr 1145,  Bangalore,Maharashtra,India,560001,18/01/2018,,6,4.97,,Full Time,Remote,,2026-07-27 20:13:05,unknown
2146,Sara,Rao,Sara Rao,54,male,Operations,Manager,139169,8179.0,johngmail.com,999999999999999,,Addr 1146,Kolkata,Maharashtra,India,411001,2016-10-14,,17,3.77,,full time,Remote,B+,2026-07-27 20:13:05,unknown
2147,Rahul,Singh,Rahul Singh,38,male,HR,Manager,55775,18609.0,abc.com,,,Addr 1147,Chennai,Maharashtra,India,411001,2023.05.02,,14,1.88,,Full Time,Onsite,,2026-07-27 20:13:05,unknown
2148,John,Patel,John Patel,57,female,Marketing,Engineer,115530,10692.0,@@gmail.com,999999999999999,,Addr 1148,Hyderabad,Maharashtra,India,ABCDE,2032-01-01,,9,1.12,,Full Time,Onsite,B+,2026-07-27 20:13:05,?
2149,Neha,Gupta,Neha Gupta,44,Female,HR,Analyst,47404,19222.0,abc@,12345,,Addr 1149,Chennai,Maharashtra,India,ABCDE,2019-10-22,,11,1.09,,Full Time,Remote,,2026-07-27 20:13:05,none
2150,Sneha,Gupta,Sneha Gupta,43,F,Sales,Engineer,125352,,@@gmail.com,12345,,Addr 1150,Delhi ,Maharashtra,India,560001,2032-01-01,,15,1.37,,full time,Onsite,,2026-07-27 20:13:05,none
2151,Vikram,Singh,Vikram Singh,43,female,Information Technology,Engineer,73902,5804.0,johngmail.com,999999999999999,,Addr 1151,Delhi ,Maharashtra,India,ABCDE,2032-01-01,,7,3.39,,full time,Onsite,O+,2026-07-27 20:13:05,none
2152,Arjun,Sharma,Arjun Sharma,43,MALE,Finance,Executive,132065,13058.0,abc@,9170873002,,Addr 1152,Pune,Maharashtra,India,ABCDE,2032-01-01,,6,2.52,,full time,Remote,B+,2026-07-27 20:13:05,unknown
2153,Sara,Rao,Sara Rao,34,female,I.T.,Manager,56804,17547.0,johngmail.com,,,Addr 1153,Pune,Maharashtra,India,411001,2022-05-14,,9,3.19,,full time,Hybrid,A+,2026-07-27 20:13:05,?
2154,Neha,Verma,Neha Verma,49,F,it,Manager,97383,12896.0,@@gmail.com,9176090937,,Addr 1154,  Bangalore,Maharashtra,India,123,2019.08.21,,20,4.8,,Full Time,Remote,O+,2026-07-27 20:13:05,unknown
2155,Ananya,Singh,Ananya Singh,48,Female,Finance,Analyst,133910,8661.0,abc.com,999999999999999,,Addr 1155,  Bangalore,Maharashtra,India,123,2023-01-10,,17,1.77,,Contract,Hybrid,AB+,2026-07-27 20:13:05,?
2156,Priya,Gupta,Priya Gupta,55,Female,HR,Executive,136861,2422.0,abc.com,abcdefghij,,Addr 1156,Pune,Maharashtra,India,ABCDE,05/12/2020,,1,3.05,,Contract,Onsite,,2026-07-27 20:13:05,?
2157,Arjun,Rao,Arjun Rao,31,MALE,HR,Analyst,60434,18314.0,johngmail.com,12345,,Addr 1157,Hyderabad,Maharashtra,India,560001,2023-12-30,,0,3.08,,Full Time,Remote,O+,2026-07-27 20:13:05,unknown
2158,Vikram,Gupta,Vikram Gupta,21,MALE,IT,Manager,64020,16058.0,johngmail.com,9911612215,,Addr 1158,Kolkata,Maharashtra,India,ABCDE,2032-01-01,,10,4.92,,Contract,Hybrid,,2026-07-27 20:13:05,OK
2159,John,Gupta,John Gupta,40,Male,Sales,Manager,78864,18819.0,johngmail.com,12345,,Addr 1159,Hyderabad,Maharashtra,India,123,2032-01-01,,6,4.16,,Full Time,Remote,A+,2026-07-27 20:13:05,OK
2160,Amit,Mehta,Amit Mehta,50,Male,it,Engineer,103260,,amit.mehta@example.com,9949991365,,Addr 1160,Delhi ,Maharashtra,India,123,2024-02-03,,18,1.38,,Contract,Onsite,B+,2026-07-27 20:13:05,none
2161,Vikram,Kumar,Vikram Kumar,48,F,Operations,Engineer,100289,,@@gmail.com,9929328507,,Addr 1161,Hyderabad,Maharashtra,India,560001,2019-11-30,,4,4.85,,Full Time,Remote,B+,2026-07-27 20:13:05,OK
2162,Neha,Mehta,Neha Mehta,29,Male,Finance,Engineer,138376,3393.0,johngmail.com,,,Addr 1162,Pune,Maharashtra,India,560001,2032-01-01,,3,1.27,,Full Time,Hybrid,B+,2026-07-27 20:13:05,OK
2163,John,Singh,John Singh,58,F,Sales,Engineer,94275,6505.0,john.singh@example.com,12345,,Addr 1163,Kolkata,Maharashtra,India,ABCDE,01/09/2015,,1,1.73,,full time,Onsite,,2026-07-27 20:13:05,?
2164,Kiran,Verma,Kiran Verma,30,male,Information Technology,Analyst,74675,19185.0,abc.com,9910961968,,Addr 1164,Delhi ,Maharashtra,India,123,2015-09-01,,11,1.65,,Full Time,Remote,A+,2026-07-27 20:13:05,N/A
2165,Vikram,Sharma,Vikram Sharma,38,F,Information Technology,Engineer,127930,14338.0,vikram.sharma@example.com,abcdefghij,,Addr 1165,  Bangalore,Maharashtra,India,123,2020.10.26,,8,3.26,,full time,Remote,AB+,2026-07-27 20:13:05,OK
2166,Kiran,Joshi,Kiran Joshi,53,Male,Marketing,Manager,89864,14053.0,johngmail.com,abcdefghij,,Addr 1166, Mumbai,Maharashtra,India,123,2024-04-17,,9,1.57,,Contract,Onsite,A+,2026-07-27 20:13:05,unknown
2167,Kiran,Joshi,Kiran Joshi,49,M,I.T.,Analyst,118405,18486.0,@@gmail.com,9766919530,,Addr 1167,  Bangalore,Maharashtra,India,123,2032-01-01,,4,3.1,,Contract,Hybrid,A+,2026-07-27 20:13:05,?
2168,Arjun,Rao,Arjun Rao,21,male,Marketing,Manager,88456,3778.0,arjun.rao@example.com,,,Addr 1168,Hyderabad,Maharashtra,India,ABCDE,2020.10.25,,12,4.5,,Contract,Onsite,AB+,2026-07-27 20:13:05,?
2169,John,Sharma,John Sharma,45,male,Operations,Executive,68712,,john.sharma@example.com,12345,,Addr 1169, Mumbai,Maharashtra,India,123,26/05/2016,,10,4.31,,full time,Remote,A+,2026-07-27 20:13:05,none
2170,Sneha,Kumar,Sneha Kumar,59,M,Information Technology,Executive,77443,2853.0,@@gmail.com,,,Addr 1170,Delhi ,Maharashtra,India,123,2032-01-01,,0,2.32,,Contract,Remote,O+,2026-07-27 20:13:05,N/A
2171,Neha,Verma,Neha Verma,28,Male,Information Technology,Manager,105845,9458.0,abc@,abcdefghij,,Addr 1171,Chennai,Maharashtra,India,ABCDE,2032-01-01,,15,3.37,,Contract,Remote,O+,2026-07-27 20:13:05,OK
2172,Amit,Patel,Amit Patel,54,male,HR,Engineer,111619,17942.0,amit.patel@example.com,999999999999999,,Addr 1172,Delhi ,Maharashtra,India,560001,2032-01-01,,6,3.72,,full time,Onsite,AB+,2026-07-27 20:13:05,?
2173,Arjun,Joshi,Arjun Joshi,40,Female,it,Manager,129247,5885.0,@@gmail.com,999999999999999,,Addr 1173,Hyderabad,Maharashtra,India,ABCDE,2016-06-06,,10,1.18,,Full Time,Hybrid,O+,2026-07-27 20:13:05,unknown
2174,Neha,Kumar,Neha Kumar,53,M,I.T.,Engineer,87852,15258.0,johngmail.com,,,Addr 1174,  Bangalore,Maharashtra,India,411001,04/04/2023,,1,3.5,,full time,Remote,A+,2026-07-27 20:13:05,N/A
2175,Sara,Rao,Sara Rao,33,Male,Sales,Manager,42488,2129.0,johngmail.com,9414430106,,Addr 1175,Delhi ,Maharashtra,India,123,2021.03.25,,4,3.36,,Contract,Hybrid,O+,2026-07-27 20:13:05,unknown
2176,Sara,Das,Sara Das,34,male,Information Technology,Executive,46053,12875.0,abc@,999999999999999,,Addr 1176,Pune,Maharashtra,India,411001,2018-07-01,,1,3.99,,Contract,Hybrid,B+,2026-07-27 20:13:05,unknown
2177,Arjun,Gupta,Arjun Gupta,55,female,Sales,Executive,126162,17599.0,arjun.gupta@example.com,12345,,Addr 1177,  Bangalore,Maharashtra,India,123,22/09/2021,,14,2.75,,Full Time,Onsite,B+,2026-07-27 20:13:05,?
2178,Arjun,Gupta,Arjun Gupta,34,male,Information Technology,Manager,60030,11534.0,@@gmail.com,,,Addr 1178, Mumbai,Maharashtra,India,560001,2032-01-01,,9,2.84,,Contract,Hybrid,O+,2026-07-27 20:13:05,OK
2179,Ananya,Sharma,Ananya Sharma,47,F,Sales,Executive,99999999,13374.0,abc@,12345,,Addr 1179,Kolkata,Maharashtra,India,560001,24/06/2017,,15,3.22,,full time,Hybrid,B+,2026-07-27 20:13:05,?
2180,Arjun,Singh,Arjun Singh,21,MALE,Sales,Executive,116803,14182.0,johngmail.com,abcdefghij,,Addr 1180,Chennai,Maharashtra,India,123,18/09/2021,,10,3.08,,Contract,Hybrid,,2026-07-27 20:13:05,none
2181,Priya,Patel,Priya Patel,48,MALE,Information Technology,Manager,53765,13740.0,abc@,abcdefghij,,Addr 1181,Chennai,Maharashtra,India,411001,2020-11-03,,13,3.91,,Contract,Hybrid,O+,2026-07-27 20:13:05,none
2182,John,Joshi,John Joshi,31,Male,HR,Executive,55864,7834.0,johngmail.com,999999999999999,,Addr 1182,Hyderabad,Maharashtra,India,560001,2032-01-01,,15,2.46,,Full Time,Hybrid,,2026-07-27 20:13:05,?
2183,Priya,Singh,Priya Singh,26,M,Finance,Engineer,58843,19199.0,priya.singh@example.com,,,Addr 1183,Hyderabad,Maharashtra,India,411001,2032-01-01,,12,1.46,,Full Time,Remote,A+,2026-07-27 20:13:05,OK
2184,Priya,Singh,Priya Singh,40,Female,IT,Analyst,128223,9228.0,johngmail.com,,,Addr 1184,  Bangalore,Maharashtra,India,411001,2032-01-01,,8,4.3,,Contract,Onsite,A+,2026-07-27 20:13:05,unknown
2185,John,Gupta,John Gupta,42,M,HR,Engineer,110359,13481.0,johngmail.com,12345,,Addr 1185,Kolkata,Maharashtra,India,ABCDE,2032-01-01,,5,2.73,,Full Time,Onsite,B+,2026-07-27 20:13:05,OK
2186,Sneha,Kumar,Sneha Kumar,57,M,I.T.,Analyst,111323,4393.0,@@gmail.com,9579327701,,Addr 1186,Chennai,Maharashtra,India,123,2023.12.15,,19,1.38,,full time,Onsite,AB+,2026-07-27 20:13:05,N/A
2187,John,Verma,John Verma,47,Male,Marketing,Analyst,102328,19032.0,johngmail.com,999999999999999,,Addr 1187,  Bangalore,Maharashtra,India,123,10/03/2023,,6,4.97,,full time,Hybrid,O+,2026-07-27 20:13:05,?
2188,Rahul,Verma,Rahul Verma,52,M,Operations,Executive,130298,13901.0,@@gmail.com,999999999999999,,Addr 1188,Chennai,Maharashtra,India,411001,2019.04.17,,11,4.37,,Contract,Remote,O+,2026-07-27 20:13:05,?
2189,Arjun,Joshi,Arjun Joshi,29,MALE,IT,Analyst,94900,1182.0,abc.com,9489653945,,Addr 1189, Mumbai,Maharashtra,India,560001,2022.04.07,,8,3.22,,Full Time,Hybrid,,2026-07-27 20:13:05,OK
2190,Sneha,Singh,Sneha Singh,55,MALE,Marketing,Manager,109582,14339.0,abc.com,12345,,Addr 1190,Pune,Maharashtra,India,123,2020-12-19,,11,1.01,,full time,Remote,B+,2026-07-27 20:13:05,unknown
2191,Rahul,Joshi,Rahul Joshi,30,M,Sales,Manager,89238,15151.0,abc@,9346746466,,Addr 1191, Mumbai,Maharashtra,India,ABCDE,28/02/2016,,15,1.79,,Contract,Onsite,AB+,2026-07-27 20:13:05,unknown
2192,Priya,Joshi,Priya Joshi,24,female,Finance,Engineer,41637,,johngmail.com,abcdefghij,,Addr 1192,Hyderabad,Maharashtra,India,123,2032-01-01,,15,3.26,,full time,Remote,,2026-07-27 20:13:05,N/A
2193,Neha,Sharma,Neha Sharma,37,male,Sales,Executive,78654,16501.0,abc.com,999999999999999,,Addr 1193,Pune,Maharashtra,India,560001,2032-01-01,,10,2.73,,full time,Remote,AB+,2026-07-27 20:13:05,OK
2194,John,Kumar,John Kumar,31,Female,I.T.,Manager,82314,8157.0,abc.com,,,Addr 1194,Delhi ,Maharashtra,India,411001,18/08/2022,,7,2.99,,Contract,Hybrid,A+,2026-07-27 20:13:05,unknown
2195,Sara,Kumar,Sara Kumar,52,Female,Information Technology,Engineer,128806,12906.0,sara.kumar@example.com,,,Addr 1195,Chennai,Maharashtra,India,123,2032-01-01,,16,3.92,,Contract,Remote,A+,2026-07-27 20:13:05,N/A
2196,Arjun,Kumar,Arjun Kumar,50,male,Marketing,Analyst,120452,10537.0,@@gmail.com,9927280903,,Addr 1196,Kolkata,Maharashtra,India,560001,08/06/2024,,12,4.21,,full time,Remote,A+,2026-07-27 20:13:05,?
2197,Ananya,Kumar,Ananya Kumar,53,F,Finance,Analyst,146491,,abc.com,abcdefghij,,Addr 1197,  Bangalore,Maharashtra,India,411001,2018.08.26,,4,2.69,,Contract,Remote,A+,2026-07-27 20:13:05,unknown
2198,Amit,Singh,Amit Singh,23,male,Marketing,Executive,32795,6411.0,abc@,,,Addr 1198,Pune,Maharashtra,India,123,2024.05.06,,1,4.22,,Contract,Hybrid,B+,2026-07-27 20:13:05,N/A
2199,Rahul,Patel,Rahul Patel,59,MALE,HR,Engineer,72776,,@@gmail.com,9231820682,,Addr 1199,Delhi ,Maharashtra,India,411001,2016-08-20,,18,1.95,,Full Time,Hybrid,O+,2026-07-27 20:13:05,none
2200,Arjun,Das,Arjun Das,43,M,Operations,Executive,106927,5927.0,@@gmail.com,999999999999999,,Addr 1200, Mumbai,Maharashtra,India,ABCDE,09/06/2017,,13,4.73,,Full Time,Onsite,O+,2026-07-27 20:13:05,OK
2201,Rohit,Joshi,Rohit Joshi,44,female,Operations,Executive,132687,3597.0,@@gmail.com,,,Addr 1201,Delhi ,Maharashtra,India,123,2017.01.26,,16,2.81,,Full Time,Onsite,O+,2026-07-27 20:13:05,OK
2202,Sara,Mehta,Sara Mehta,58,female,Information Technology,Analyst,96901,9365.0,@@gmail.com,abcdefghij,,Addr 1202,Delhi ,Maharashtra,India,123,30/09/2020,,11,4.44,,Contract,Onsite,A+,2026-07-27 20:13:05,OK
2203,Rohit,Verma,Rohit Verma,49,F,Sales,Analyst,139623,17274.0,johngmail.com,,,Addr 1203,  Bangalore,Maharashtra,India,ABCDE,2022.06.12,,18,4.25,,Full Time,Hybrid,,2026-07-27 20:13:05,?
2204,Kiran,Sharma,Kiran Sharma,39,F,Sales,Analyst,67251,11175.0,abc.com,abcdefghij,,Addr 1204,Kolkata,Maharashtra,India,560001,2032-01-01,,3,1.62,,full time,Onsite,B+,2026-07-27 20:13:05,unknown
2205,Rahul,Verma,Rahul Verma,49,MALE,IT,Executive,132529,6014.0,johngmail.com,12345,,Addr 1205,Delhi ,Maharashtra,India,411001,2032-01-01,,20,4.28,,Full Time,Hybrid,O+,2026-07-27 20:13:05,unknown
2206,Sneha,Kumar,Sneha Kumar,43,MALE,Sales,Analyst,135043,5031.0,johngmail.com,,,Addr 1206,Kolkata,Maharashtra,India,123,2017-09-12,,9,4.95,,Contract,Onsite,A+,2026-07-27 20:13:05,OK
2207,Rohit,Rao,Rohit Rao,39,male,Information Technology,Executive,149369,16451.0,abc.com,,,Addr 1207,  Bangalore,Maharashtra,India,411001,07/07/2023,,2,3.67,,full time,Remote,,2026-07-27 20:13:05,none
2208,Rohit,Kumar,Rohit Kumar,22,Male,IT,Analyst,129938,3565.0,rohit.kumar@example.com,9153202640,,Addr 1208,Hyderabad,Maharashtra,India,ABCDE,15/02/2021,,6,4.76,,full time,Remote,AB+,2026-07-27 20:13:05,none
2209,Rahul,Verma,Rahul Verma,36,Female,it,Executive,115836,3057.0,abc.com,999999999999999,,Addr 1209,Kolkata,Maharashtra,India,560001,2032-01-01,,12,1.99,,full time,Remote,A+,2026-07-27 20:13:05,none
2210,Neha,Mehta,Neha Mehta,32,MALE,I.T.,Executive,93010,14534.0,@@gmail.com,999999999999999,,Addr 1210,  Bangalore,Maharashtra,India,ABCDE,2032-01-01,,19,4.14,,full time,Onsite,A+,2026-07-27 20:13:05,none
2211,Ananya,Das,Ananya Das,38,Female,I.T.,Analyst,88440,11025.0,@@gmail.com,abcdefghij,,Addr 1211,Kolkata,Maharashtra,India,560001,2032-01-01,,9,3.61,,Full Time,Onsite,O+,2026-07-27 20:13:05,OK
2212,Amit,Rao,Amit Rao,21,F,it,Executive,107221,14706.0,abc.com,abcdefghij,,Addr 1212,  Bangalore,Maharashtra,India,560001,20/11/2023,,5,4.61,,Full Time,Hybrid,B+,2026-07-27 20:13:05,N/A
2213,Ananya,Kumar,Ananya Kumar,45,female,Information Technology,Manager,94479,18066.0,@@gmail.com,abcdefghij,,Addr 1213,Chennai,Maharashtra,India,560001,2032-01-01,,20,4.28,,full time,Hybrid,,2026-07-27 20:13:05,?
2214,Rohit,Sharma,Rohit Sharma,42,Male,I.T.,Executive,92780,9556.0,@@gmail.com,999999999999999,,Addr 1214,Pune,Maharashtra,India,123,2032-01-01,,11,1.77,,full time,Hybrid,B+,2026-07-27 20:13:05,OK
2215,Rahul,Mehta,Rahul Mehta,53,M,Operations,Analyst,43074,5498.0,rahul.mehta@example.com,abcdefghij,,Addr 1215,  Bangalore,Maharashtra,India,123,2016-09-10,,7,1.9,,Contract,Hybrid,A+,2026-07-27 20:13:05,none
2216,Priya,Mehta,Priya Mehta,32,female,it,Executive,83838,7711.0,abc@,9790423381,,Addr 1216,  Bangalore,Maharashtra,India,411001,2017-02-07,,15,1.17,,full time,Remote,B+,2026-07-27 20:13:05,none
2217,Priya,Kumar,Priya Kumar,39,Female,Marketing,Analyst,32743,5348.0,johngmail.com,12345,,Addr 1217,Delhi ,Maharashtra,India,ABCDE,2017-12-30,,9,4.77,,Full Time,Onsite,AB+,2026-07-27 20:13:05,?
2218,Sara,Joshi,Sara Joshi,48,Male,IT,Manager,48341,19014.0,abc.com,12345,,Addr 1218,Pune,Maharashtra,India,123,20/05/2016,,2,3.44,,full time,Hybrid,B+,2026-07-27 20:13:05,OK
2219,Amit,Rao,Amit Rao,46,F,IT,Manager,82652,14560.0,@@gmail.com,abcdefghij,,Addr 1219, Mumbai,Maharashtra,India,560001,2032-01-01,,4,4.58,,Contract,Remote,AB+,2026-07-27 20:13:05,?
2220,Sara,Sharma,Sara Sharma,41,Male,IT,Engineer,76693,15307.0,abc.com,12345,,Addr 1220,Pune,Maharashtra,India,411001,2032-01-01,,14,4.48,,Contract,Remote,B+,2026-07-27 20:13:05,N/A
2221,Sneha,Singh,Sneha Singh,35,Male,Sales,Analyst,126216,11475.0,sneha.singh@example.com,9657079432,,Addr 1221,Chennai,Maharashtra,India,ABCDE,2021-06-10,,4,2.09,,full time,Onsite,O+,2026-07-27 20:13:05,?
2222,Sara,Kumar,Sara Kumar,42,female,Information Technology,Engineer,34524,3123.0,@@gmail.com,12345,,Addr 1222,Delhi ,Maharashtra,India,560001,2023.10.17,,7,1.9,,full time,Remote,B+,2026-07-27 20:13:05,OK
2223,Sneha,Das,Sneha Das,40,male,Operations,Engineer,99999999,4916.0,johngmail.com,abcdefghij,,Addr 1223,  Bangalore,Maharashtra,India,411001,2022-12-12,,5,2.36,,Contract,Onsite,B+,2026-07-27 20:13:05,none
2224,John,Singh,John Singh,57,female,Operations,Engineer,140174,13258.0,johngmail.com,,,Addr 1224,Pune,Maharashtra,India,560001,19/05/2017,,18,1.96,,Contract,Remote,A+,2026-07-27 20:13:05,unknown
2225,Sara,Joshi,Sara Joshi,45,Female,it,Manager,115257,,abc.com,9364708944,,Addr 1225,  Bangalore,Maharashtra,India,123,2024.04.03,,11,4.31,,Contract,Hybrid,,2026-07-27 20:13:05,N/A
2226,Sneha,Das,Sneha Das,45,F,Sales,Engineer,81374,1404.0,johngmail.com,999999999999999,,Addr 1226,Pune,Maharashtra,India,ABCDE,2032-01-01,,2,1.49,,full time,Onsite,A+,2026-07-27 20:13:05,OK
2227,Rahul,Gupta,Rahul Gupta,21,Female,Information Technology,Analyst,30457,3203.0,johngmail.com,abcdefghij,,Addr 1227,Kolkata,Maharashtra,India,560001,2032-01-01,,15,4.4,,Full Time,Remote,O+,2026-07-27 20:13:05,none
2228,Ananya,Verma,Ananya Verma,29,Male,Information Technology,Analyst,115988,14147.0,@@gmail.com,,,Addr 1228,Chennai,Maharashtra,India,411001,28/10/2022,,4,1.15,,Full Time,Remote,O+,2026-07-27 20:13:05,?
2229,Neha,Gupta,Neha Gupta,39,female,it,Manager,36384,4468.0,johngmail.com,,,Addr 1229, Mumbai,Maharashtra,India,411001,2032-01-01,,15,2.05,,full time,Hybrid,AB+,2026-07-27 20:13:05,?
2230,Kiran,Singh,Kiran Singh,60,Female,Sales,Analyst,60827,19962.0,abc.com,9712520193,,Addr 1230,Chennai,Maharashtra,India,560001,2019.03.12,,13,3.56,,Full Time,Remote,AB+,2026-07-27 20:13:05,?
2231,Priya,Gupta,Priya Gupta,58,Female,HR,Manager,118898,,priya.gupta@example.com,12345,,Addr 1231,Hyderabad,Maharashtra,India,560001,2015.12.31,,7,1.94,,full time,Remote,AB+,2026-07-27 20:13:05,N/A
2232,Rahul,Verma,Rahul Verma,56,M,Finance,Executive,44907,6165.0,johngmail.com,12345,,Addr 1232,Kolkata,Maharashtra,India,ABCDE,16/09/2021,,18,1.88,,full time,Onsite,AB+,2026-07-27 20:13:05,none
2233,Vikram,Joshi,Vikram Joshi,57,female,Finance,Executive,129357,2817.0,@@gmail.com,9577791743,,Addr 1233, Mumbai,Maharashtra,India,123,03/02/2015,,9,3.56,,Full Time,Hybrid,B+,2026-07-27 20:13:05,none
2234,Sara,Patel,Sara Patel,52,MALE,IT,Manager,90218,9902.0,abc.com,,,Addr 1234,Delhi ,Maharashtra,India,ABCDE,09/10/2015,,18,1.4,,Contract,Hybrid,AB+,2026-07-27 20:13:05,OK
2235,Rohit,Kumar,Rohit Kumar,46,Female,Finance,Manager,105918,9932.0,@@gmail.com,abcdefghij,,Addr 1235,Hyderabad,Maharashtra,India,ABCDE,2018.07.15,,8,4.37,,Full Time,Remote,A+,2026-07-27 20:13:05,OK
2236,Rohit,Patel,Rohit Patel,60,M,Information Technology,Manager,129963,9041.0,@@gmail.com,abcdefghij,,Addr 1236,Chennai,Maharashtra,India,560001,2020-08-30,,6,2.2,,full time,Hybrid,A+,2026-07-27 20:13:05,OK
2237,Vikram,Mehta,Vikram Mehta,31,M,I.T.,Analyst,73820,10300.0,johngmail.com,12345,,Addr 1237, Mumbai,Maharashtra,India,ABCDE,2024.06.09,,0,2.96,,Full Time,Hybrid,B+,2026-07-27 20:13:05,unknown
2238,Neha,Mehta,Neha Mehta,24,F,Sales,Analyst,36499,2659.0,johngmail.com,9039810795,,Addr 1238,  Bangalore,Maharashtra,India,ABCDE,2019.04.26,,4,1.3,,Contract,Onsite,A+,2026-07-27 20:13:05,N/A
2239,Rahul,Verma,Rahul Verma,27,M,Sales,Executive,97449,,abc.com,12345,,Addr 1239,Chennai,Maharashtra,India,ABCDE,2032-01-01,,12,2.44,,Full Time,Remote,,2026-07-27 20:13:05,unknown
2240,Kiran,Patel,Kiran Patel,41,Female,Information Technology,Executive,42963,16513.0,abc.com,9290524922,,Addr 1240,Kolkata,Maharashtra,India,411001,2018-09-08,,20,2.13,,Contract,Onsite,,2026-07-27 20:13:05,unknown
2241,Rohit,Patel,Rohit Patel,21,F,Information Technology,Manager,77424,14001.0,abc.com,9939142652,,Addr 1241,Pune,Maharashtra,India,ABCDE,2018-04-03,,3,2.8,,Full Time,Remote,A+,2026-07-27 20:13:05,none
2242,Rohit,Mehta,Rohit Mehta,60,Female,it,Executive,111820,3428.0,abc.com,,,Addr 1242,Pune,Maharashtra,India,560001,2022.11.14,,8,3.78,,Contract,Remote,O+,2026-07-27 20:13:05,N/A
2243,Amit,Patel,Amit Patel,27,Male,HR,Engineer,145693,4353.0,@@gmail.com,12345,,Addr 1243, Mumbai,Maharashtra,India,123,2032-01-01,,5,4.77,,full time,Remote,B+,2026-07-27 20:13:05,N/A
2244,Rahul,Verma,Rahul Verma,37,male,HR,Executive,35158,16534.0,johngmail.com,999999999999999,,Addr 1244,  Bangalore,Maharashtra,India,123,2018-07-06,,17,3.8,,full time,Hybrid,B+,2026-07-27 20:13:05,OK
2245,Rahul,Das,Rahul Das,39,F,IT,Engineer,58660,13136.0,rahul.das@example.com,12345,,Addr 1245,  Bangalore,Maharashtra,India,123,2022.04.17,,2,2.75,,Contract,Onsite,,2026-07-27 20:13:05,N/A
2246,Kiran,Verma,Kiran Verma,48,F,HR,Analyst,58774,4388.0,abc.com,999999999999999,,Addr 1246,Hyderabad,Maharashtra,India,411001,2032-01-01,,1,2.1,,Contract,Remote,O+,2026-07-27 20:13:05,?
2247,John,Singh,John Singh,59,MALE,HR,Engineer,125088,19959.0,abc.com,9213534705,,Addr 1247,Kolkata,Maharashtra,India,560001,2015-11-20,,15,2.92,,Full Time,Onsite,,2026-07-27 20:13:05,none
2248,Arjun,Gupta,Arjun Gupta,60,Female,Marketing,Manager,89777,14636.0,johngmail.com,,,Addr 1248,Kolkata,Maharashtra,India,123,2018.03.03,,11,2.11,,Full Time,Remote,O+,2026-07-27 20:13:05,none
2249,Sneha,Joshi,Sneha Joshi,33,female,IT,Analyst,76008,14548.0,abc@,9511096745,,Addr 1249,Chennai,Maharashtra,India,ABCDE,2032-01-01,,7,2.61,,full time,Onsite,,2026-07-27 20:13:05,OK
2250,Sneha,Sharma,Sneha Sharma,36,M,I.T.,Manager,47604,16953.0,abc.com,9703238128,,Addr 1250,  Bangalore,Maharashtra,India,411001,28/10/2017,,11,4.78,,full time,Onsite,AB+,2026-07-27 20:13:05,unknown
2251,Amit,Patel,Amit Patel,49,female,Sales,Executive,142280,8125.0,amit.patel@example.com,999999999999999,,Addr 1251, Mumbai,Maharashtra,India,ABCDE,2015-10-17,,13,3.93,,full time,Onsite,O+,2026-07-27 20:13:05,OK
2252,Rahul,Singh,Rahul Singh,27,Female,IT,Manager,69038,13197.0,rahul.singh@example.com,9002182414,,Addr 1252,Hyderabad,Maharashtra,India,411001,2032-01-01,,1,1.54,,full time,Hybrid,A+,2026-07-27 20:13:05,?
2253,John,Kumar,John Kumar,33,male,Information Technology,Analyst,105227,1352.0,abc@,abcdefghij,,Addr 1253,Delhi ,Maharashtra,India,ABCDE,2020-04-11,,1,2.65,,Full Time,Remote,A+,2026-07-27 20:13:05,unknown
2254,Vikram,Sharma,Vikram Sharma,39,male,Information Technology,Manager,73772,15916.0,abc.com,999999999999999,,Addr 1254,Kolkata,Maharashtra,India,560001,26/09/2015,,2,2.96,,Full Time,Onsite,,2026-07-27 20:13:05,none
2255,Rohit,Gupta,Rohit Gupta,56,F,Operations,Executive,126410,13159.0,rohit.gupta@example.com,9387712398,,Addr 1255,Hyderabad,Maharashtra,India,ABCDE,2032-01-01,,20,3.54,,Full Time,Remote,O+,2026-07-27 20:13:05,none
2256,Ananya,Singh,Ananya Singh,28,Female,Finance,Analyst,95705,17705.0,ananya.singh@example.com,999999999999999,,Addr 1256,Kolkata,Maharashtra,India,123,2015-06-09,,7,3.51,,Full Time,Hybrid,AB+,2026-07-27 20:13:05,unknown
2257,Rohit,Joshi,Rohit Joshi,57,Male,it,Analyst,81288,2080.0,@@gmail.com,,,Addr 1257,Delhi ,Maharashtra,India,123,2021-12-13,,13,1.91,,full time,Hybrid,AB+,2026-07-27 20:13:05,OK
2258,Amit,Sharma,Amit Sharma,25,F,Sales,Manager,116078,2807.0,@@gmail.com,,,Addr 1258,Chennai,Maharashtra,India,560001,2032-01-01,,14,3.79,,Contract,Onsite,,2026-07-27 20:13:05,none
2259,Amit,Verma,Amit Verma,23,female,IT,Executive,119015,10084.0,amit.verma@example.com,999999999999999,,Addr 1259,Delhi ,Maharashtra,India,560001,2023-12-17,,8,1.38,,Full Time,Onsite,O+,2026-07-27 20:13:05,none
2260,Vikram,Rao,Vikram Rao,47,MALE,Finance,Manager,46525,10850.0,johngmail.com,9049867110,,Addr 1260,Hyderabad,Maharashtra,India,560001,2032-01-01,,0,1.92,,Full Time,Hybrid,AB+,2026-07-27 20:13:05,OK
2261,Sara,Mehta,Sara Mehta,22,M,HR,Manager,79310,18370.0,abc.com,,,Addr 1261,Pune,Maharashtra,India,560001,2032-01-01,,19,3.38,,Contract,Onsite,,2026-07-27 20:13:05,none
2262,Amit,Mehta,Amit Mehta,31,MALE,Operations,Engineer,99126,7279.0,amit.mehta@example.com,abcdefghij,,Addr 1262,Chennai,Maharashtra,India,560001,2019.07.13,,3,3.04,,Full Time,Remote,AB+,2026-07-27 20:13:05,unknown
2263,Kiran,Patel,Kiran Patel,22,male,Finance,Manager,90331,6064.0,@@gmail.com,9674053625,,Addr 1263,Chennai,Maharashtra,India,ABCDE,28/02/2024,,3,1.29,,full time,Hybrid,A+,2026-07-27 20:13:05,OK
2264,Priya,Gupta,Priya Gupta,22,female,I.T.,Engineer,94068,14173.0,abc.com,12345,,Addr 1264,Chennai,Maharashtra,India,560001,2032-01-01,,20,4.95,,Full Time,Onsite,O+,2026-07-27 20:13:05,N/A
2265,Rohit,Mehta,Rohit Mehta,48,Male,Information Technology,Executive,119839,19706.0,abc.com,12345,,Addr 1265,  Bangalore,Maharashtra,India,123,06/07/2022,,12,3.12,,Contract,Onsite,,2026-07-27 20:13:05,unknown
2266,Rahul,Kumar,Rahul Kumar,60,Female,Finance,Engineer,55100,12381.0,abc.com,,,Addr 1266,Hyderabad,Maharashtra,India,411001,2016.03.12,,0,4.7,,full time,Hybrid,A+,2026-07-27 20:13:05,?
2267,Sara,Kumar,Sara Kumar,49,F,HR,Analyst,133538,5309.0,@@gmail.com,,,Addr 1267,  Bangalore,Maharashtra,India,123,27/12/2015,,1,2.22,,full time,Remote,A+,2026-07-27 20:13:05,?
2268,Rahul,Rao,Rahul Rao,53,male,Marketing,Analyst,46502,15990.0,@@gmail.com,999999999999999,,Addr 1268,Pune,Maharashtra,India,411001,16/05/2021,,3,1.09,,full time,Remote,AB+,2026-07-27 20:13:05,N/A
2269,Sneha,Mehta,Sneha Mehta,33,Female,Marketing,Engineer,86903,,abc.com,12345,,Addr 1269,Delhi ,Maharashtra,India,411001,2032-01-01,,9,1.81,,Contract,Hybrid,A+,2026-07-27 20:13:05,N/A
2270,Amit,Joshi,Amit Joshi,35,female,Finance,Manager,108313,18405.0,@@gmail.com,9427895236,,Addr 1270,Kolkata,Maharashtra,India,560001,2015.08.29,,18,2.66,,full time,Hybrid,O+,2026-07-27 20:13:05,none
2271,Sara,Joshi,Sara Joshi,50,female,it,Engineer,125045,4578.0,johngmail.com,9427183224,,Addr 1271, Mumbai,Maharashtra,India,ABCDE,23/12/2022,,12,4.45,,Full Time,Hybrid,AB+,2026-07-27 20:13:05,OK
2272,Ananya,Rao,Ananya Rao,22,F,Finance,Engineer,81044,13012.0,ananya.rao@example.com,abcdefghij,,Addr 1272,Pune,Maharashtra,India,ABCDE,24/02/2024,,17,3.87,,Full Time,Remote,AB+,2026-07-27 20:13:05,unknown
2273,John,Joshi,John Joshi,54,female,I.T.,Executive,147954,16778.0,@@gmail.com,12345,,Addr 1273,Chennai,Maharashtra,India,ABCDE,2032-01-01,,16,4.85,,Contract,Hybrid,,2026-07-27 20:13:05,N/A
2274,Priya,Joshi,Priya Joshi,29,M,IT,Executive,51644,,abc@,abcdefghij,,Addr 1274,Delhi ,Maharashtra,India,560001,05/05/2016,,3,4.88,,full time,Remote,A+,2026-07-27 20:13:05,none
2275,Kiran,Kumar,Kiran Kumar,50,male,IT,Analyst,111618,8632.0,johngmail.com,abcdefghij,,Addr 1275,Hyderabad,Maharashtra,India,123,2017-03-07,,5,3.74,,full time,Onsite,O+,2026-07-27 20:13:05,none
2276,John,Sharma,John Sharma,55,female,IT,Engineer,91875,1901.0,abc.com,12345,,Addr 1276,Hyderabad,Maharashtra,India,123,2032-01-01,,1,1.53,,Full Time,Remote,O+,2026-07-27 20:13:05,none
2277,Kiran,Kumar,Kiran Kumar,43,Male,Operations,Analyst,111402,,abc@,abcdefghij,,Addr 1277,Pune,Maharashtra,India,560001,2023.02.03,,0,1.68,,Contract,Hybrid,A+,2026-07-27 20:13:05,N/A
2278,Rahul,Sharma,Rahul Sharma,55,M,Operations,Analyst,132415,12163.0,abc.com,abcdefghij,,Addr 1278,Hyderabad,Maharashtra,India,560001,23/12/2019,,7,2.56,,Contract,Hybrid,AB+,2026-07-27 20:13:05,N/A
2279,Ananya,Verma,Ananya Verma,42,Male,it,Engineer,120413,11107.0,abc@,999999999999999,,Addr 1279,Delhi ,Maharashtra,India,ABCDE,2020.08.16,,19,4.48,,Contract,Hybrid,A+,2026-07-27 20:13:05,?
2280,Sara,Rao,Sara Rao,23,M,it,Executive,126439,12793.0,abc.com,999999999999999,,Addr 1280,Chennai,Maharashtra,India,ABCDE,2032-01-01,,9,4.8,,Contract,Hybrid,,2026-07-27 20:13:05,N/A
2281,John,Gupta,John Gupta,41,male,Operations,Executive,50985,7971.0,john.gupta@example.com,,,Addr 1281,Pune,Maharashtra,India,123,2032-01-01,,0,2.17,,full time,Onsite,,2026-07-27 20:13:05,N/A
2282,Vikram,Joshi,Vikram Joshi,49,MALE,Marketing,Manager,147956,5573.0,vikram.joshi@example.com,999999999999999,,Addr 1282,  Bangalore,Maharashtra,India,ABCDE,2015-10-07,,4,4.41,,Full Time,Remote,,2026-07-27 20:13:05,unknown
2283,Ananya,Kumar,Ananya Kumar,58,Male,Sales,Manager,69968,13725.0,johngmail.com,999999999999999,,Addr 1283,Chennai,Maharashtra,India,411001,17/06/2021,,0,1.81,,full time,Remote,B+,2026-07-27 20:13:05,?
2284,Sneha,Singh,Sneha Singh,41,M,it,Analyst,119083,15542.0,johngmail.com,9070600746,,Addr 1284,Kolkata,Maharashtra,India,123,27/05/2016,,7,4.49,,Full Time,Remote,O+,2026-07-27 20:13:05,none
2285,Priya,Das,Priya Das,39,male,Marketing,Executive,125447,13503.0,abc@,9876215774,,Addr 1285,Chennai,Maharashtra,India,123,2018.06.19,,11,4.33,,full time,Hybrid,A+,2026-07-27 20:13:05,none
2286,Amit,Mehta,Amit Mehta,52,MALE,Information Technology,Analyst,96309,8663.0,amit.mehta@example.com,abcdefghij,,Addr 1286,Chennai,Maharashtra,India,ABCDE,2023-07-12,,20,1.64,,Full Time,Onsite,B+,2026-07-27 20:13:05,none
2287,Kiran,Kumar,Kiran Kumar,31,Male,Sales,Engineer,99999999,7934.0,abc@,9044845677,,Addr 1287,Delhi ,Maharashtra,India,123,2024-06-05,,14,3.6,,full time,Hybrid,A+,2026-07-27 20:13:05,unknown
2288,Sneha,Rao,Sneha Rao,35,Female,Information Technology,Engineer,137320,13143.0,johngmail.com,abcdefghij,,Addr 1288,  Bangalore,Maharashtra,India,560001,2021-02-22,,17,2.41,,Full Time,Onsite,O+,2026-07-27 20:13:05,N/A
2289,Kiran,Rao,Kiran Rao,41,male,Information Technology,Executive,67685,18605.0,abc.com,abcdefghij,,Addr 1289,Delhi ,Maharashtra,India,123,27/06/2018,,5,1.02,,Full Time,Onsite,,2026-07-27 20:13:05,unknown
2290,Sara,Sharma,Sara Sharma,31,Female,it,Executive,60429,15149.0,@@gmail.com,,,Addr 1290,Pune,Maharashtra,India,ABCDE,24/08/2019,,2,2.03,,Full Time,Remote,A+,2026-07-27 20:13:05,none
2291,Sara,Singh,Sara Singh,36,male,IT,Engineer,44685,17656.0,@@gmail.com,999999999999999,,Addr 1291,Delhi ,Maharashtra,India,123,10/05/2021,,9,2.42,,Contract,Hybrid,A+,2026-07-27 20:13:05,unknown
2292,Priya,Mehta,Priya Mehta,50,MALE,Sales,Executive,98587,3387.0,johngmail.com,999999999999999,,Addr 1292,  Bangalore,Maharashtra,India,560001,28/02/2017,,6,4.23,,Contract,Onsite,,2026-07-27 20:13:05,unknown
2293,Sara,Kumar,Sara Kumar,25,M,it,Manager,119458,2504.0,sara.kumar@example.com,abcdefghij,,Addr 1293,Chennai,Maharashtra,India,560001,2032-01-01,,5,3.37,,full time,Onsite,,2026-07-27 20:13:05,unknown
2294,Amit,Rao,Amit Rao,28,M,Operations,Manager,104001,2592.0,amit.rao@example.com,9027190952,,Addr 1294, Mumbai,Maharashtra,India,560001,21/11/2020,,3,4.66,,Full Time,Hybrid,A+,2026-07-27 20:13:05,none
2295,Rahul,Mehta,Rahul Mehta,45,male,Finance,Analyst,53969,4075.0,johngmail.com,,,Addr 1295, Mumbai,Maharashtra,India,123,12/12/2018,,4,2.53,,full time,Remote,,2026-07-27 20:13:05,OK
2296,Arjun,Sharma,Arjun Sharma,52,MALE,Sales,Analyst,65868,3008.0,abc@,9484350745,,Addr 1296,Kolkata,Maharashtra,India,ABCDE,20/08/2017,,5,3.06,,Contract,Onsite,,2026-07-27 20:13:05,none
2297,Ananya,Sharma,Ananya Sharma,21,MALE,HR,Engineer,99999999,,johngmail.com,12345,,Addr 1297,  Bangalore,Maharashtra,India,560001,2016.07.26,,10,2.03,,full time,Remote,AB+,2026-07-27 20:13:05,N/A
2298,Ananya,Joshi,Ananya Joshi,42,MALE,Finance,Engineer,42756,13767.0,johngmail.com,abcdefghij,,Addr 1298, Mumbai,Maharashtra,India,560001,2020-05-02,,4,4.85,,full time,Remote,A+,2026-07-27 20:13:05,N/A
2299,Arjun,Singh,Arjun Singh,24,M,I.T.,Executive,127105,11831.0,abc.com,,,Addr 1299,Kolkata,Maharashtra,India,411001,20/02/2022,,14,4.68,,Contract,Onsite,A+,2026-07-27 20:13:05,N/A
2300,Ananya,Joshi,Ananya Joshi,44,MALE,Operations,Engineer,135125,3935.0,johngmail.com,abcdefghij,,Addr 1300,Kolkata,Maharashtra,India,123,21/09/2021,,12,2.0,,Full Time,Hybrid,O+,2026-07-27 20:13:05,unknown
2301,Arjun,Singh,Arjun Singh,57,F,Marketing,Engineer,50487,1244.0,arjun.singh@example.com,999999999999999,,Addr 1301,Hyderabad,Maharashtra,India,411001,2032-01-01,,17,2.28,,full time,Remote,A+,2026-07-27 20:13:05,none
2302,Neha,Singh,Neha Singh,34,Male,IT,Engineer,147900,,johngmail.com,999999999999999,,Addr 1302,Delhi ,Maharashtra,India,560001,2021-01-22,,15,1.66,,Contract,Hybrid,AB+,2026-07-27 20:13:05,OK
2303,Neha,Mehta,Neha Mehta,34,male,I.T.,Analyst,76361,14536.0,abc.com,abcdefghij,,Addr 1303,  Bangalore,Maharashtra,India,ABCDE,2018.01.28,,2,4.27,,Contract,Hybrid,A+,2026-07-27 20:13:05,?
2304,Vikram,Gupta,Vikram Gupta,57,MALE,Marketing,Analyst,31652,,abc@,abcdefghij,,Addr 1304,Chennai,Maharashtra,India,ABCDE,2022-07-26,,0,3.26,,Full Time,Remote,O+,2026-07-27 20:13:05,OK
2305,Sara,Mehta,Sara Mehta,58,female,Sales,Manager,47099,13992.0,johngmail.com,12345,,Addr 1305,Hyderabad,Maharashtra,India,560001,2018-10-18,,17,1.31,,full time,Remote,B+,2026-07-27 20:13:05,none
2306,Rohit,Verma,Rohit Verma,0,female,I.T.,Analyst,117972,6007.0,abc@,abcdefghij,,Addr 1306,Pune,Maharashtra,India,560001,2032-01-01,,20,3.67,,full time,Remote,,2026-07-27 20:13:05,OK
2307,Rohit,Das,Rohit Das,39,F,Operations,Executive,111749,,johngmail.com,abcdefghij,,Addr 1307,Chennai,Maharashtra,India,ABCDE,2032-01-01,,0,3.72,,Contract,Onsite,O+,2026-07-27 20:13:05,N/A
2308,Rohit,Rao,Rohit Rao,43,female,IT,Analyst,53693,14997.0,abc@,abcdefghij,,Addr 1308,  Bangalore,Maharashtra,India,ABCDE,2032-01-01,,7,3.53,,full time,Onsite,AB+,2026-07-27 20:13:05,none
2309,Sara,Gupta,Sara Gupta,24,female,Finance,Executive,132361,8895.0,@@gmail.com,,,Addr 1309,Chennai,Maharashtra,India,560001,2022-12-24,,17,1.19,,full time,Onsite,AB+,2026-07-27 20:13:05,N/A
2310,Rohit,Kumar,Rohit Kumar,54,female,it,Executive,110750,9907.0,@@gmail.com,,,Addr 1310,Chennai,Maharashtra,India,123,2032-01-01,,2,1.92,,full time,Hybrid,A+,2026-07-27 20:13:05,none
2311,Rohit,Singh,Rohit Singh,27,Female,HR,Engineer,105930,9777.0,johngmail.com,,,Addr 1311,Hyderabad,Maharashtra,India,411001,2022-10-19,,5,1.64,,Full Time,Remote,AB+,2026-07-27 20:13:05,N/A
2312,Priya,Kumar,Priya Kumar,22,Male,I.T.,Manager,77685,3398.0,abc@,9363140982,,Addr 1312, Mumbai,Maharashtra,India,560001,2023-07-28,,5,1.98,,Contract,Onsite,AB+,2026-07-27 20:13:05,?
2313,Amit,Sharma,Amit Sharma,60,MALE,IT,Manager,131355,11492.0,johngmail.com,abcdefghij,,Addr 1313,Kolkata,Maharashtra,India,ABCDE,08/05/2024,,9,4.4,,Contract,Remote,O+,2026-07-27 20:13:05,N/A
2314,Rohit,Das,Rohit Das,25,MALE,Finance,Executive,111108,16243.0,rohit.das@example.com,abcdefghij,,Addr 1314,Pune,Maharashtra,India,411001,10/04/2016,,16,1.04,,Contract,Onsite,B+,2026-07-27 20:13:05,unknown
2315,John,Gupta,John Gupta,34,male,Information Technology,Executive,31653,,abc.com,999999999999999,,Addr 1315,  Bangalore,Maharashtra,India,ABCDE,2022.03.12,,4,3.62,,Full Time,Remote,A+,2026-07-27 20:13:05,N/A
2316,Priya,Patel,Priya Patel,43,female,Finance,Manager,148666,6487.0,johngmail.com,999999999999999,,Addr 1316,  Bangalore,Maharashtra,India,560001,24/11/2019,,19,1.03,,full time,Remote,O+,2026-07-27 20:13:05,N/A
2317,Rohit,Rao,Rohit Rao,48,M,HR,Engineer,35347,10793.0,rohit.rao@example.com,,,Addr 1317,Hyderabad,Maharashtra,India,123,2017-11-16,,1,3.66,,Full Time,Hybrid,O+,2026-07-27 20:13:05,unknown
2318,Rahul,Kumar,Rahul Kumar,31,Female,Finance,Executive,88534,,johngmail.com,12345,,Addr 1318,Pune,Maharashtra,India,560001,2032-01-01,,8,3.64,,Full Time,Hybrid,,2026-07-27 20:13:05,N/A
2319,Sneha,Joshi,Sneha Joshi,26,M,I.T.,Executive,114048,15506.0,abc@,9282901832,,Addr 1319,Delhi ,Maharashtra,India,411001,2023-01-19,,5,1.25,,Full Time,Hybrid,A+,2026-07-27 20:13:05,?
2320,Neha,Rao,Neha Rao,60,Female,IT,Analyst,0,,@@gmail.com,999999999999999,,Addr 1320,Delhi ,Maharashtra,India,123,2032-01-01,,18,2.74,,Contract,Onsite,AB+,2026-07-27 20:13:05,N/A
2321,John,Patel,John Patel,37,F,IT,Executive,109189,,@@gmail.com,9813881901,,Addr 1321,Kolkata,Maharashtra,India,123,2016.10.31,,13,3.0,,Contract,Hybrid,AB+,2026-07-27 20:13:05,?
2322,Vikram,Patel,Vikram Patel,29,MALE,Marketing,Engineer,35113,4098.0,johngmail.com,12345,,Addr 1322,Hyderabad,Maharashtra,India,411001,2021.07.21,,11,4.83,,full time,Hybrid,,2026-07-27 20:13:05,N/A
2323,Ananya,Das,Ananya Das,33,female,I.T.,Engineer,76309,6982.0,abc.com,12345,,Addr 1323,  Bangalore,Maharashtra,India,ABCDE,15/05/2022,,6,3.51,,full time,Onsite,AB+,2026-07-27 20:13:05,OK
2324,Amit,Mehta,Amit Mehta,60,male,it,Executive,55617,18318.0,@@gmail.com,,,Addr 1324, Mumbai,Maharashtra,India,123,2032-01-01,,11,1.52,,Full Time,Onsite,A+,2026-07-27 20:13:05,none
2325,Sara,Kumar,Sara Kumar,46,male,I.T.,Executive,143576,8689.0,@@gmail.com,abcdefghij,,Addr 1325,Kolkata,Maharashtra,India,411001,2019-09-02,,8,3.76,,Full Time,Remote,O+,2026-07-27 20:13:05,?
2326,Sara,Singh,Sara Singh,42,male,Marketing,Manager,134819,19238.0,johngmail.com,abcdefghij,,Addr 1326,Delhi ,Maharashtra,India,411001,2017.11.12,,6,2.08,,full time,Remote,A+,2026-07-27 20:13:05,OK
2327,Priya,Das,Priya Das,57,MALE,Finance,Analyst,67856,3655.0,abc.com,9842463815,,Addr 1327, Mumbai,Maharashtra,India,411001,2018-10-22,,13,2.09,,full time,Onsite,,2026-07-27 20:13:05,N/A
2328,Arjun,Rao,Arjun Rao,59,Female,Operations,Manager,125478,8025.0,abc.com,9987591530,,Addr 1328,  Bangalore,Maharashtra,India,123,2018-03-26,,8,2.47,,Contract,Remote,,2026-07-27 20:13:05,N/A
2329,Arjun,Das,Arjun Das,36,Male,Sales,Executive,103099,11626.0,abc@,999999999999999,,Addr 1329,Hyderabad,Maharashtra,India,560001,18/05/2021,,9,1.82,,Full Time,Onsite,A+,2026-07-27 20:13:05,unknown
2330,John,Rao,John Rao,58,M,Information Technology,Engineer,143366,14540.0,abc@,9749121879,,Addr 1330,  Bangalore,Maharashtra,India,123,2015-02-24,,13,1.31,,full time,Hybrid,A+,2026-07-27 20:13:05,unknown
2331,Kiran,Sharma,Kiran Sharma,31,MALE,IT,Manager,55036,2445.0,kiran.sharma@example.com,,,Addr 1331, Mumbai,Maharashtra,India,ABCDE,2016-02-24,,5,1.24,,full time,Remote,O+,2026-07-27 20:13:05,none
2332,Rohit,Mehta,Rohit Mehta,50,Female,Marketing,Executive,136746,15832.0,abc.com,12345,,Addr 1332,Delhi ,Maharashtra,India,560001,2016-07-31,,20,2.9,,full time,Remote,B+,2026-07-27 20:13:05,none
2333,Vikram,Patel,Vikram Patel,58,MALE,I.T.,Analyst,122889,9954.0,johngmail.com,12345,,Addr 1333,Pune,Maharashtra,India,123,2023.01.21,,15,2.91,,full time,Onsite,,2026-07-27 20:13:05,none
2334,Neha,Rao,Neha Rao,51,MALE,Information Technology,Engineer,58628,18546.0,neha.rao@example.com,9504390356,,Addr 1334,Kolkata,Maharashtra,India,ABCDE,2019.12.22,,17,3.53,,Contract,Onsite,AB+,2026-07-27 20:13:05,?
2335,Sara,Sharma,Sara Sharma,34,MALE,Finance,Executive,81484,,johngmail.com,999999999999999,,Addr 1335, Mumbai,Maharashtra,India,ABCDE,2032-01-01,,9,4.35,,full time,Remote,,2026-07-27 20:13:05,OK
2336,Amit,Mehta,Amit Mehta,24,Female,Sales,Manager,78955,6160.0,@@gmail.com,abcdefghij,,Addr 1336,  Bangalore,Maharashtra,India,ABCDE,2032-01-01,,8,3.24,,Contract,Onsite,O+,2026-07-27 20:13:05,N/A
2337,Sneha,Patel,Sneha Patel,42,F,it,Analyst,133954,2683.0,sneha.patel@example.com,,,Addr 1337,Chennai,Maharashtra,India,560001,2016.11.29,,5,1.84,,Contract,Hybrid,AB+,2026-07-27 20:13:05,unknown
2338,John,Gupta,John Gupta,30,Male,HR,Analyst,87364,,abc.com,,,Addr 1338,Chennai,Maharashtra,India,123,2032-01-01,,10,1.89,,Contract,Onsite,O+,2026-07-27 20:13:05,OK
2339,Sara,Singh,Sara Singh,51,M,HR,Analyst,67266,11233.0,abc@,999999999999999,,Addr 1339,Kolkata,Maharashtra,India,ABCDE,30/07/2022,,8,4.54,,Full Time,Remote,,2026-07-27 20:13:05,none
2340,Ananya,Kumar,Ananya Kumar,30,Female,I.T.,Executive,109066,7179.0,abc@,9804191716,,Addr 1340, Mumbai,Maharashtra,India,ABCDE,24/07/2020,,1,3.02,,full time,Hybrid,O+,2026-07-27 20:13:05,OK
2341,Rohit,Mehta,Rohit Mehta,48,Male,I.T.,Engineer,56111,16441.0,abc.com,999999999999999,,Addr 1341,  Bangalore,Maharashtra,India,560001,2032-01-01,,14,1.96,,full time,Hybrid,AB+,2026-07-27 20:13:05,?
2342,Arjun,Joshi,Arjun Joshi,60,Male,HR,Analyst,96094,11840.0,@@gmail.com,,,Addr 1342,Delhi ,Maharashtra,India,123,28/11/2018,,7,4.29,,Contract,Onsite,B+,2026-07-27 20:13:05,N/A
2343,Sara,Singh,Sara Singh,26,male,Sales,Engineer,115829,12021.0,sara.singh@example.com,9702640626,,Addr 1343,  Bangalore,Maharashtra,India,560001,2017.02.11,,3,2.28,,Full Time,Onsite,O+,2026-07-27 20:13:05,unknown
2344,Rohit,Das,Rohit Das,47,MALE,it,Manager,63420,15849.0,abc.com,abcdefghij,,Addr 1344,Kolkata,Maharashtra,India,560001,25/11/2019,,11,1.67,,Full Time,Remote,B+,2026-07-27 20:13:05,unknown
2345,Rohit,Gupta,Rohit Gupta,28,male,Sales,Manager,99562,19328.0,abc.com,,,Addr 1345,Hyderabad,Maharashtra,India,411001,2017.04.24,,10,4.34,,full time,Onsite,O+,2026-07-27 20:13:05,unknown
2346,Vikram,Mehta,Vikram Mehta,36,F,IT,Engineer,78549,6118.0,abc.com,,,Addr 1346,Hyderabad,Maharashtra,India,560001,2032-01-01,,19,3.75,,Full Time,Remote,O+,2026-07-27 20:13:05,?
2347,Ananya,Sharma,Ananya Sharma,35,M,Operations,Manager,75051,5200.0,abc.com,abcdefghij,,Addr 1347,Chennai,Maharashtra,India,560001,2023-05-25,,7,1.42,,Full Time,Remote,O+,2026-07-27 20:13:05,OK
2348,Sara,Das,Sara Das,26,M,Finance,Analyst,140497,12315.0,@@gmail.com,9283286785,,Addr 1348,Delhi ,Maharashtra,India,411001,2032-01-01,,12,3.08,,Contract,Remote,O+,2026-07-27 20:13:05,unknown
2349,Sara,Das,Sara Das,44,F,Marketing,Executive,85229,10880.0,sara.das@example.com,,,Addr 1349,Delhi ,Maharashtra,India,123,2016-03-25,,13,1.47,,Full Time,Remote,B+,2026-07-27 20:13:05,none
2350,Sneha,Rao,Sneha Rao,37,MALE,Information Technology,Manager,109559,5215.0,sneha.rao@example.com,,,Addr 1350,Delhi ,Maharashtra,India,560001,2032-01-01,,6,1.34,,full time,Remote,A+,2026-07-27 20:13:05,unknown
2351,Amit,Das,Amit Das,34,M,I.T.,Manager,136653,3574.0,johngmail.com,,,Addr 1351,Chennai,Maharashtra,India,411001,2022-01-12,,15,2.56,,Full Time,Onsite,A+,2026-07-27 20:13:05,none
2352,Rohit,Rao,Rohit Rao,22,F,it,Analyst,59651,1145.0,johngmail.com,12345,,Addr 1352,Chennai,Maharashtra,India,123,2032-01-01,,14,2.49,,Contract,Onsite,O+,2026-07-27 20:13:05,N/A
2353,Kiran,Kumar,Kiran Kumar,21,F,Finance,Engineer,123052,,abc@,abcdefghij,,Addr 1353,Kolkata,Maharashtra,India,560001,21/06/2018,,10,1.51,,Contract,Remote,O+,2026-07-27 20:13:05,?
2354,Priya,Patel,Priya Patel,30,Male,HR,Engineer,86264,11797.0,abc.com,12345,,Addr 1354,Hyderabad,Maharashtra,India,411001,2032-01-01,,15,4.18,,Full Time,Remote,AB+,2026-07-27 20:13:05,?
2355,Vikram,Rao,Vikram Rao,60,MALE,Operations,Manager,115202,14570.0,@@gmail.com,9984503379,,Addr 1355,Chennai,Maharashtra,India,ABCDE,2017.07.25,,0,4.33,,full time,Hybrid,B+,2026-07-27 20:13:05,unknown
2356,John,Singh,John Singh,33,male,Finance,Analyst,120344,11814.0,johngmail.com,,,Addr 1356,  Bangalore,Maharashtra,India,411001,2032-01-01,,2,1.5,,full time,Hybrid,B+,2026-07-27 20:13:05,unknown
2357,Kiran,Mehta,Kiran Mehta,25,Female,Sales,Manager,108563,8797.0,abc.com,999999999999999,,Addr 1357,  Bangalore,Maharashtra,India,560001,2023.12.03,,18,1.36,,full time,Onsite,A+,2026-07-27 20:13:05,?
2358,Sneha,Das,Sneha Das,29,Female,I.T.,Manager,135507,4556.0,abc.com,,,Addr 1358,Kolkata,Maharashtra,India,123,23/08/2019,,8,3.96,,full time,Hybrid,AB+,2026-07-27 20:13:05,?
2359,Vikram,Patel,Vikram Patel,55,Female,Marketing,Analyst,32156,2112.0,abc.com,12345,,Addr 1359,Hyderabad,Maharashtra,India,123,04/02/2023,,12,4.23,,Full Time,Onsite,O+,2026-07-27 20:13:05,OK
2360,Amit,Das,Amit Das,27,Female,Sales,Manager,122467,18527.0,amit.das@example.com,9720203388,,Addr 1360,Pune,Maharashtra,India,ABCDE,2015-05-06,,18,3.47,,full time,Hybrid,AB+,2026-07-27 20:13:05,N/A
2361,Ananya,Verma,Ananya Verma,49,male,Finance,Analyst,147416,14779.0,johngmail.com,abcdefghij,,Addr 1361,Kolkata,Maharashtra,India,ABCDE,2032-01-01,,15,2.91,,full time,Hybrid,AB+,2026-07-27 20:13:05,?
2362,Neha,Gupta,Neha Gupta,37,female,IT,Analyst,85798,18454.0,johngmail.com,12345,,Addr 1362,Delhi ,Maharashtra,India,ABCDE,2017-09-26,,4,4.87,,Full Time,Hybrid,AB+,2026-07-27 20:13:05,N/A
2363,Sneha,Mehta,Sneha Mehta,24,female,IT,Analyst,70089,,sneha.mehta@example.com,9461597000,,Addr 1363,Hyderabad,Maharashtra,India,411001,2020-07-21,,14,1.84,,Contract,Hybrid,O+,2026-07-27 20:13:05,?
2364,Ananya,Singh,Ananya Singh,52,MALE,HR,Executive,60405,2062.0,abc.com,999999999999999,,Addr 1364,  Bangalore,Maharashtra,India,411001,27/01/2022,,4,1.44,,Full Time,Hybrid,O+,2026-07-27 20:13:05,N/A
2365,John,Kumar,John Kumar,32,MALE,Information Technology,Engineer,148356,2371.0,abc@,9594094294,,Addr 1365,Kolkata,Maharashtra,India,ABCDE,2022.02.23,,18,2.79,,Contract,Onsite,,2026-07-27 20:13:05,OK
2366,Sara,Singh,Sara Singh,36,Female,it,Executive,91375,15096.0,sara.singh@example.com,12345,,Addr 1366,Hyderabad,Maharashtra,India,560001,12/07/2023,,17,2.84,,full time,Onsite,B+,2026-07-27 20:13:05,OK
2367,Rohit,Patel,Rohit Patel,36,male,HR,Executive,53640,13513.0,abc@,,,Addr 1367,Delhi ,Maharashtra,India,411001,22/09/2020,,7,4.3,,Full Time,Remote,AB+,2026-07-27 20:13:05,none
2368,Vikram,Sharma,Vikram Sharma,49,M,Operations,Executive,47903,19306.0,abc.com,999999999999999,,Addr 1368,Delhi ,Maharashtra,India,411001,2018.10.29,,16,3.5,,Full Time,Remote,A+,2026-07-27 20:13:05,N/A
2369,Vikram,Sharma,Vikram Sharma,54,M,Information Technology,Manager,108262,6733.0,johngmail.com,999999999999999,,Addr 1369,Delhi ,Maharashtra,India,123,2019-03-29,,9,2.27,,full time,Hybrid,B+,2026-07-27 20:13:05,unknown
2370,Ananya,Mehta,Ananya Mehta,54,Female,I.T.,Analyst,84953,19790.0,ananya.mehta@example.com,12345,,Addr 1370,Kolkata,Maharashtra,India,ABCDE,2024.01.18,,2,2.28,,full time,Hybrid,AB+,2026-07-27 20:13:05,?
2371,Rahul,Joshi,Rahul Joshi,55,Male,it,Manager,57462,8318.0,@@gmail.com,12345,,Addr 1371,Chennai,Maharashtra,India,123,2015.09.04,,12,1.81,,Full Time,Remote,,2026-07-27 20:13:05,none
2372,Amit,Singh,Amit Singh,44,male,Finance,Analyst,74433,,@@gmail.com,12345,,Addr 1372,Delhi ,Maharashtra,India,ABCDE,2032-01-01,,2,2.51,,Contract,Onsite,AB+,2026-07-27 20:13:05,N/A
2373,Sara,Kumar,Sara Kumar,50,female,Finance,Executive,135569,8064.0,johngmail.com,999999999999999,,Addr 1373,Hyderabad,Maharashtra,India,411001,01/02/2022,,3,4.19,,Full Time,Remote,,2026-07-27 20:13:05,unknown
2374,Priya,Verma,Priya Verma,53,F,IT,Executive,61542,9215.0,priya.verma@example.com,12345,,Addr 1374,Delhi ,Maharashtra,India,ABCDE,2022-11-14,,8,4.06,,Full Time,Remote,O+,2026-07-27 20:13:05,?
2375,Neha,Sharma,Neha Sharma,31,Female,I.T.,Executive,72779,1297.0,@@gmail.com,,,Addr 1375,Chennai,Maharashtra,India,560001,11/04/2017,,2,1.78,,Contract,Hybrid,A+,2026-07-27 20:13:05,none
2376,Vikram,Verma,Vikram Verma,55,MALE,Marketing,Analyst,57567,13668.0,vikram.verma@example.com,999999999999999,,Addr 1376, Mumbai,Maharashtra,India,123,2032-01-01,,14,4.73,,Contract,Remote,AB+,2026-07-27 20:13:05,N/A
2377,Priya,Rao,Priya Rao,56,MALE,Marketing,Engineer,50669,5988.0,abc.com,999999999999999,,Addr 1377,Delhi ,Maharashtra,India,411001,2017-04-08,,13,4.23,,Full Time,Hybrid,B+,2026-07-27 20:13:05,OK
2378,Neha,Patel,Neha Patel,27,M,Marketing,Manager,86561,5708.0,abc.com,999999999999999,,Addr 1378,Hyderabad,Maharashtra,India,560001,08/09/2015,,5,4.58,,full time,Remote,A+,2026-07-27 20:13:05,OK
2379,Rohit,Mehta,Rohit Mehta,23,M,Marketing,Engineer,133596,,johngmail.com,abcdefghij,,Addr 1379, Mumbai,Maharashtra,India,411001,2032-01-01,,4,4.61,,full time,Remote,A+,2026-07-27 20:13:05,?
2380,Vikram,Das,Vikram Das,41,M,HR,Manager,86436,6822.0,@@gmail.com,999999999999999,,Addr 1380,Pune,Maharashtra,India,411001,2021-02-13,,14,4.02,,Contract,Onsite,O+,2026-07-27 20:13:05,OK
2381,Amit,Singh,Amit Singh,43,female,IT,Executive,42358,12135.0,abc@,abcdefghij,,Addr 1381,Delhi ,Maharashtra,India,411001,01/06/2022,,18,4.68,,Contract,Onsite,B+,2026-07-27 20:13:05,unknown
2382,Kiran,Verma,Kiran Verma,250,female,it,Engineer,115665,17679.0,abc.com,999999999999999,,Addr 1382,Hyderabad,Maharashtra,India,560001,03/10/2016,,10,4.86,,full time,Remote,AB+,2026-07-27 20:13:05,N/A
2383,Sara,Verma,Sara Verma,59,Male,HR,Analyst,62383,6530.0,@@gmail.com,12345,,Addr 1383,Hyderabad,Maharashtra,India,123,2018.02.14,,1,4.03,,Contract,Remote,AB+,2026-07-27 20:13:05,?
2384,Sneha,Mehta,Sneha Mehta,58,MALE,I.T.,Analyst,32511,1861.0,abc.com,9641486329,,Addr 1384,Hyderabad,Maharashtra,India,123,2017-05-12,,10,4.9,,full time,Onsite,,2026-07-27 20:13:05,?
2385,John,Patel,John Patel,41,Male,it,Manager,91161,4433.0,john.patel@example.com,,,Addr 1385,Pune,Maharashtra,India,411001,2032-01-01,,3,2.94,,full time,Onsite,A+,2026-07-27 20:13:05,OK
2386,Neha,Mehta,Neha Mehta,53,female,Finance,Executive,93801,16691.0,@@gmail.com,999999999999999,,Addr 1386,  Bangalore,Maharashtra,India,411001,2018.12.31,,15,2.05,,Full Time,Remote,,2026-07-27 20:13:05,OK
2387,Rohit,Sharma,Rohit Sharma,59,male,it,Manager,142405,18481.0,abc.com,9404393516,,Addr 1387, Mumbai,Maharashtra,India,560001,2017.03.01,,15,4.9,,full time,Remote,AB+,2026-07-27 20:13:05,?
2388,Rohit,Mehta,Rohit Mehta,34,female,Information Technology,Executive,91588,16071.0,@@gmail.com,abcdefghij,,Addr 1388, Mumbai,Maharashtra,India,ABCDE,08/04/2021,,0,1.84,,Contract,Hybrid,B+,2026-07-27 20:13:05,none
2389,Sneha,Verma,Sneha Verma,46,Male,it,Analyst,108654,16335.0,abc@,999999999999999,,Addr 1389,Delhi ,Maharashtra,India,123,2032-01-01,,6,3.69,,Contract,Hybrid,AB+,2026-07-27 20:13:05,OK
2390,Arjun,Gupta,Arjun Gupta,47,M,it,Engineer,77788,13758.0,@@gmail.com,abcdefghij,,Addr 1390,Pune,Maharashtra,India,123,2032-01-01,,6,4.63,,full time,Onsite,,2026-07-27 20:13:05,OK
2391,Rahul,Kumar,Rahul Kumar,180,MALE,Marketing,Analyst,34154,6293.0,rahul.kumar@example.com,999999999999999,,Addr 1391,Delhi ,Maharashtra,India,560001,13/05/2023,,7,2.64,,full time,Remote,A+,2026-07-27 20:13:05,OK
2392,Arjun,Kumar,Arjun Kumar,56,female,Marketing,Executive,44467,13616.0,@@gmail.com,999999999999999,,Addr 1392,Kolkata,Maharashtra,India,123,21/09/2018,,8,3.31,,Contract,Onsite,A+,2026-07-27 20:13:05,none
2393,Vikram,Sharma,Vikram Sharma,27,female,Sales,Analyst,55336,8435.0,vikram.sharma@example.com,,,Addr 1393,  Bangalore,Maharashtra,India,560001,2022-02-26,,15,4.29,,full time,Onsite,O+,2026-07-27 20:13:05,unknown
2394,Rohit,Patel,Rohit Patel,21,Male,IT,Analyst,88269,2479.0,abc@,12345,,Addr 1394,Hyderabad,Maharashtra,India,560001,14/01/2018,,5,3.93,,Contract,Onsite,O+,2026-07-27 20:13:05,unknown
2395,Amit,Das,Amit Das,37,Female,Operations,Manager,79130,16743.0,abc@,12345,,Addr 1395,Chennai,Maharashtra,India,560001,2017-04-24,,1,4.36,,full time,Remote,,2026-07-27 20:13:05,N/A
2396,Sneha,Gupta,Sneha Gupta,52,M,Information Technology,Analyst,82599,,sneha.gupta@example.com,9743040256,,Addr 1396,Pune,Maharashtra,India,123,2015-08-14,,6,4.6,,full time,Onsite,AB+,2026-07-27 20:13:05,?
2397,Ananya,Joshi,Ananya Joshi,21,M,Information Technology,Manager,105452,16358.0,ananya.joshi@example.com,12345,,Addr 1397,Hyderabad,Maharashtra,India,411001,2016.08.27,,6,3.05,,Contract,Remote,AB+,2026-07-27 20:13:05,?
2398,Ananya,Rao,Ananya Rao,31,F,Operations,Engineer,75579,3354.0,johngmail.com,12345,,Addr 1398,Delhi ,Maharashtra,India,560001,2016-07-08,,9,2.54,,full time,Onsite,B+,2026-07-27 20:13:05,OK
2399,John,Singh,John Singh,46,female,Information Technology,Analyst,122135,7054.0,johngmail.com,12345,,Addr 1399,Kolkata,Maharashtra,India,411001,2032-01-01,,12,2.76,,full time,Hybrid,O+,2026-07-27 20:13:05,OK
2400,Sneha,Singh,Sneha Singh,38,male,Information Technology,Executive,66377,8329.0,abc@,12345,,Addr 1400,Hyderabad,Maharashtra,India,411001,2023.04.03,,14,1.9,,Full Time,Remote,AB+,2026-07-27 20:13:05,?
2401,Rohit,Kumar,Rohit Kumar,42,F,Sales,Manager,71327,15433.0,rohit.kumar@example.com,,,Addr 1401,  Bangalore,Maharashtra,India,560001,2019.04.26,,9,1.37,,Full Time,Hybrid,,2026-07-27 20:13:05,none
2402,Sara,Kumar,Sara Kumar,32,MALE,it,Executive,144590,11277.0,johngmail.com,999999999999999,,Addr 1402,Kolkata,Maharashtra,India,560001,2021.08.10,,2,4.46,,Full Time,Hybrid,,2026-07-27 20:13:05,unknown
2403,Kiran,Joshi,Kiran Joshi,32,M,HR,Analyst,62922,11952.0,abc.com,999999999999999,,Addr 1403,Kolkata,Maharashtra,India,411001,2032-01-01,,8,3.73,,Full Time,Hybrid,B+,2026-07-27 20:13:05,?
2404,Sneha,Singh,Sneha Singh,29,F,Finance,Executive,118671,1079.0,sneha.singh@example.com,,,Addr 1404,Delhi ,Maharashtra,India,411001,2016.09.11,,7,2.79,,full time,Onsite,A+,2026-07-27 20:13:05,N/A
2405,Vikram,Kumar,Vikram Kumar,59,male,IT,Engineer,32374,18755.0,abc.com,12345,,Addr 1405, Mumbai,Maharashtra,India,123,2016-03-26,,10,4.98,,Contract,Onsite,A+,2026-07-27 20:13:05,OK
2406,Sneha,Rao,Sneha Rao,54,female,Marketing,Engineer,43849,3244.0,sneha.rao@example.com,abcdefghij,,Addr 1406,  Bangalore,Maharashtra,India,560001,2032-01-01,,8,1.58,,Full Time,Remote,O+,2026-07-27 20:13:05,none
2407,Rohit,Singh,Rohit Singh,24,M,Finance,Analyst,120471,3452.0,abc@,999999999999999,,Addr 1407,Delhi ,Maharashtra,India,560001,2019.06.13,,15,3.86,,Full Time,Hybrid,AB+,2026-07-27 20:13:05,unknown
2408,Ananya,Kumar,Ananya Kumar,22,MALE,Sales,Engineer,95707,13979.0,@@gmail.com,abcdefghij,,Addr 1408, Mumbai,Maharashtra,India,ABCDE,31/01/2022,,7,1.09,,Full Time,Hybrid,,2026-07-27 20:13:05,?
2409,Vikram,Mehta,Vikram Mehta,47,Male,HR,Analyst,132141,9234.0,@@gmail.com,12345,,Addr 1409,Delhi ,Maharashtra,India,411001,21/01/2016,,11,2.09,,full time,Remote,AB+,2026-07-27 20:13:05,none
2410,Rohit,Joshi,Rohit Joshi,53,Male,I.T.,Engineer,80210,7427.0,abc@,999999999999999,,Addr 1410,Hyderabad,Maharashtra,India,ABCDE,2021-05-01,,5,2.88,,Full Time,Hybrid,A+,2026-07-27 20:13:05,none
2411,Neha,Gupta,Neha Gupta,43,MALE,Operations,Engineer,132685,5397.0,abc.com,abcdefghij,,Addr 1411,Delhi ,Maharashtra,India,411001,18/04/2023,,12,3.64,,Contract,Hybrid,O+,2026-07-27 20:13:05,?
2412,Neha,Joshi,Neha Joshi,27,F,Finance,Manager,34017,7103.0,abc@,999999999999999,,Addr 1412,Chennai,Maharashtra,India,123,2032-01-01,,15,3.58,,Full Time,Remote,A+,2026-07-27 20:13:05,OK
2413,John,Sharma,John Sharma,250,MALE,HR,Executive,52730,3783.0,abc.com,12345,,Addr 1413,Delhi ,Maharashtra,India,ABCDE,24/04/2018,,19,1.52,,full time,Remote,O+,2026-07-27 20:13:05,?
2414,Ananya,Das,Ananya Das,50,MALE,Sales,Executive,36278,4494.0,abc.com,9852114846,,Addr 1414, Mumbai,Maharashtra,India,560001,20/08/2023,,16,1.92,,full time,Onsite,,2026-07-27 20:13:05,?
2415,Rohit,Kumar,Rohit Kumar,22,F,Finance,Executive,120185,19364.0,abc@,12345,,Addr 1415,Chennai,Maharashtra,India,ABCDE,2018.05.04,,7,1.52,,Contract,Remote,B+,2026-07-27 20:13:05,unknown
2416,Arjun,Rao,Arjun Rao,51,Female,Finance,Executive,88340,18214.0,arjun.rao@example.com,abcdefghij,,Addr 1416,Hyderabad,Maharashtra,India,123,2015.11.29,,18,1.54,,Full Time,Remote,,2026-07-27 20:13:05,unknown
2417,Sara,Das,Sara Das,42,female,IT,Engineer,90375,16971.0,abc.com,,,Addr 1417,Hyderabad,Maharashtra,India,560001,2032-01-01,,18,1.34,,full time,Onsite,B+,2026-07-27 20:13:05,N/A
2418,Rahul,Sharma,Rahul Sharma,28,Male,IT,Engineer,53318,14362.0,johngmail.com,,,Addr 1418,Delhi ,Maharashtra,India,411001,2021.03.03,,18,4.07,,Full Time,Onsite,AB+,2026-07-27 20:13:05,?
2419,Priya,Sharma,Priya Sharma,21,female,Finance,Analyst,93405,9942.0,abc@,abcdefghij,,Addr 1419,Kolkata,Maharashtra,India,ABCDE,2022-06-11,,11,1.46,,Full Time,Onsite,AB+,2026-07-27 20:13:05,N/A
2420,Sara,Joshi,Sara Joshi,34,F,Finance,Manager,60803,15156.0,johngmail.com,abcdefghij,,Addr 1420,Hyderabad,Maharashtra,India,560001,2015.09.19,,1,1.83,,Full Time,Remote,O+,2026-07-27 20:13:05,none
2421,Ananya,Gupta,Ananya Gupta,51,M,Information Technology,Manager,33911,14531.0,ananya.gupta@example.com,999999999999999,,Addr 1421,Kolkata,Maharashtra,India,123,2032-01-01,,4,4.17,,Contract,Remote,AB+,2026-07-27 20:13:05,OK
2422,Amit,Mehta,Amit Mehta,45,M,it,Manager,126383,,abc@,999999999999999,,Addr 1422,Chennai,Maharashtra,India,560001,2032-01-01,,6,2.28,,Full Time,Hybrid,,2026-07-27 20:13:05,OK
2423,Sara,Sharma,Sara Sharma,54,female,HR,Analyst,140249,14605.0,sara.sharma@example.com,9261499363,,Addr 1423,Kolkata,Maharashtra,India,560001,01/06/2022,,14,2.33,,Contract,Hybrid,O+,2026-07-27 20:13:05,N/A
2424,Kiran,Sharma,Kiran Sharma,59,F,Sales,Executive,82546,1540.0,kiran.sharma@example.com,abcdefghij,,Addr 1424,Pune,Maharashtra,India,560001,2032-01-01,,20,1.22,,full time,Onsite,A+,2026-07-27 20:13:05,OK
2425,Neha,Joshi,Neha Joshi,33,F,Operations,Manager,77826,16818.0,abc@,abcdefghij,,Addr 1425,Delhi ,Maharashtra,India,123,2023-08-01,,15,1.36,,Full Time,Onsite,,2026-07-27 20:13:05,none
2426,Vikram,Gupta,Vikram Gupta,27,MALE,Finance,Manager,92686,,abc@,12345,,Addr 1426,  Bangalore,Maharashtra,India,123,2032-01-01,,0,1.63,,Full Time,Hybrid,,2026-07-27 20:13:05,none
2427,Arjun,Patel,Arjun Patel,26,female,I.T.,Engineer,52646,13268.0,arjun.patel@example.com,,,Addr 1427, Mumbai,Maharashtra,India,ABCDE,13/01/2019,,11,2.45,,Full Time,Onsite,,2026-07-27 20:13:05,unknown
2428,Rohit,Das,Rohit Das,-5,Male,I.T.,Manager,144002,8300.0,abc@,12345,,Addr 1428,Delhi ,Maharashtra,India,560001,2022.06.29,,15,4.77,,full time,Onsite,O+,2026-07-27 20:13:05,?
2429,Arjun,Rao,Arjun Rao,41,Male,Operations,Manager,62163,1321.0,arjun.rao@example.com,999999999999999,,Addr 1429,Chennai,Maharashtra,India,123,2018.02.08,,0,3.99,,full time,Onsite,A+,2026-07-27 20:13:05,OK
2430,Sneha,Kumar,Sneha Kumar,56,female,it,Executive,94464,9519.0,@@gmail.com,999999999999999,,Addr 1430, Mumbai,Maharashtra,India,560001,2015.02.13,,12,4.05,,Full Time,Remote,B+,2026-07-27 20:13:05,unknown
2431,Ananya,Das,Ananya Das,47,male,HR,Executive,142803,15103.0,abc@,abcdefghij,,Addr 1431, Mumbai,Maharashtra,India,560001,06/02/2018,,9,4.95,,Full Time,Hybrid,B+,2026-07-27 20:13:05,OK
2432,Kiran,Mehta,Kiran Mehta,21,MALE,Operations,Manager,33463,19470.0,johngmail.com,999999999999999,,Addr 1432,  Bangalore,Maharashtra,India,411001,2015.02.05,,18,1.46,,Contract,Remote,AB+,2026-07-27 20:13:05,unknown
2433,Ananya,Singh,Ananya Singh,34,Female,Operations,Analyst,135675,12349.0,@@gmail.com,,,Addr 1433,  Bangalore,Maharashtra,India,411001,2032-01-01,,7,4.38,,full time,Remote,O+,2026-07-27 20:13:05,?
2434,Arjun,Das,Arjun Das,36,M,I.T.,Engineer,96530,15912.0,johngmail.com,abcdefghij,,Addr 1434,Delhi ,Maharashtra,India,560001,06/05/2020,,4,3.92,,Contract,Remote,A+,2026-07-27 20:13:05,OK
2435,Sneha,Gupta,Sneha Gupta,43,female,Information Technology,Executive,72216,10318.0,sneha.gupta@example.com,999999999999999,,Addr 1435, Mumbai,Maharashtra,India,560001,2015-02-20,,4,1.75,,Full Time,Remote,A+,2026-07-27 20:13:05,?
2436,Sneha,Singh,Sneha Singh,33,female,Sales,Executive,148862,18750.0,sneha.singh@example.com,,,Addr 1436,  Bangalore,Maharashtra,India,560001,2017.04.08,,20,2.88,,Contract,Onsite,B+,2026-07-27 20:13:05,?
2437,Neha,Das,Neha Das,36,Male,Operations,Executive,114046,9102.0,johngmail.com,abcdefghij,,Addr 1437,Pune,Maharashtra,India,411001,2024.07.21,,8,4.98,,Contract,Remote,AB+,2026-07-27 20:13:05,N/A
2438,Kiran,Rao,Kiran Rao,22,female,Information Technology,Engineer,110236,6962.0,abc@,12345,,Addr 1438,Pune,Maharashtra,India,123,2016.10.05,,2,3.95,,full time,Hybrid,A+,2026-07-27 20:13:05,OK
2439,Ananya,Das,Ananya Das,56,F,Operations,Manager,113559,3967.0,abc.com,abcdefghij,,Addr 1439,Kolkata,Maharashtra,India,ABCDE,2018-08-01,,11,1.78,,full time,Hybrid,,2026-07-27 20:13:05,?
2440,Amit,Rao,Amit Rao,60,MALE,IT,Executive,33150,7222.0,amit.rao@example.com,abcdefghij,,Addr 1440,  Bangalore,Maharashtra,India,ABCDE,2032-01-01,,0,4.31,,Full Time,Hybrid,,2026-07-27 20:13:05,unknown
2441,Neha,Das,Neha Das,56,F,I.T.,Engineer,125033,11163.0,neha.das@example.com,9371730639,,Addr 1441,Kolkata,Maharashtra,India,123,20/05/2021,,1,2.63,,full time,Onsite,,2026-07-27 20:13:05,N/A
2442,Vikram,Kumar,Vikram Kumar,31,male,it,Executive,117386,14077.0,johngmail.com,9755957354,,Addr 1442,Kolkata,Maharashtra,India,411001,2016.05.21,,20,3.68,,full time,Hybrid,B+,2026-07-27 20:13:05,unknown
2443,Rahul,Mehta,Rahul Mehta,55,female,it,Engineer,99999999,11660.0,abc.com,12345,,Addr 1443,Pune,Maharashtra,India,411001,10/06/2015,,9,4.76,,Full Time,Hybrid,A+,2026-07-27 20:13:05,unknown
2444,Rahul,Das,Rahul Das,40,Female,HR,Engineer,31805,4895.0,johngmail.com,9115566134,,Addr 1444,Chennai,Maharashtra,India,123,2032-01-01,,20,2.43,,Full Time,Remote,O+,2026-07-27 20:13:05,unknown
2445,Rohit,Mehta,Rohit Mehta,56,Female,I.T.,Manager,33028,19700.0,abc.com,abcdefghij,,Addr 1445,Chennai,Maharashtra,India,411001,19/05/2015,,20,2.57,,Contract,Remote,AB+,2026-07-27 20:13:05,unknown
2446,Ananya,Verma,Ananya Verma,41,F,it,Engineer,98678,8723.0,@@gmail.com,,,Addr 1446,Pune,Maharashtra,India,411001,2016-11-05,,8,2.43,,Contract,Onsite,,2026-07-27 20:13:05,OK
2447,Arjun,Kumar,Arjun Kumar,47,M,I.T.,Analyst,31342,13336.0,arjun.kumar@example.com,9709987317,,Addr 1447,Hyderabad,Maharashtra,India,411001,2032-01-01,,13,4.84,,Contract,Remote,B+,2026-07-27 20:13:05,OK
2448,Neha,Kumar,Neha Kumar,27,female,I.T.,Engineer,43257,11666.0,@@gmail.com,12345,,Addr 1448,  Bangalore,Maharashtra,India,411001,19/04/2018,,14,2.61,,Contract,Hybrid,AB+,2026-07-27 20:13:05,N/A
2449,Amit,Gupta,Amit Gupta,58,MALE,Operations,Analyst,102793,,abc.com,999999999999999,,Addr 1449,Pune,Maharashtra,India,560001,2018-12-23,,8,1.69,,Full Time,Hybrid,O+,2026-07-27 20:13:05,?
2450,Priya,Rao,Priya Rao,37,MALE,Information Technology,Analyst,64240,12305.0,abc.com,9296945419,,Addr 1450,Kolkata,Maharashtra,India,ABCDE,2032-01-01,,17,1.18,,Contract,Onsite,AB+,2026-07-27 20:13:05,?
2451,Amit,Sharma,Amit Sharma,56,F,HR,Executive,81403,6399.0,@@gmail.com,abcdefghij,,Addr 1451,Kolkata,Maharashtra,India,123,2021-10-05,,5,2.74,,Full Time,Remote,O+,2026-07-27 20:13:05,N/A
2452,Arjun,Verma,Arjun Verma,45,Male,it,Manager,86392,3892.0,abc@,abcdefghij,,Addr 1452, Mumbai,Maharashtra,India,123,26/08/2018,,15,2.36,,full time,Hybrid,,2026-07-27 20:13:05,none
2453,John,Sharma,John Sharma,54,male,IT,Executive,39413,7165.0,abc@,12345,,Addr 1453,  Bangalore,Maharashtra,India,560001,22/09/2020,,14,1.99,,Full Time,Hybrid,B+,2026-07-27 20:13:05,?
2454,Ananya,Rao,Ananya Rao,60,MALE,it,Engineer,140693,13609.0,abc.com,,,Addr 1454, Mumbai,Maharashtra,India,411001,04/12/2019,,13,2.96,,Contract,Hybrid,B+,2026-07-27 20:13:05,?
2455,Vikram,Kumar,Vikram Kumar,59,Male,Sales,Manager,85403,17429.0,abc@,999999999999999,,Addr 1455,Hyderabad,Maharashtra,India,411001,2017.12.03,,7,2.21,,Full Time,Onsite,,2026-07-27 20:13:05,N/A
2456,Neha,Singh,Neha Singh,27,Female,IT,Engineer,66640,1371.0,abc@,,,Addr 1456,Kolkata,Maharashtra,India,123,22/02/2016,,2,1.44,,full time,Onsite,B+,2026-07-27 20:13:05,none
2457,Ananya,Kumar,Ananya Kumar,36,MALE,Information Technology,Analyst,41070,,johngmail.com,abcdefghij,,Addr 1457,  Bangalore,Maharashtra,India,411001,22/01/2016,,13,4.65,,Contract,Remote,B+,2026-07-27 20:13:05,unknown
2458,Ananya,Kumar,Ananya Kumar,30,MALE,Information Technology,Manager,147146,4253.0,abc@,9506210840,,Addr 1458,Delhi ,Maharashtra,India,560001,2032-01-01,,20,1.07,,Full Time,Onsite,,2026-07-27 20:13:05,none
2459,Priya,Sharma,Priya Sharma,51,female,Sales,Manager,85397,14710.0,@@gmail.com,9083681682,,Addr 1459,Delhi ,Maharashtra,India,411001,2032-01-01,,7,2.88,,Full Time,Remote,,2026-07-27 20:13:05,?
2460,Priya,Mehta,Priya Mehta,22,male,IT,Manager,-50000,13817.0,abc@,abcdefghij,,Addr 1460,Chennai,Maharashtra,India,560001,18/06/2023,,2,1.92,,full time,Remote,,2026-07-27 20:13:05,OK
2461,Sneha,Verma,Sneha Verma,34,male,I.T.,Executive,52892,11747.0,@@gmail.com,abcdefghij,,Addr 1461, Mumbai,Maharashtra,India,411001,2032-01-01,,9,2.44,,full time,Hybrid,,2026-07-27 20:13:05,OK
2462,Rahul,Das,Rahul Das,57,male,Finance,Executive,83882,18145.0,abc@,,,Addr 1462,  Bangalore,Maharashtra,India,123,2024-02-17,,0,4.5,,full time,Onsite,AB+,2026-07-27 20:13:05,OK
2463,Kiran,Gupta,Kiran Gupta,28,M,I.T.,Engineer,40197,12880.0,abc.com,,,Addr 1463,  Bangalore,Maharashtra,India,123,2015-08-11,,3,1.2,,full time,Hybrid,A+,2026-07-27 20:13:05,OK
2464,Kiran,Singh,Kiran Singh,21,F,Marketing,Manager,136096,2787.0,abc.com,9316426633,,Addr 1464,  Bangalore,Maharashtra,India,411001,2017.05.05,,1,4.62,,Full Time,Remote,A+,2026-07-27 20:13:05,OK
2465,Priya,Das,Priya Das,28,Female,Finance,Analyst,126792,11959.0,priya.das@example.com,abcdefghij,,Addr 1465,  Bangalore,Maharashtra,India,560001,18/12/2015,,20,2.43,,full time,Remote,O+,2026-07-27 20:13:05,none
2466,Sneha,Patel,Sneha Patel,36,MALE,I.T.,Analyst,115479,5917.0,abc@,9867106656,,Addr 1466, Mumbai,Maharashtra,India,123,16/04/2020,,6,2.47,,full time,Hybrid,AB+,2026-07-27 20:13:05,unknown
2467,Priya,Mehta,Priya Mehta,51,Male,Operations,Analyst,46843,17161.0,@@gmail.com,,,Addr 1467,Kolkata,Maharashtra,India,411001,2032-01-01,,17,4.45,,Full Time,Hybrid,A+,2026-07-27 20:13:05,unknown
2468,Priya,Patel,Priya Patel,37,Male,I.T.,Analyst,95634,12936.0,@@gmail.com,9673137174,,Addr 1468,Hyderabad,Maharashtra,India,411001,2032-01-01,,12,3.39,,full time,Hybrid,A+,2026-07-27 20:13:05,none
2469,Sneha,Das,Sneha Das,33,MALE,IT,Engineer,134208,17152.0,johngmail.com,12345,,Addr 1469,  Bangalore,Maharashtra,India,ABCDE,21/04/2023,,2,3.66,,Contract,Onsite,A+,2026-07-27 20:13:05,?
2470,Amit,Sharma,Amit Sharma,51,Female,Marketing,Analyst,85298,2004.0,amit.sharma@example.com,12345,,Addr 1470,Kolkata,Maharashtra,India,123,2017-09-28,,3,2.68,,full time,Remote,O+,2026-07-27 20:13:05,N/A
2471,Arjun,Patel,Arjun Patel,51,MALE,Finance,Executive,48939,18307.0,abc@,,,Addr 1471,Delhi ,Maharashtra,India,560001,2024-05-18,,7,3.07,,Contract,Hybrid,A+,2026-07-27 20:13:05,unknown
2472,Kiran,Verma,Kiran Verma,48,M,Sales,Manager,128771,14916.0,@@gmail.com,999999999999999,,Addr 1472,Pune,Maharashtra,India,123,2017.09.02,,3,1.38,,Full Time,Hybrid,A+,2026-07-27 20:13:05,N/A
2473,John,Mehta,John Mehta,36,female,Information Technology,Engineer,101214,2491.0,johngmail.com,,,Addr 1473, Mumbai,Maharashtra,India,411001,2022.03.09,,3,3.78,,full time,Onsite,O+,2026-07-27 20:13:05,unknown
2474,Ananya,Mehta,Ananya Mehta,36,MALE,HR,Analyst,138760,16361.0,abc@,abcdefghij,,Addr 1474,Kolkata,Maharashtra,India,ABCDE,2024-05-24,,15,4.19,,full time,Remote,O+,2026-07-27 20:13:05,OK
2475,Kiran,Singh,Kiran Singh,250,MALE,Marketing,Executive,32339,12746.0,abc@,12345,,Addr 1475,Hyderabad,Maharashtra,India,411001,2020.04.24,,14,3.92,,full time,Hybrid,,2026-07-27 20:13:05,OK
2476,Vikram,Singh,Vikram Singh,59,female,I.T.,Analyst,113289,12348.0,@@gmail.com,9062789088,,Addr 1476,  Bangalore,Maharashtra,India,ABCDE,2023-04-24,,3,1.6,,Contract,Remote,AB+,2026-07-27 20:13:05,none
2477,Sneha,Gupta,Sneha Gupta,30,F,I.T.,Manager,40657,13785.0,johngmail.com,999999999999999,,Addr 1477, Mumbai,Maharashtra,India,560001,2016-07-25,,8,1.37,,full time,Remote,AB+,2026-07-27 20:13:05,?
2478,Neha,Verma,Neha Verma,52,male,Operations,Analyst,132807,11142.0,abc@,abcdefghij,,Addr 1478,Pune,Maharashtra,India,123,2032-01-01,,2,3.47,,Contract,Hybrid,B+,2026-07-27 20:13:05,unknown
2479,Rahul,Joshi,Rahul Joshi,42,male,IT,Analyst,141199,18937.0,johngmail.com,999999999999999,,Addr 1479,Hyderabad,Maharashtra,India,123,2032-01-01,,4,1.89,,Contract,Onsite,A+,2026-07-27 20:13:05,?
2480,John,Patel,John Patel,26,male,Sales,Engineer,146411,8843.0,abc@,abcdefghij,,Addr 1480,  Bangalore,Maharashtra,India,123,2016.06.06,,3,1.68,,Full Time,Onsite,B+,2026-07-27 20:13:05,N/A
2481,Neha,Verma,Neha Verma,36,Female,Sales,Executive,130681,19858.0,@@gmail.com,999999999999999,,Addr 1481,Hyderabad,Maharashtra,India,ABCDE,2032-01-01,,19,1.68,,Full Time,Remote,AB+,2026-07-27 20:13:05,none
2482,Amit,Verma,Amit Verma,54,Male,HR,Executive,43986,3441.0,johngmail.com,12345,,Addr 1482,  Bangalore,Maharashtra,India,123,2032-01-01,,7,3.17,,Full Time,Remote,B+,2026-07-27 20:13:05,?
2483,Rahul,Mehta,Rahul Mehta,31,MALE,Sales,Analyst,87622,1499.0,rahul.mehta@example.com,,,Addr 1483,Chennai,Maharashtra,India,411001,2021-06-12,,16,1.11,,Contract,Remote,,2026-07-27 20:13:05,N/A
2484,Rohit,Joshi,Rohit Joshi,29,female,it,Analyst,107536,6438.0,@@gmail.com,9875371564,,Addr 1484,Delhi ,Maharashtra,India,ABCDE,26/08/2015,,1,2.78,,Full Time,Hybrid,AB+,2026-07-27 20:13:05,?
2485,John,Das,John Das,46,male,HR,Engineer,133385,15114.0,john.das@example.com,12345,,Addr 1485,Chennai,Maharashtra,India,411001,07/09/2015,,8,3.74,,Full Time,Hybrid,AB+,2026-07-27 20:13:05,none
2486,Priya,Das,Priya Das,34,M,HR,Engineer,136266,5493.0,priya.das@example.com,999999999999999,,Addr 1486, Mumbai,Maharashtra,India,123,2032-01-01,,9,1.51,,full time,Onsite,O+,2026-07-27 20:13:05,?
2487,Neha,Verma,Neha Verma,41,Male,Marketing,Analyst,105436,1788.0,@@gmail.com,9367912072,,Addr 1487,Hyderabad,Maharashtra,India,123,2032-01-01,,17,4.25,,Contract,Remote,B+,2026-07-27 20:13:05,unknown
2488,Sara,Joshi,Sara Joshi,55,Male,Marketing,Analyst,87073,15637.0,abc.com,abcdefghij,,Addr 1488,Pune,Maharashtra,India,123,2015.02.15,,13,2.94,,full time,Remote,,2026-07-27 20:13:05,N/A
2489,Rahul,Patel,Rahul Patel,52,F,Sales,Manager,33150,,@@gmail.com,,,Addr 1489,Pune,Maharashtra,India,123,2023.03.07,,13,2.44,,Contract,Hybrid,A+,2026-07-27 20:13:05,OK
2490,Rahul,Sharma,Rahul Sharma,39,female,Marketing,Analyst,63019,13617.0,abc.com,abcdefghij,,Addr 1490,Hyderabad,Maharashtra,India,ABCDE,2018.04.18,,12,2.7,,full time,Hybrid,AB+,2026-07-27 20:13:05,OK
2491,Priya,Singh,Priya Singh,51,Female,Sales,Engineer,96472,4498.0,johngmail.com,,,Addr 1491,Pune,Maharashtra,India,123,12/12/2020,,3,2.35,,Full Time,Hybrid,A+,2026-07-27 20:13:05,?
2492,Arjun,Patel,Arjun Patel,38,M,Operations,Executive,137290,4326.0,arjun.patel@example.com,12345,,Addr 1492,Delhi ,Maharashtra,India,123,2032-01-01,,3,2.65,,full time,Hybrid,O+,2026-07-27 20:13:05,?
2493,Kiran,Rao,Kiran Rao,53,Female,I.T.,Analyst,41009,18768.0,abc@,999999999999999,,Addr 1493,Chennai,Maharashtra,India,ABCDE,2032-01-01,,10,4.92,,Full Time,Onsite,O+,2026-07-27 20:13:05,unknown
2494,Rohit,Gupta,Rohit Gupta,250,female,Finance,Executive,129711,9358.0,johngmail.com,999999999999999,,Addr 1494,Kolkata,Maharashtra,India,ABCDE,2032-01-01,,12,3.66,,Contract,Hybrid,AB+,2026-07-27 20:13:05,unknown
2495,Kiran,Das,Kiran Das,23,MALE,HR,Analyst,75955,4264.0,abc.com,999999999999999,,Addr 1495,Kolkata,Maharashtra,India,560001,2032-01-01,,13,3.78,,full time,Remote,,2026-07-27 20:13:05,OK
2496,Kiran,Patel,Kiran Patel,44,male,Marketing,Analyst,105610,7900.0,kiran.patel@example.com,abcdefghij,,Addr 1496,Hyderabad,Maharashtra,India,411001,2021-09-29,,20,2.5,,Contract,Hybrid,B+,2026-07-27 20:13:05,none
2497,John,Rao,John Rao,40,F,Finance,Executive,93087,4636.0,@@gmail.com,abcdefghij,,Addr 1497,Delhi ,Maharashtra,India,123,2020.06.09,,19,2.13,,Contract,Onsite,,2026-07-27 20:13:05,none
2498,Sneha,Das,Sneha Das,44,M,HR,Executive,148810,19008.0,@@gmail.com,abcdefghij,,Addr 1498, Mumbai,Maharashtra,India,411001,2024.02.09,,0,5.0,,full time,Remote,A+,2026-07-27 20:13:05,?
2499,Amit,Das,Amit Das,54,female,I.T.,Executive,72858,19229.0,johngmail.com,999999999999999,,Addr 1499,  Bangalore,Maharashtra,India,411001,25/03/2023,,14,2.74,,full time,Hybrid,,2026-07-27 20:13:05,N/A
2500,John,Gupta,John Gupta,39,male,Sales,Engineer,93169,14045.0,john.gupta@example.com,abcdefghij,,Addr 1500,  Bangalore,Maharashtra,India,411001,2032-01-01,,9,3.26,,Full Time,Onsite,A+,2026-07-27 20:13:05,?
2501,Neha,Rao,Neha Rao,51,F,I.T.,Analyst,75123,,johngmail.com,,,Addr 1501,Hyderabad,Maharashtra,India,ABCDE,11/07/2021,,1,2.91,,Full Time,Remote,,2026-07-27 20:13:05,OK
2502,Neha,Singh,Neha Singh,40,F,IT,Manager,131028,8592.0,abc@,9692494180,,Addr 1502,Chennai,Maharashtra,India,560001,2023.06.17,,19,3.45,,Full Time,Onsite,B+,2026-07-27 20:13:05,none
2503,Arjun,Rao,Arjun Rao,25,Male,it,Manager,108584,9623.0,johngmail.com,,,Addr 1503,Kolkata,Maharashtra,India,411001,2017.12.12,,19,4.81,,full time,Onsite,AB+,2026-07-27 20:13:05,none
2504,Arjun,Verma,Arjun Verma,39,F,HR,Manager,76825,10404.0,abc@,,,Addr 1504,Chennai,Maharashtra,India,123,2017-06-07,,7,1.04,,Contract,Remote,AB+,2026-07-27 20:13:05,?
2505,Amit,Patel,Amit Patel,25,M,I.T.,Analyst,140288,7483.0,abc@,999999999999999,,Addr 1505, Mumbai,Maharashtra,India,560001,2032-01-01,,15,3.36,,Full Time,Onsite,,2026-07-27 20:13:05,none
2506,Kiran,Mehta,Kiran Mehta,31,F,it,Executive,96378,9425.0,johngmail.com,12345,,Addr 1506,Hyderabad,Maharashtra,India,560001,2032-01-01,,10,1.73,,Contract,Hybrid,A+,2026-07-27 20:13:05,unknown
2507,Ananya,Singh,Ananya Singh,24,male,IT,Analyst,-50000,1260.0,johngmail.com,9191294337,,Addr 1507, Mumbai,Maharashtra,India,560001,2015.11.01,,14,3.12,,Full Time,Hybrid,,2026-07-27 20:13:05,?
2508,Neha,Joshi,Neha Joshi,-5,MALE,HR,Engineer,33978,11593.0,abc.com,9456731370,,Addr 1508,Chennai,Maharashtra,India,411001,2032-01-01,,8,3.27,,Full Time,Hybrid,O+,2026-07-27 20:13:05,?
2509,Rahul,Das,Rahul Das,180,male,Operations,Manager,108061,2451.0,rahul.das@example.com,,,Addr 1509,Kolkata,Maharashtra,India,ABCDE,13/08/2017,,8,1.06,,Full Time,Hybrid,A+,2026-07-27 20:13:05,N/A
2510,Rohit,Rao,Rohit Rao,58,M,Marketing,Engineer,115239,3785.0,@@gmail.com,9358047118,,Addr 1510,Kolkata,Maharashtra,India,411001,2018.10.02,,10,1.21,,full time,Onsite,B+,2026-07-27 20:13:05,OK
2511,Sara,Patel,Sara Patel,60,F,Marketing,Engineer,49805,7243.0,@@gmail.com,abcdefghij,,Addr 1511,  Bangalore,Maharashtra,India,ABCDE,2021.06.01,,15,2.4,,full time,Remote,B+,2026-07-27 20:13:05,unknown
2512,Vikram,Mehta,Vikram Mehta,58,MALE,it,Executive,132283,17122.0,@@gmail.com,,,Addr 1512,Hyderabad,Maharashtra,India,411001,2032-01-01,,1,2.48,,Contract,Remote,A+,2026-07-27 20:13:05,none
2513,Ananya,Joshi,Ananya Joshi,23,Female,I.T.,Executive,101880,11685.0,ananya.joshi@example.com,12345,,Addr 1513,Chennai,Maharashtra,India,560001,2032-01-01,,20,1.08,,Contract,Remote,O+,2026-07-27 20:13:05,OK
2514,Priya,Joshi,Priya Joshi,49,female,it,Executive,145603,17706.0,@@gmail.com,,,Addr 1514,Pune,Maharashtra,India,123,09/03/2024,,0,2.78,,full time,Onsite,,2026-07-27 20:13:05,OK
2515,Ananya,Sharma,Ananya Sharma,25,MALE,HR,Executive,91919,8393.0,abc.com,9766105417,,Addr 1515,Delhi ,Maharashtra,India,411001,2015-06-30,,15,2.73,,Full Time,Onsite,AB+,2026-07-27 20:13:05,unknown
2516,Priya,Kumar,Priya Kumar,180,Female,Finance,Manager,78198,15313.0,priya.kumar@example.com,9867706672,,Addr 1516,Hyderabad,Maharashtra,India,ABCDE,25/01/2015,,17,4.04,,full time,Onsite,A+,2026-07-27 20:13:05,unknown
2517,Neha,Sharma,Neha Sharma,30,Male,Sales,Manager,53161,16901.0,abc.com,12345,,Addr 1517,Chennai,Maharashtra,India,411001,2022.02.14,,18,3.34,,full time,Hybrid,AB+,2026-07-27 20:13:05,?
2518,Kiran,Kumar,Kiran Kumar,-5,MALE,Marketing,Manager,58334,1477.0,abc.com,9802570162,,Addr 1518,Chennai,Maharashtra,India,560001,18/01/2021,,14,1.25,,full time,Hybrid,,2026-07-27 20:13:05,unknown
2519,Kiran,Patel,Kiran Patel,49,M,Information Technology,Executive,49880,14299.0,@@gmail.com,,,Addr 1519,  Bangalore,Maharashtra,India,ABCDE,26/07/2018,,1,3.48,,Full Time,Hybrid,O+,2026-07-27 20:13:05,unknown
2520,Rahul,Kumar,Rahul Kumar,38,Male,Operations,Executive,137787,19312.0,johngmail.com,999999999999999,,Addr 1520,Delhi ,Maharashtra,India,123,2015.03.22,,7,4.41,,Contract,Remote,A+,2026-07-27 20:13:05,OK
2521,Arjun,Rao,Arjun Rao,41,F,Marketing,Engineer,109851,17269.0,arjun.rao@example.com,abcdefghij,,Addr 1521,  Bangalore,Maharashtra,India,411001,2015.09.11,,17,4.29,,Full Time,Hybrid,AB+,2026-07-27 20:13:05,OK
2522,Amit,Das,Amit Das,22,male,Operations,Executive,44887,1143.0,amit.das@example.com,999999999999999,,Addr 1522, Mumbai,Maharashtra,India,411001,2022.05.06,,5,2.94,,Full Time,Hybrid,B+,2026-07-27 20:13:05,none
2523,Amit,Kumar,Amit Kumar,49,male,Sales,Analyst,31723,5588.0,abc.com,abcdefghij,,Addr 1523,  Bangalore,Maharashtra,India,411001,2018-08-26,,14,3.21,,full time,Onsite,O+,2026-07-27 20:13:05,OK
2524,Sara,Joshi,Sara Joshi,60,female,Information Technology,Analyst,33212,4033.0,@@gmail.com,9120074045,,Addr 1524,Delhi ,Maharashtra,India,560001,15/05/2016,,6,4.21,,Full Time,Hybrid,AB+,2026-07-27 20:13:05,none
2525,Amit,Rao,Amit Rao,58,MALE,Operations,Manager,139755,2377.0,abc.com,999999999999999,,Addr 1525, Mumbai,Maharashtra,India,560001,2021-04-19,,14,1.32,,full time,Remote,B+,2026-07-27 20:13:05,?
2526,Neha,Gupta,Neha Gupta,26,male,Sales,Engineer,147124,19959.0,@@gmail.com,abcdefghij,,Addr 1526,Chennai,Maharashtra,India,123,2024.06.24,,13,3.21,,Full Time,Hybrid,A+,2026-07-27 20:13:05,none
2527,Kiran,Joshi,Kiran Joshi,45,female,HR,Engineer,110919,16693.0,johngmail.com,12345,,Addr 1527,Kolkata,Maharashtra,India,ABCDE,21/03/2016,,3,3.65,,full time,Remote,B+,2026-07-27 20:13:05,unknown
2528,Rahul,Gupta,Rahul Gupta,30,M,IT,Analyst,0,18900.0,johngmail.com,9668470726,,Addr 1528,Chennai,Maharashtra,India,ABCDE,2032-01-01,,10,2.91,,Contract,Onsite,AB+,2026-07-27 20:13:05,?
2529,Neha,Rao,Neha Rao,180,male,it,Engineer,131532,5824.0,abc@,12345,,Addr 1529,Delhi ,Maharashtra,India,560001,2032-01-01,,1,3.52,,full time,Hybrid,A+,2026-07-27 20:13:05,none
2530,Sara,Rao,Sara Rao,57,Female,Marketing,Manager,99127,6697.0,abc.com,,,Addr 1530,Chennai,Maharashtra,India,411001,21/07/2016,,15,3.35,,full time,Onsite,B+,2026-07-27 20:13:05,unknown
2531,Amit,Kumar,Amit Kumar,41,Female,IT,Executive,39840,5396.0,abc@,9419979703,,Addr 1531,Pune,Maharashtra,India,411001,15/07/2022,,8,3.24,,Full Time,Onsite,,2026-07-27 20:13:05,unknown
2532,Sara,Mehta,Sara Mehta,50,Female,IT,Analyst,99990,9355.0,johngmail.com,12345,,Addr 1532,Pune,Maharashtra,India,411001,2032-01-01,,13,3.99,,full time,Hybrid,A+,2026-07-27 20:13:05,unknown
2533,John,Gupta,John Gupta,40,male,IT,Executive,31129,7935.0,johngmail.com,,,Addr 1533,  Bangalore,Maharashtra,India,411001,2021.06.25,,2,2.33,,full time,Hybrid,,2026-07-27 20:13:05,OK
2534,Neha,Das,Neha Das,39,F,I.T.,Engineer,117641,5506.0,@@gmail.com,,,Addr 1534, Mumbai,Maharashtra,India,560001,31/03/2017,,1,2.41,,Contract,Hybrid,AB+,2026-07-27 20:13:05,?
2535,Amit,Sharma,Amit Sharma,21,M,it,Analyst,82556,1444.0,amit.sharma@example.com,,,Addr 1535,Chennai,Maharashtra,India,560001,2020.12.02,,13,2.37,,Full Time,Hybrid,O+,2026-07-27 20:13:05,unknown
2536,Amit,Mehta,Amit Mehta,48,M,Operations,Manager,105045,16178.0,abc@,abcdefghij,,Addr 1536,Kolkata,Maharashtra,India,123,2018-09-30,,7,3.07,,full time,Onsite,B+,2026-07-27 20:13:05,none
2537,Vikram,Kumar,Vikram Kumar,36,Female,I.T.,Manager,117347,18194.0,johngmail.com,999999999999999,,Addr 1537,  Bangalore,Maharashtra,India,411001,2020-11-22,,7,2.44,,full time,Hybrid,O+,2026-07-27 20:13:05,none
2538,Rahul,Kumar,Rahul Kumar,26,female,Finance,Manager,93050,12981.0,rahul.kumar@example.com,9600126646,,Addr 1538,Hyderabad,Maharashtra,India,560001,2018-07-02,,9,3.42,,Full Time,Onsite,A+,2026-07-27 20:13:05,OK
2539,Rahul,Gupta,Rahul Gupta,43,F,Sales,Analyst,70761,9146.0,rahul.gupta@example.com,12345,,Addr 1539,Kolkata,Maharashtra,India,411001,2016.03.11,,5,4.29,,Full Time,Hybrid,,2026-07-27 20:13:05,none
2540,Rohit,Das,Rohit Das,33,Male,Operations,Manager,83957,13239.0,johngmail.com,999999999999999,,Addr 1540,Pune,Maharashtra,India,ABCDE,2022.09.12,,0,3.56,,full time,Remote,A+,2026-07-27 20:13:05,?
2541,Arjun,Verma,Arjun Verma,47,F,Finance,Manager,105406,14562.0,@@gmail.com,abcdefghij,,Addr 1541,Pune,Maharashtra,India,411001,2032-01-01,,0,1.63,,full time,Onsite,,2026-07-27 20:13:05,unknown
2542,Neha,Kumar,Neha Kumar,42,MALE,it,Executive,103895,7137.0,neha.kumar@example.com,9415528230,,Addr 1542,  Bangalore,Maharashtra,India,123,10/01/2021,,0,4.64,,Full Time,Onsite,B+,2026-07-27 20:13:05,none
2543,Ananya,Das,Ananya Das,39,male,HR,Manager,70512,15960.0,abc.com,999999999999999,,Addr 1543,Chennai,Maharashtra,India,123,2032-01-01,,4,4.15,,Contract,Onsite,B+,2026-07-27 20:13:05,unknown
2544,Priya,Gupta,Priya Gupta,49,Male,IT,Executive,68216,17641.0,abc@,,,Addr 1544, Mumbai,Maharashtra,India,560001,2023.12.01,,16,2.39,,Contract,Hybrid,A+,2026-07-27 20:13:05,N/A
2545,Arjun,Kumar,Arjun Kumar,42,female,Sales,Executive,104432,18327.0,@@gmail.com,12345,,Addr 1545,Delhi ,Maharashtra,India,123,2021-08-22,,14,3.77,,Contract,Remote,AB+,2026-07-27 20:13:05,N/A
2546,Priya,Singh,Priya Singh,39,male,Sales,Executive,132684,9830.0,@@gmail.com,9907312821,,Addr 1546,Kolkata,Maharashtra,India,411001,17/08/2021,,12,2.23,,Full Time,Remote,,2026-07-27 20:13:05,OK
2547,Sneha,Mehta,Sneha Mehta,56,Female,HR,Executive,89733,,sneha.mehta@example.com,999999999999999,,Addr 1547,Chennai,Maharashtra,India,ABCDE,11/12/2017,,14,2.62,,full time,Onsite,B+,2026-07-27 20:13:05,N/A
2548,Vikram,Joshi,Vikram Joshi,52,Female,it,Engineer,94367,,abc.com,12345,,Addr 1548,Hyderabad,Maharashtra,India,560001,30/01/2020,,12,3.26,,Full Time,Onsite,O+,2026-07-27 20:13:05,unknown
2549,Arjun,Mehta,Arjun Mehta,58,Female,HR,Analyst,124137,6033.0,abc.com,abcdefghij,,Addr 1549,Hyderabad,Maharashtra,India,123,16/03/2016,,15,4.71,,full time,Onsite,AB+,2026-07-27 20:13:05,OK
2550,Sneha,Joshi,Sneha Joshi,34,Male,Operations,Manager,117181,10789.0,johngmail.com,9561961765,,Addr 1550, Mumbai,Maharashtra,India,411001,2023-03-28,,0,4.14,,Full Time,Hybrid,,2026-07-27 20:13:05,?
2551,Arjun,Gupta,Arjun Gupta,54,female,Operations,Engineer,76010,5103.0,@@gmail.com,12345,,Addr 1551,  Bangalore,Maharashtra,India,560001,25/08/2023,,5,3.92,,full time,Onsite,,2026-07-27 20:13:05,N/A
2552,Sara,Das,Sara Das,45,F,I.T.,Manager,97582,16588.0,@@gmail.com,12345,,Addr 1552,Kolkata,Maharashtra,India,411001,2032-01-01,,10,2.78,,Full Time,Onsite,A+,2026-07-27 20:13:05,unknown
2553,John,Mehta,John Mehta,38,F,Information Technology,Executive,71362,19831.0,johngmail.com,999999999999999,,Addr 1553,Chennai,Maharashtra,India,411001,2017.10.25,,14,4.41,,Full Time,Onsite,AB+,2026-07-27 20:13:05,none
2554,Sneha,Sharma,Sneha Sharma,41,female,Information Technology,Manager,114713,2000.0,abc@,9186720759,,Addr 1554,Delhi ,Maharashtra,India,123,2022.04.04,,13,2.72,,Full Time,Onsite,AB+,2026-07-27 20:13:05,?
2555,Sara,Das,Sara Das,21,Male,Sales,Engineer,60748,1048.0,sara.das@example.com,abcdefghij,,Addr 1555,  Bangalore,Maharashtra,India,560001,2022.09.12,,14,4.53,,Contract,Remote,,2026-07-27 20:13:05,?
2556,Ananya,Mehta,Ananya Mehta,42,Male,Marketing,Analyst,133844,5977.0,abc@,9309462147,,Addr 1556,Kolkata,Maharashtra,India,560001,2015-12-09,,12,4.8,,full time,Remote,AB+,2026-07-27 20:13:05,N/A
2557,Rahul,Joshi,Rahul Joshi,39,male,it,Engineer,122974,14692.0,abc@,9930961507,,Addr 1557,Kolkata,Maharashtra,India,411001,2032-01-01,,12,1.49,,Contract,Remote,B+,2026-07-27 20:13:05,?
2558,Ananya,Sharma,Ananya Sharma,38,Male,Information Technology,Executive,105251,16377.0,johngmail.com,9963199467,,Addr 1558,Hyderabad,Maharashtra,India,560001,2018-09-20,,17,2.84,,Contract,Hybrid,A+,2026-07-27 20:13:05,N/A
2559,Amit,Gupta,Amit Gupta,53,female,Operations,Analyst,89286,18667.0,abc.com,999999999999999,,Addr 1559,Hyderabad,Maharashtra,India,560001,25/09/2020,,14,4.95,,Contract,Remote,B+,2026-07-27 20:13:05,OK
2560,Rahul,Gupta,Rahul Gupta,41,MALE,Operations,Analyst,76521,,abc@,,,Addr 1560,Pune,Maharashtra,India,123,2022-12-30,,17,1.64,,Contract,Remote,O+,2026-07-27 20:13:05,?
2561,Arjun,Gupta,Arjun Gupta,28,female,HR,Executive,133825,19608.0,@@gmail.com,9231596378,,Addr 1561,Kolkata,Maharashtra,India,ABCDE,2022-03-16,,20,4.32,,Full Time,Hybrid,A+,2026-07-27 20:13:05,none
2562,Sara,Patel,Sara Patel,58,F,IT,Engineer,87684,10957.0,johngmail.com,9449405815,,Addr 1562,Hyderabad,Maharashtra,India,ABCDE,2022.12.14,,4,2.98,,Contract,Remote,A+,2026-07-27 20:13:05,none
2563,John,Verma,John Verma,55,Female,IT,Engineer,140610,2637.0,johngmail.com,9814416661,,Addr 1563,  Bangalore,Maharashtra,India,560001,13/11/2019,,19,2.11,,Full Time,Hybrid,AB+,2026-07-27 20:13:05,OK
2564,Rohit,Sharma,Rohit Sharma,43,Female,I.T.,Analyst,31526,16716.0,johngmail.com,12345,,Addr 1564,Pune,Maharashtra,India,123,2018-11-03,,16,4.46,,Full Time,Hybrid,O+,2026-07-27 20:13:05,none
2565,Rohit,Gupta,Rohit Gupta,30,female,Finance,Analyst,91373,4294.0,abc.com,,,Addr 1565,Pune,Maharashtra,India,411001,2019-11-18,,4,4.44,,full time,Remote,B+,2026-07-27 20:13:05,unknown
2566,Kiran,Verma,Kiran Verma,52,female,Operations,Engineer,105661,6420.0,johngmail.com,abcdefghij,,Addr 1566,Hyderabad,Maharashtra,India,ABCDE,2016-08-16,,7,3.09,,Full Time,Remote,A+,2026-07-27 20:13:05,unknown
2567,John,Joshi,John Joshi,38,F,Information Technology,Analyst,43455,18880.0,@@gmail.com,,,Addr 1567,  Bangalore,Maharashtra,India,ABCDE,2020-05-08,,14,2.28,,Full Time,Hybrid,B+,2026-07-27 20:13:05,N/A
2568,Amit,Mehta,Amit Mehta,30,Male,HR,Analyst,93249,15170.0,@@gmail.com,9628073350,,Addr 1568,  Bangalore,Maharashtra,India,123,2017.08.19,,10,3.88,,Full Time,Hybrid,,2026-07-27 20:13:05,N/A
2569,Kiran,Mehta,Kiran Mehta,55,male,it,Executive,126294,15440.0,abc@,12345,,Addr 1569,  Bangalore,Maharashtra,India,411001,2015-06-20,,11,2.41,,Full Time,Onsite,B+,2026-07-27 20:13:05,?
2570,Amit,Singh,Amit Singh,47,M,Sales,Engineer,78508,5445.0,johngmail.com,,,Addr 1570,Hyderabad,Maharashtra,India,560001,04/12/2022,,15,1.36,,full time,Onsite,,2026-07-27 20:13:05,none
2571,Ananya,Sharma,Ananya Sharma,42,male,it,Manager,106457,3465.0,abc@,999999999999999,,Addr 1571,Delhi ,Maharashtra,India,123,2020.11.20,,3,1.63,,full time,Hybrid,B+,2026-07-27 20:13:05,N/A
2572,Amit,Sharma,Amit Sharma,34,F,Finance,Executive,118684,5309.0,abc.com,999999999999999,,Addr 1572,Pune,Maharashtra,India,560001,27/01/2021,,19,3.4,,full time,Remote,A+,2026-07-27 20:13:05,?
2573,John,Kumar,John Kumar,30,Female,I.T.,Engineer,106312,13376.0,john.kumar@example.com,999999999999999,,Addr 1573,Chennai,Maharashtra,India,ABCDE,2017-03-28,,11,2.51,,full time,Onsite,AB+,2026-07-27 20:13:05,N/A
2574,Sneha,Sharma,Sneha Sharma,60,MALE,Information Technology,Manager,52034,18901.0,abc.com,9908886081,,Addr 1574,Pune,Maharashtra,India,560001,2022-09-13,,9,3.38,,Full Time,Remote,AB+,2026-07-27 20:13:05,OK
2575,Neha,Rao,Neha Rao,250,female,it,Analyst,130908,16989.0,abc@,12345,,Addr 1575,Kolkata,Maharashtra,India,411001,2020-09-25,,16,1.22,,full time,Remote,,2026-07-27 20:13:05,unknown
2576,Sara,Singh,Sara Singh,51,Female,Operations,Analyst,79256,9566.0,abc@,999999999999999,,Addr 1576, Mumbai,Maharashtra,India,411001,11/07/2015,,3,1.49,,full time,Hybrid,,2026-07-27 20:13:05,?
2577,Arjun,Rao,Arjun Rao,29,female,HR,Engineer,94136,15672.0,arjun.rao@example.com,9423275888,,Addr 1577,Kolkata,Maharashtra,India,411001,2015.01.31,,19,4.25,,Full Time,Hybrid,B+,2026-07-27 20:13:05,OK
2578,Arjun,Patel,Arjun Patel,50,male,Marketing,Engineer,104242,19834.0,@@gmail.com,9310017925,,Addr 1578, Mumbai,Maharashtra,India,560001,10/04/2019,,4,1.78,,Contract,Remote,A+,2026-07-27 20:13:05,N/A
2579,John,Das,John Das,57,female,it,Engineer,70859,,@@gmail.com,12345,,Addr 1579,  Bangalore,Maharashtra,India,ABCDE,2015-05-12,,20,3.97,,full time,Remote,,2026-07-27 20:13:05,none
2580,Rahul,Rao,Rahul Rao,34,female,Sales,Manager,57106,4671.0,johngmail.com,999999999999999,,Addr 1580,Pune,Maharashtra,India,560001,02/04/2023,,1,4.51,,full time,Onsite,A+,2026-07-27 20:13:05,unknown
2581,Priya,Singh,Priya Singh,22,Female,Marketing,Executive,143370,5909.0,@@gmail.com,abcdefghij,,Addr 1581, Mumbai,Maharashtra,India,ABCDE,2017-06-25,,7,4.18,,Full Time,Onsite,,2026-07-27 20:13:05,unknown
2582,Ananya,Mehta,Ananya Mehta,27,Female,Sales,Engineer,33626,10779.0,ananya.mehta@example.com,,,Addr 1582, Mumbai,Maharashtra,India,411001,2017.04.01,,12,2.45,,Full Time,Remote,,2026-07-27 20:13:05,unknown
2583,John,Joshi,John Joshi,39,M,Finance,Manager,95798,1696.0,abc@,,,Addr 1583,Hyderabad,Maharashtra,India,411001,2032-01-01,,0,4.37,,Full Time,Hybrid,O+,2026-07-27 20:13:05,OK
2584,Ananya,Joshi,Ananya Joshi,58,male,Marketing,Executive,76441,10193.0,johngmail.com,abcdefghij,,Addr 1584,  Bangalore,Maharashtra,India,560001,06/05/2016,,0,1.57,,Full Time,Hybrid,,2026-07-27 20:13:05,?
2585,Priya,Sharma,Priya Sharma,42,male,Finance,Executive,68712,10550.0,abc@,abcdefghij,,Addr 1585,Hyderabad,Maharashtra,India,123,2024.04.16,,0,4.83,,Full Time,Remote,B+,2026-07-27 20:13:05,none
2586,Rahul,Rao,Rahul Rao,40,M,HR,Analyst,63328,15715.0,abc@,,,Addr 1586, Mumbai,Maharashtra,India,123,2023.01.23,,1,3.58,,Full Time,Hybrid,AB+,2026-07-27 20:13:05,unknown
2587,Ananya,Sharma,Ananya Sharma,47,Male,Operations,Analyst,37765,1417.0,abc@,9252553134,,Addr 1587,  Bangalore,Maharashtra,India,560001,09/09/2016,,5,3.18,,Contract,Hybrid,O+,2026-07-27 20:13:05,OK
2588,Ananya,Joshi,Ananya Joshi,27,M,HR,Executive,76005,9787.0,abc.com,999999999999999,,Addr 1588,Hyderabad,Maharashtra,India,411001,2017-12-25,,17,1.65,,Contract,Hybrid,O+,2026-07-27 20:13:05,?
2589,Priya,Verma,Priya Verma,45,MALE,Marketing,Analyst,139670,16712.0,johngmail.com,abcdefghij,,Addr 1589,Delhi ,Maharashtra,India,411001,2024-02-09,,20,4.47,,full time,Remote,,2026-07-27 20:13:05,none
2590,Kiran,Verma,Kiran Verma,21,Female,I.T.,Executive,48907,11975.0,kiran.verma@example.com,12345,,Addr 1590,Chennai,Maharashtra,India,560001,2018.12.29,,18,1.47,,Full Time,Onsite,,2026-07-27 20:13:05,OK
2591,Sneha,Verma,Sneha Verma,59,F,IT,Analyst,86762,1490.0,abc.com,999999999999999,,Addr 1591,  Bangalore,Maharashtra,India,560001,11/12/2020,,2,3.33,,Contract,Remote,A+,2026-07-27 20:13:05,unknown
2592,Rahul,Das,Rahul Das,23,Female,Sales,Executive,149445,12414.0,@@gmail.com,999999999999999,,Addr 1592, Mumbai,Maharashtra,India,123,20/02/2016,,3,4.09,,Contract,Hybrid,O+,2026-07-27 20:13:05,?
2593,Ananya,Rao,Ananya Rao,50,Female,I.T.,Executive,83600,16593.0,abc@,9243703919,,Addr 1593,Delhi ,Maharashtra,India,560001,2032-01-01,,10,3.73,,Full Time,Hybrid,A+,2026-07-27 20:13:05,N/A
2594,Arjun,Singh,Arjun Singh,46,Female,HR,Manager,132258,13604.0,abc.com,12345,,Addr 1594,Chennai,Maharashtra,India,123,28/03/2015,,7,2.71,,Full Time,Hybrid,O+,2026-07-27 20:13:05,N/A
2595,Ananya,Singh,Ananya Singh,34,Male,it,Analyst,39839,16779.0,ananya.singh@example.com,999999999999999,,Addr 1595, Mumbai,Maharashtra,India,411001,2032-01-01,,6,2.02,,Contract,Hybrid,B+,2026-07-27 20:13:05,unknown
2596,Arjun,Patel,Arjun Patel,41,MALE,Marketing,Analyst,55427,,arjun.patel@example.com,999999999999999,,Addr 1596,Chennai,Maharashtra,India,411001,2018-02-23,,17,4.47,,Contract,Onsite,O+,2026-07-27 20:13:05,N/A
2597,Rohit,Singh,Rohit Singh,56,female,Sales,Executive,146663,13239.0,johngmail.com,12345,,Addr 1597,Delhi ,Maharashtra,India,123,2032-01-01,,5,3.22,,Full Time,Hybrid,A+,2026-07-27 20:13:05,?
2598,Neha,Mehta,Neha Mehta,55,M,HR,Executive,40248,7394.0,neha.mehta@example.com,9813722938,,Addr 1598,Delhi ,Maharashtra,India,123,2022-10-07,,20,1.92,,Contract,Onsite,B+,2026-07-27 20:13:05,unknown
2599,Kiran,Patel,Kiran Patel,39,M,Marketing,Analyst,125073,19378.0,johngmail.com,9813372278,,Addr 1599,Hyderabad,Maharashtra,India,411001,2022.05.04,,11,4.59,,Contract,Onsite,B+,2026-07-27 20:13:05,unknown
2600,Sara,Kumar,Sara Kumar,32,Male,HR,Executive,83489,,abc@,12345,,Addr 1600,Hyderabad,Maharashtra,India,560001,2020.12.31,,19,4.98,,full time,Remote,AB+,2026-07-27 20:13:05,unknown
2601,Rohit,Kumar,Rohit Kumar,-5,Female,Information Technology,Executive,39769,17735.0,abc@,,,Addr 1601, Mumbai,Maharashtra,India,ABCDE,2032-01-01,,20,4.82,,Full Time,Hybrid,AB+,2026-07-27 20:13:05,none
2602,Sneha,Singh,Sneha Singh,47,Female,it,Manager,131748,15374.0,abc@,9486115623,,Addr 1602,Kolkata,Maharashtra,India,560001,2032-01-01,,17,1.12,,Contract,Onsite,O+,2026-07-27 20:13:05,?
2603,Ananya,Sharma,Ananya Sharma,25,F,I.T.,Engineer,87347,6192.0,ananya.sharma@example.com,abcdefghij,,Addr 1603,  Bangalore,Maharashtra,India,ABCDE,13/12/2015,,14,3.18,,Contract,Hybrid,A+,2026-07-27 20:13:05,?
2604,Neha,Verma,Neha Verma,47,Male,Marketing,Manager,115217,3171.0,abc@,9689906574,,Addr 1604,Chennai,Maharashtra,India,560001,2023.12.12,,20,1.88,,full time,Hybrid,B+,2026-07-27 20:13:05,N/A
2605,Ananya,Joshi,Ananya Joshi,53,MALE,Sales,Manager,89360,17251.0,abc.com,9592945836,,Addr 1605,Hyderabad,Maharashtra,India,ABCDE,2032-01-01,,9,2.25,,Contract,Remote,B+,2026-07-27 20:13:05,none
2606,Vikram,Sharma,Vikram Sharma,38,MALE,IT,Manager,141048,3039.0,abc@,9178295988,,Addr 1606,  Bangalore,Maharashtra,India,411001,2018-03-01,,7,2.75,,full time,Remote,B+,2026-07-27 20:13:05,none
2607,Arjun,Sharma,Arjun Sharma,53,F,IT,Analyst,63483,6136.0,johngmail.com,,,Addr 1607,  Bangalore,Maharashtra,India,411001,2032-01-01,,0,4.47,,Contract,Onsite,,2026-07-27 20:13:05,N/A
2608,Kiran,Singh,Kiran Singh,29,Female,Finance,Engineer,91728,10533.0,abc@,999999999999999,,Addr 1608,Delhi ,Maharashtra,India,560001,10/08/2022,,20,1.59,,Full Time,Remote,AB+,2026-07-27 20:13:05,OK
2609,Sneha,Rao,Sneha Rao,42,MALE,Operations,Manager,111992,10301.0,sneha.rao@example.com,9096006616,,Addr 1609,Chennai,Maharashtra,India,123,31/08/2015,,2,2.76,,full time,Remote,B+,2026-07-27 20:13:05,unknown
2610,Arjun,Joshi,Arjun Joshi,58,Male,it,Engineer,60165,13683.0,abc.com,,,Addr 1610, Mumbai,Maharashtra,India,123,23/03/2019,,13,1.09,,Full Time,Remote,,2026-07-27 20:13:05,none
2611,Amit,Mehta,Amit Mehta,48,Female,Marketing,Executive,101661,4778.0,abc.com,12345,,Addr 1611,  Bangalore,Maharashtra,India,ABCDE,2021.10.26,,16,2.78,,full time,Remote,B+,2026-07-27 20:13:05,?
2612,Priya,Gupta,Priya Gupta,60,Male,I.T.,Manager,147158,1721.0,abc.com,abcdefghij,,Addr 1612,Kolkata,Maharashtra,India,560001,2017-09-14,,1,2.9,,full time,Hybrid,AB+,2026-07-27 20:13:05,none
2613,Ananya,Verma,Ananya Verma,34,M,Sales,Executive,55963,3415.0,@@gmail.com,999999999999999,,Addr 1613,  Bangalore,Maharashtra,India,123,19/10/2017,,4,3.88,,Full Time,Hybrid,,2026-07-27 20:13:05,?
2614,Ananya,Singh,Ananya Singh,47,M,Sales,Analyst,106365,5331.0,ananya.singh@example.com,abcdefghij,,Addr 1614, Mumbai,Maharashtra,India,ABCDE,2032-01-01,,18,2.79,,Contract,Hybrid,A+,2026-07-27 20:13:05,N/A
2615,John,Rao,John Rao,55,Female,Marketing,Executive,31069,16693.0,abc.com,,,Addr 1615,Pune,Maharashtra,India,123,2019-05-04,,9,4.16,,full time,Hybrid,O+,2026-07-27 20:13:05,N/A
2616,Ananya,Sharma,Ananya Sharma,40,MALE,Sales,Manager,83997,,abc.com,abcdefghij,,Addr 1616,Pune,Maharashtra,India,ABCDE,2020-01-29,,8,2.53,,Full Time,Remote,AB+,2026-07-27 20:13:05,none
2617,Amit,Kumar,Amit Kumar,47,Female,Information Technology,Engineer,114768,17213.0,johngmail.com,12345,,Addr 1617,Kolkata,Maharashtra,India,ABCDE,2015.05.07,,12,4.87,,full time,Onsite,AB+,2026-07-27 20:13:05,unknown
2618,John,Rao,John Rao,51,F,Operations,Engineer,53762,15406.0,abc.com,9616338638,,Addr 1618, Mumbai,Maharashtra,India,411001,19/02/2024,,4,3.98,,full time,Remote,O+,2026-07-27 20:13:05,none
2619,Rohit,Rao,Rohit Rao,180,M,Sales,Analyst,89311,,@@gmail.com,9364434954,,Addr 1619, Mumbai,Maharashtra,India,411001,2032-01-01,,12,1.68,,Contract,Onsite,A+,2026-07-27 20:13:05,OK
2620,Sara,Verma,Sara Verma,37,Female,I.T.,Engineer,133528,6337.0,sara.verma@example.com,999999999999999,,Addr 1620,Hyderabad,Maharashtra,India,560001,2020-12-15,,1,4.71,,Contract,Remote,B+,2026-07-27 20:13:05,N/A
2621,Priya,Joshi,Priya Joshi,21,MALE,Information Technology,Analyst,72867,9745.0,abc@,12345,,Addr 1621,Kolkata,Maharashtra,India,ABCDE,28/06/2016,,7,4.32,,full time,Onsite,O+,2026-07-27 20:13:05,N/A
2622,Rahul,Patel,Rahul Patel,41,M,Marketing,Executive,143876,6742.0,abc.com,abcdefghij,,Addr 1622,Pune,Maharashtra,India,560001,08/03/2021,,5,3.55,,full time,Remote,B+,2026-07-27 20:13:05,unknown
2623,John,Rao,John Rao,44,MALE,Marketing,Engineer,116388,8221.0,abc.com,,,Addr 1623,Kolkata,Maharashtra,India,ABCDE,2019-02-22,,9,3.72,,full time,Remote,O+,2026-07-27 20:13:05,unknown
2624,Amit,Joshi,Amit Joshi,48,male,it,Executive,114740,,abc.com,9138475134,,Addr 1624,  Bangalore,Maharashtra,India,123,2022-01-22,,16,4.48,,full time,Remote,O+,2026-07-27 20:13:05,none
2625,Amit,Mehta,Amit Mehta,41,F,Finance,Executive,40234,14156.0,abc.com,999999999999999,,Addr 1625, Mumbai,Maharashtra,India,123,01/08/2015,,0,1.93,,full time,Onsite,O+,2026-07-27 20:13:05,?
2626,Arjun,Singh,Arjun Singh,37,MALE,I.T.,Engineer,63315,3004.0,abc.com,12345,,Addr 1626,Pune,Maharashtra,India,123,26/07/2023,,18,1.11,,Full Time,Remote,O+,2026-07-27 20:13:05,N/A
2627,Amit,Gupta,Amit Gupta,30,Male,Sales,Analyst,78193,13536.0,abc@,12345,,Addr 1627,Kolkata,Maharashtra,India,ABCDE,13/10/2016,,19,3.32,,full time,Remote,A+,2026-07-27 20:13:05,OK
2628,Kiran,Joshi,Kiran Joshi,53,Female,Sales,Executive,99567,18345.0,kiran.joshi@example.com,12345,,Addr 1628,Pune,Maharashtra,India,411001,2032-01-01,,11,3.52,,Contract,Onsite,,2026-07-27 20:13:05,unknown
2629,Vikram,Sharma,Vikram Sharma,39,MALE,Marketing,Manager,118986,16327.0,vikram.sharma@example.com,999999999999999,,Addr 1629,Kolkata,Maharashtra,India,123,2024-05-03,,18,3.21,,Full Time,Onsite,B+,2026-07-27 20:13:05,OK
2630,Ananya,Joshi,Ananya Joshi,23,MALE,Marketing,Engineer,67687,1683.0,johngmail.com,12345,,Addr 1630,Delhi ,Maharashtra,India,123,2022.06.08,,0,3.73,,Full Time,Onsite,A+,2026-07-27 20:13:05,none
2631,Ananya,Patel,Ananya Patel,21,Male,Information Technology,Manager,55671,17000.0,abc@,999999999999999,,Addr 1631,Chennai,Maharashtra,India,560001,2021.01.26,,15,1.27,,Full Time,Hybrid,,2026-07-27 20:13:05,N/A
2632,Sneha,Verma,Sneha Verma,44,male,IT,Manager,119743,7316.0,sneha.verma@example.com,12345,,Addr 1632,Hyderabad,Maharashtra,India,411001,2019-12-20,,15,2.18,,Contract,Hybrid,AB+,2026-07-27 20:13:05,unknown
2633,Neha,Sharma,Neha Sharma,39,male,it,Manager,94321,5282.0,@@gmail.com,9644710606,,Addr 1633,  Bangalore,Maharashtra,India,560001,02/03/2021,,15,4.63,,Contract,Onsite,,2026-07-27 20:13:05,N/A
2634,Priya,Mehta,Priya Mehta,23,Male,Operations,Manager,33332,9428.0,johngmail.com,abcdefghij,,Addr 1634,  Bangalore,Maharashtra,India,560001,2016.05.15,,17,3.52,,full time,Hybrid,AB+,2026-07-27 20:13:05,none
2635,Rahul,Singh,Rahul Singh,46,female,Operations,Analyst,128350,10158.0,johngmail.com,,,Addr 1635,Delhi ,Maharashtra,India,560001,2024.01.13,,5,1.87,,Full Time,Onsite,A+,2026-07-27 20:13:05,unknown
2636,Sneha,Singh,Sneha Singh,34,Male,Finance,Manager,0,1070.0,sneha.singh@example.com,,,Addr 1636,  Bangalore,Maharashtra,India,123,2017-03-03,,13,1.84,,Full Time,Hybrid,A+,2026-07-27 20:13:05,OK
2637,Ananya,Verma,Ananya Verma,33,Male,HR,Analyst,41761,6743.0,johngmail.com,,,Addr 1637,Chennai,Maharashtra,India,560001,2024-03-13,,3,1.67,,full time,Onsite,A+,2026-07-27 20:13:05,unknown
2638,Arjun,Singh,Arjun Singh,41,female,Operations,Executive,43097,4506.0,johngmail.com,12345,,Addr 1638,Delhi ,Maharashtra,India,ABCDE,2015-09-04,,10,1.61,,full time,Hybrid,B+,2026-07-27 20:13:05,?
2639,Priya,Patel,Priya Patel,21,M,it,Executive,86773,11064.0,priya.patel@example.com,abcdefghij,,Addr 1639, Mumbai,Maharashtra,India,560001,2015.02.21,,5,2.37,,full time,Hybrid,AB+,2026-07-27 20:13:05,?
2640,Rohit,Gupta,Rohit Gupta,52,female,Operations,Manager,105044,13714.0,johngmail.com,,,Addr 1640,Delhi ,Maharashtra,India,411001,2032-01-01,,20,4.24,,full time,Onsite,A+,2026-07-27 20:13:05,none
2641,Kiran,Rao,Kiran Rao,35,male,HR,Engineer,93919,5946.0,@@gmail.com,,,Addr 1641,Kolkata,Maharashtra,India,123,2023-03-03,,12,1.5,,Contract,Onsite,A+,2026-07-27 20:13:05,?
2642,Amit,Kumar,Amit Kumar,26,MALE,Marketing,Executive,138572,7324.0,amit.kumar@example.com,abcdefghij,,Addr 1642,Kolkata,Maharashtra,India,ABCDE,2032-01-01,,7,2.29,,Contract,Remote,,2026-07-27 20:13:05,?
2643,Ananya,Gupta,Ananya Gupta,36,MALE,Operations,Manager,121918,14906.0,johngmail.com,999999999999999,,Addr 1643,Delhi ,Maharashtra,India,560001,2022.01.20,,4,3.41,,Full Time,Remote,AB+,2026-07-27 20:13:05,none
2644,Neha,Mehta,Neha Mehta,59,female,I.T.,Analyst,118082,2327.0,abc.com,12345,,Addr 1644, Mumbai,Maharashtra,India,411001,10/11/2020,,10,3.08,,Full Time,Onsite,,2026-07-27 20:13:05,?
2645,Vikram,Rao,Vikram Rao,37,F,Information Technology,Executive,127292,16322.0,johngmail.com,9522469685,,Addr 1645,  Bangalore,Maharashtra,India,ABCDE,2017-07-02,,15,2.48,,full time,Remote,B+,2026-07-27 20:13:05,unknown
2646,Sara,Verma,Sara Verma,41,MALE,Operations,Engineer,139315,1753.0,@@gmail.com,,,Addr 1646,  Bangalore,Maharashtra,India,123,2022-01-20,,7,3.18,,Full Time,Remote,B+,2026-07-27 20:13:05,?
2647,Vikram,Sharma,Vikram Sharma,36,male,Sales,Analyst,113519,5179.0,@@gmail.com,abcdefghij,,Addr 1647,Kolkata,Maharashtra,India,ABCDE,2020.07.22,,3,2.95,,Contract,Hybrid,O+,2026-07-27 20:13:05,?
2648,Priya,Mehta,Priya Mehta,58,female,Information Technology,Engineer,68391,16154.0,abc@,abcdefghij,,Addr 1648,Hyderabad,Maharashtra,India,411001,2016-02-09,,4,2.83,,Full Time,Remote,AB+,2026-07-27 20:13:05,?
2649,Sara,Patel,Sara Patel,53,MALE,HR,Engineer,42597,10233.0,@@gmail.com,,,Addr 1649,Chennai,Maharashtra,India,ABCDE,10/08/2018,,18,3.54,,full time,Hybrid,A+,2026-07-27 20:13:05,none
2650,Kiran,Rao,Kiran Rao,39,Male,I.T.,Manager,63007,14630.0,@@gmail.com,abcdefghij,,Addr 1650,  Bangalore,Maharashtra,India,ABCDE,2032-01-01,,1,4.95,,Contract,Remote,O+,2026-07-27 20:13:05,none
2651,Rohit,Sharma,Rohit Sharma,54,F,it,Engineer,-50000,,@@gmail.com,12345,,Addr 1651,Pune,Maharashtra,India,ABCDE,2022-07-03,,14,1.28,,Contract,Remote,AB+,2026-07-27 20:13:05,none
2652,Sara,Verma,Sara Verma,58,M,Marketing,Executive,78008,12416.0,sara.verma@example.com,12345,,Addr 1652,Kolkata,Maharashtra,India,123,12/11/2016,,17,2.64,,full time,Onsite,B+,2026-07-27 20:13:05,unknown
2653,Kiran,Verma,Kiran Verma,33,Female,it,Executive,65301,12506.0,abc.com,,,Addr 1653,Delhi ,Maharashtra,India,560001,21/11/2022,,16,3.6,,full time,Hybrid,B+,2026-07-27 20:13:05,none
2654,Kiran,Patel,Kiran Patel,59,Male,Sales,Analyst,102756,7814.0,kiran.patel@example.com,abcdefghij,,Addr 1654,Pune,Maharashtra,India,560001,2032-01-01,,18,2.31,,Contract,Remote,A+,2026-07-27 20:13:05,N/A
2655,Ananya,Gupta,Ananya Gupta,60,female,Information Technology,Analyst,64505,3650.0,ananya.gupta@example.com,abcdefghij,,Addr 1655,Hyderabad,Maharashtra,India,560001,2023.10.03,,18,2.03,,Full Time,Onsite,B+,2026-07-27 20:13:05,?
2656,Amit,Kumar,Amit Kumar,46,MALE,it,Engineer,94651,1701.0,amit.kumar@example.com,12345,,Addr 1656,Kolkata,Maharashtra,India,123,2032-01-01,,10,3.74,,Contract,Onsite,B+,2026-07-27 20:13:05,unknown
2657,Sneha,Joshi,Sneha Joshi,22,female,it,Analyst,108615,1047.0,sneha.joshi@example.com,abcdefghij,,Addr 1657,Hyderabad,Maharashtra,India,123,2032-01-01,,1,1.02,,full time,Remote,,2026-07-27 20:13:05,OK
2658,Vikram,Das,Vikram Das,38,F,Marketing,Engineer,77125,16500.0,johngmail.com,9248774763,,Addr 1658,Chennai,Maharashtra,India,ABCDE,2016.07.23,,14,1.53,,Contract,Onsite,A+,2026-07-27 20:13:05,none
2659,Priya,Sharma,Priya Sharma,47,male,Finance,Executive,130967,17544.0,priya.sharma@example.com,999999999999999,,Addr 1659,Delhi ,Maharashtra,India,560001,01/06/2015,,6,4.94,,full time,Onsite,B+,2026-07-27 20:13:05,none
2660,Ananya,Rao,Ananya Rao,44,female,Sales,Analyst,96705,11609.0,johngmail.com,12345,,Addr 1660,Chennai,Maharashtra,India,560001,2018.11.10,,16,2.89,,Full Time,Remote,A+,2026-07-27 20:13:05,OK
2661,Amit,Joshi,Amit Joshi,37,MALE,HR,Manager,111488,5464.0,abc.com,abcdefghij,,Addr 1661,Pune,Maharashtra,India,123,2032-01-01,,6,4.06,,full time,Remote,AB+,2026-07-27 20:13:05,none
2662,Sneha,Patel,Sneha Patel,27,Female,Marketing,Engineer,114533,12926.0,abc.com,12345,,Addr 1662, Mumbai,Maharashtra,India,ABCDE,2024.07.24,,2,3.46,,Contract,Hybrid,AB+,2026-07-27 20:13:05,OK
2663,Priya,Kumar,Priya Kumar,45,M,Operations,Analyst,55385,9651.0,abc.com,abcdefghij,,Addr 1663, Mumbai,Maharashtra,India,560001,2015.01.24,,15,2.01,,Contract,Remote,O+,2026-07-27 20:13:05,?
2664,Vikram,Kumar,Vikram Kumar,53,M,Information Technology,Executive,41885,18250.0,johngmail.com,9764580843,,Addr 1664,Kolkata,Maharashtra,India,560001,2020.12.24,,5,3.9,,Contract,Hybrid,,2026-07-27 20:13:05,OK
2665,John,Sharma,John Sharma,25,male,Marketing,Engineer,121345,10803.0,john.sharma@example.com,,,Addr 1665,Delhi ,Maharashtra,India,123,2018-08-08,,20,1.68,,Contract,Remote,B+,2026-07-27 20:13:05,OK
2666,Ananya,Kumar,Ananya Kumar,34,Male,it,Manager,70245,8731.0,@@gmail.com,abcdefghij,,Addr 1666,Delhi ,Maharashtra,India,123,2032-01-01,,2,4.67,,full time,Remote,AB+,2026-07-27 20:13:05,unknown
2667,Neha,Joshi,Neha Joshi,39,Female,I.T.,Executive,94987,6041.0,abc@,9174028106,,Addr 1667,Kolkata,Maharashtra,India,560001,2032-01-01,,7,4.32,,full time,Remote,B+,2026-07-27 20:13:05,unknown
2668,John,Rao,John Rao,45,male,HR,Analyst,39677,6872.0,abc.com,abcdefghij,,Addr 1668,Chennai,Maharashtra,India,ABCDE,2015.01.09,,3,2.9,,Contract,Remote,AB+,2026-07-27 20:13:05,none
2669,Sneha,Sharma,Sneha Sharma,40,Female,Sales,Manager,113034,5643.0,abc@,12345,,Addr 1669,Pune,Maharashtra,India,560001,2017-12-14,,3,4.97,,Contract,Remote,A+,2026-07-27 20:13:05,unknown
2670,Sneha,Kumar,Sneha Kumar,44,F,I.T.,Manager,96398,13256.0,johngmail.com,abcdefghij,,Addr 1670,Hyderabad,Maharashtra,India,411001,11/10/2021,,17,2.04,,Full Time,Onsite,,2026-07-27 20:13:05,?
2671,Arjun,Kumar,Arjun Kumar,56,Male,IT,Analyst,94006,7832.0,abc@,abcdefghij,,Addr 1671,Pune,Maharashtra,India,123,2023.11.11,,14,4.54,,full time,Remote,A+,2026-07-27 20:13:05,?
2672,Sneha,Sharma,Sneha Sharma,46,MALE,Sales,Engineer,72346,14005.0,abc.com,12345,,Addr 1672,Pune,Maharashtra,India,411001,2032-01-01,,7,3.76,,Contract,Remote,A+,2026-07-27 20:13:05,?
2673,Kiran,Das,Kiran Das,36,M,HR,Analyst,129847,3978.0,@@gmail.com,12345,,Addr 1673,Hyderabad,Maharashtra,India,560001,2024-05-25,,8,1.01,,Full Time,Onsite,O+,2026-07-27 20:13:05,unknown
2674,Arjun,Verma,Arjun Verma,59,male,I.T.,Analyst,49485,5309.0,arjun.verma@example.com,,,Addr 1674,Chennai,Maharashtra,India,ABCDE,2016.08.19,,7,2.33,,Contract,Onsite,AB+,2026-07-27 20:13:05,none
2675,Priya,Singh,Priya Singh,31,Female,Sales,Executive,93529,7022.0,abc.com,,,Addr 1675,Kolkata,Maharashtra,India,560001,2032-01-01,,18,4.74,,Full Time,Hybrid,A+,2026-07-27 20:13:05,unknown
2676,Rahul,Kumar,Rahul Kumar,50,Female,IT,Executive,61127,5222.0,johngmail.com,12345,,Addr 1676,  Bangalore,Maharashtra,India,ABCDE,14/02/2017,,9,2.29,,Contract,Onsite,,2026-07-27 20:13:05,none
2677,Ananya,Das,Ananya Das,32,female,Finance,Manager,50473,,johngmail.com,,,Addr 1677,Chennai,Maharashtra,India,411001,07/02/2020,,16,4.76,,full time,Remote,B+,2026-07-27 20:13:05,N/A
2678,Sneha,Gupta,Sneha Gupta,52,female,IT,Analyst,137242,4142.0,@@gmail.com,abcdefghij,,Addr 1678,Kolkata,Maharashtra,India,123,2032-01-01,,14,3.7,,Contract,Onsite,,2026-07-27 20:13:05,N/A
2679,Kiran,Singh,Kiran Singh,23,MALE,Marketing,Manager,110426,7442.0,johngmail.com,999999999999999,,Addr 1679,Hyderabad,Maharashtra,India,123,2022-10-27,,19,1.09,,Full Time,Remote,,2026-07-27 20:13:05,unknown
2680,Sneha,Kumar,Sneha Kumar,43,Male,it,Manager,149161,8372.0,abc@,999999999999999,,Addr 1680,Hyderabad,Maharashtra,India,123,2020.05.29,,12,3.73,,full time,Hybrid,O+,2026-07-27 20:13:05,N/A
2681,Sara,Gupta,Sara Gupta,36,female,Sales,Executive,35418,13484.0,abc.com,9227025254,,Addr 1681,Kolkata,Maharashtra,India,411001,2016-02-06,,11,2.42,,full time,Remote,O+,2026-07-27 20:13:05,OK
2682,Amit,Rao,Amit Rao,47,female,it,Engineer,104659,2617.0,@@gmail.com,12345,,Addr 1682,Kolkata,Maharashtra,India,123,2022.05.26,,6,4.91,,Full Time,Remote,AB+,2026-07-27 20:13:05,unknown
2683,Arjun,Singh,Arjun Singh,25,MALE,HR,Analyst,121159,7807.0,johngmail.com,abcdefghij,,Addr 1683,Chennai,Maharashtra,India,560001,28/07/2016,,20,4.64,,Contract,Onsite,O+,2026-07-27 20:13:05,N/A
2684,Sara,Patel,Sara Patel,31,MALE,I.T.,Executive,88224,18990.0,johngmail.com,12345,,Addr 1684,Pune,Maharashtra,India,560001,2023-05-20,,14,3.1,,Contract,Remote,A+,2026-07-27 20:13:05,OK
2685,Priya,Verma,Priya Verma,39,Female,IT,Analyst,113908,5221.0,priya.verma@example.com,,,Addr 1685,Pune,Maharashtra,India,411001,2018-04-20,,14,1.68,,Full Time,Onsite,A+,2026-07-27 20:13:05,unknown
2686,Kiran,Verma,Kiran Verma,59,male,IT,Executive,146415,5262.0,kiran.verma@example.com,9070431055,,Addr 1686, Mumbai,Maharashtra,India,411001,2015.05.07,,16,3.05,,Contract,Hybrid,A+,2026-07-27 20:13:05,?
2687,Vikram,Sharma,Vikram Sharma,43,female,Information Technology,Analyst,98470,3358.0,@@gmail.com,9609514277,,Addr 1687,Chennai,Maharashtra,India,ABCDE,2023-08-24,,10,4.11,,Contract,Hybrid,A+,2026-07-27 20:13:05,OK
2688,Sneha,Patel,Sneha Patel,48,male,Operations,Engineer,128488,7317.0,@@gmail.com,12345,,Addr 1688,Delhi ,Maharashtra,India,123,26/04/2016,,3,4.4,,Full Time,Hybrid,B+,2026-07-27 20:13:05,?
2689,Priya,Verma,Priya Verma,0,female,IT,Analyst,124975,10851.0,priya.verma@example.com,12345,,Addr 1689,Kolkata,Maharashtra,India,ABCDE,2032-01-01,,1,1.4,,Full Time,Onsite,,2026-07-27 20:13:05,none
2690,Neha,Patel,Neha Patel,27,F,Finance,Engineer,99999999,17550.0,neha.patel@example.com,999999999999999,,Addr 1690,Kolkata,Maharashtra,India,123,2024-05-05,,10,3.84,,full time,Onsite,B+,2026-07-27 20:13:05,unknown
2691,Arjun,Singh,Arjun Singh,23,male,Marketing,Executive,52768,18450.0,johngmail.com,9966481105,,Addr 1691,Kolkata,Maharashtra,India,ABCDE,05/05/2018,,14,1.59,,full time,Remote,A+,2026-07-27 20:13:05,?
2692,Ananya,Das,Ananya Das,35,female,Marketing,Executive,38735,,ananya.das@example.com,12345,,Addr 1692, Mumbai,Maharashtra,India,411001,2020.07.31,,14,3.31,,Full Time,Onsite,B+,2026-07-27 20:13:05,N/A
2693,Vikram,Rao,Vikram Rao,45,female,I.T.,Engineer,138300,5948.0,abc.com,999999999999999,,Addr 1693,Kolkata,Maharashtra,India,411001,2015-12-10,,0,3.22,,Full Time,Onsite,B+,2026-07-27 20:13:05,none
2694,Rahul,Gupta,Rahul Gupta,51,M,Operations,Manager,32705,14678.0,abc@,999999999999999,,Addr 1694,  Bangalore,Maharashtra,India,411001,2017.01.09,,11,1.08,,Contract,Remote,A+,2026-07-27 20:13:05,unknown
2695,Rahul,Gupta,Rahul Gupta,23,M,I.T.,Analyst,123021,17548.0,rahul.gupta@example.com,9556441994,,Addr 1695,Kolkata,Maharashtra,India,ABCDE,2015.08.07,,6,2.67,,full time,Remote,O+,2026-07-27 20:13:05,OK
2696,Sara,Verma,Sara Verma,58,Female,IT,Executive,106187,17539.0,sara.verma@example.com,9498367849,,Addr 1696, Mumbai,Maharashtra,India,ABCDE,2021-09-08,,14,2.77,,Contract,Onsite,A+,2026-07-27 20:13:05,OK
2697,Ananya,Rao,Ananya Rao,22,female,IT,Analyst,94711,7523.0,ananya.rao@example.com,12345,,Addr 1697,Kolkata,Maharashtra,India,560001,2019-12-03,,6,4.79,,Full Time,Remote,AB+,2026-07-27 20:13:05,?
2698,Arjun,Kumar,Arjun Kumar,44,M,Operations,Analyst,131190,3457.0,@@gmail.com,,,Addr 1698,Pune,Maharashtra,India,ABCDE,2019-10-25,,14,3.18,,Contract,Remote,B+,2026-07-27 20:13:05,?
2699,Rohit,Patel,Rohit Patel,36,female,I.T.,Engineer,141027,4173.0,johngmail.com,,,Addr 1699,Kolkata,Maharashtra,India,123,2015-01-09,,12,2.59,,Contract,Remote,AB+,2026-07-27 20:13:05,?
2700,Arjun,Mehta,Arjun Mehta,24,MALE,HR,Analyst,122548,14063.0,arjun.mehta@example.com,9622277261,,Addr 1700,Delhi ,Maharashtra,India,123,2017-12-24,,5,3.9,,Full Time,Onsite,B+,2026-07-27 20:13:05,none
2701,John,Mehta,John Mehta,43,female,Sales,Manager,122705,11389.0,johngmail.com,999999999999999,,Addr 1701,Delhi ,Maharashtra,India,123,19/07/2024,,19,4.85,,Contract,Remote,B+,2026-07-27 20:13:05,N/A
2702,Rohit,Mehta,Rohit Mehta,26,F,Finance,Analyst,125933,8359.0,johngmail.com,12345,,Addr 1702,Kolkata,Maharashtra,India,560001,2021.03.29,,14,2.57,,Full Time,Remote,,2026-07-27 20:13:05,N/A
2703,John,Mehta,John Mehta,22,Male,I.T.,Analyst,51750,18603.0,@@gmail.com,999999999999999,,Addr 1703,  Bangalore,Maharashtra,India,560001,2017-01-06,,16,4.73,,full time,Remote,A+,2026-07-27 20:13:05,OK
2704,Vikram,Rao,Vikram Rao,60,M,it,Manager,46965,14813.0,@@gmail.com,abcdefghij,,Addr 1704,Chennai,Maharashtra,India,123,2018-07-23,,7,4.53,,Contract,Hybrid,B+,2026-07-27 20:13:05,none
2705,Neha,Mehta,Neha Mehta,45,Female,IT,Engineer,68563,13822.0,neha.mehta@example.com,abcdefghij,,Addr 1705,Chennai,Maharashtra,India,ABCDE,2019-03-25,,15,1.07,,Contract,Remote,,2026-07-27 20:13:05,OK
2706,Arjun,Kumar,Arjun Kumar,48,Male,Information Technology,Analyst,123164,8402.0,abc@,abcdefghij,,Addr 1706,Delhi ,Maharashtra,India,411001,21/10/2022,,6,4.11,,Contract,Onsite,A+,2026-07-27 20:13:05,unknown
2707,John,Das,John Das,40,male,Sales,Engineer,149915,18247.0,abc@,999999999999999,,Addr 1707,  Bangalore,Maharashtra,India,123,2023.06.11,,0,1.14,,full time,Remote,O+,2026-07-27 20:13:05,?
2708,John,Rao,John Rao,35,M,Operations,Manager,80993,,abc@,,,Addr 1708,Delhi ,Maharashtra,India,560001,2032-01-01,,2,3.57,,Contract,Onsite,B+,2026-07-27 20:13:05,unknown
2709,John,Singh,John Singh,42,Male,Operations,Manager,119284,17235.0,johngmail.com,abcdefghij,,Addr 1709,Kolkata,Maharashtra,India,411001,2032-01-01,,9,1.1,,Contract,Remote,A+,2026-07-27 20:13:05,none
2710,Amit,Joshi,Amit Joshi,33,F,Sales,Executive,88472,19247.0,johngmail.com,999999999999999,,Addr 1710,Kolkata,Maharashtra,India,411001,2019.08.16,,11,1.46,,Full Time,Hybrid,O+,2026-07-27 20:13:05,OK
2711,Amit,Kumar,Amit Kumar,47,F,Sales,Executive,53702,13334.0,johngmail.com,12345,,Addr 1711,Kolkata,Maharashtra,India,123,06/04/2022,,19,2.8,,Contract,Hybrid,O+,2026-07-27 20:13:05,N/A
2712,Vikram,Mehta,Vikram Mehta,32,female,IT,Analyst,73475,9518.0,johngmail.com,999999999999999,,Addr 1712,Kolkata,Maharashtra,India,ABCDE,2032-01-01,,1,2.09,,Full Time,Onsite,,2026-07-27 20:13:05,unknown
2713,Sara,Verma,Sara Verma,43,F,it,Manager,115013,8363.0,sara.verma@example.com,12345,,Addr 1713,Kolkata,Maharashtra,India,123,2020-10-28,,4,3.46,,full time,Onsite,A+,2026-07-27 20:13:05,unknown
2714,Sara,Rao,Sara Rao,60,female,it,Engineer,89163,9353.0,abc@,,,Addr 1714,  Bangalore,Maharashtra,India,ABCDE,2032-01-01,,17,1.34,,full time,Remote,AB+,2026-07-27 20:13:05,N/A
2715,Priya,Das,Priya Das,51,F,Information Technology,Manager,124698,3066.0,@@gmail.com,999999999999999,,Addr 1715, Mumbai,Maharashtra,India,123,2032-01-01,,19,3.9,,Contract,Onsite,,2026-07-27 20:13:05,?
2716,Ananya,Rao,Ananya Rao,25,Female,I.T.,Manager,104645,6942.0,abc@,999999999999999,,Addr 1716,Kolkata,Maharashtra,India,560001,2016-12-06,,20,2.07,,Contract,Onsite,O+,2026-07-27 20:13:05,?
2717,Kiran,Verma,Kiran Verma,44,female,I.T.,Manager,49835,2807.0,kiran.verma@example.com,abcdefghij,,Addr 1717, Mumbai,Maharashtra,India,123,2032-01-01,,3,4.86,,full time,Hybrid,,2026-07-27 20:13:05,N/A
2718,Amit,Patel,Amit Patel,57,MALE,Information Technology,Executive,109123,15776.0,amit.patel@example.com,999999999999999,,Addr 1718,Kolkata,Maharashtra,India,123,2021.04.01,,7,3.21,,Full Time,Hybrid,O+,2026-07-27 20:13:05,N/A
2719,Sneha,Joshi,Sneha Joshi,44,male,HR,Manager,41605,,abc@,,,Addr 1719,Chennai,Maharashtra,India,123,2032-01-01,,15,1.17,,Full Time,Onsite,AB+,2026-07-27 20:13:05,OK
2720,Sneha,Rao,Sneha Rao,29,MALE,it,Manager,38778,8091.0,@@gmail.com,12345,,Addr 1720,  Bangalore,Maharashtra,India,560001,22/12/2020,,13,3.53,,full time,Onsite,O+,2026-07-27 20:13:05,unknown
2721,Kiran,Kumar,Kiran Kumar,46,male,I.T.,Executive,129792,5574.0,kiran.kumar@example.com,12345,,Addr 1721,Kolkata,Maharashtra,India,411001,2016-04-24,,19,4.32,,full time,Hybrid,O+,2026-07-27 20:13:05,N/A
2722,John,Joshi,John Joshi,51,Female,I.T.,Engineer,126713,16732.0,abc@,,,Addr 1722, Mumbai,Maharashtra,India,411001,2015-07-25,,11,4.56,,Contract,Onsite,O+,2026-07-27 20:13:05,none
2723,Sneha,Mehta,Sneha Mehta,26,M,it,Engineer,80888,8781.0,sneha.mehta@example.com,12345,,Addr 1723,Pune,Maharashtra,India,123,30/06/2020,,7,2.67,,full time,Hybrid,O+,2026-07-27 20:13:05,N/A
2724,Amit,Patel,Amit Patel,28,MALE,Finance,Analyst,126880,5261.0,abc.com,9179196909,,Addr 1724, Mumbai,Maharashtra,India,560001,2023.04.01,,2,2.96,,full time,Hybrid,,2026-07-27 20:13:05,N/A
2725,Rahul,Joshi,Rahul Joshi,34,F,Marketing,Engineer,33577,3442.0,johngmail.com,999999999999999,,Addr 1725,Delhi ,Maharashtra,India,ABCDE,2021.06.08,,11,3.53,,Full Time,Onsite,O+,2026-07-27 20:13:05,none
2726,Ananya,Singh,Ananya Singh,58,M,IT,Engineer,73878,1949.0,@@gmail.com,,,Addr 1726,Pune,Maharashtra,India,123,2032-01-01,,1,2.06,,full time,Onsite,O+,2026-07-27 20:13:05,unknown
2727,Sneha,Patel,Sneha Patel,34,male,Finance,Engineer,146950,15760.0,@@gmail.com,12345,,Addr 1727,Hyderabad,Maharashtra,India,411001,2032-01-01,,12,2.99,,Contract,Remote,,2026-07-27 20:13:05,unknown
2728,Amit,Patel,Amit Patel,42,female,it,Executive,123866,,abc@,12345,,Addr 1728,Delhi ,Maharashtra,India,123,2032-01-01,,16,4.16,,Contract,Onsite,,2026-07-27 20:13:05,OK
2729,Neha,Das,Neha Das,51,male,Information Technology,Manager,102322,14418.0,abc.com,,,Addr 1729,Pune,Maharashtra,India,ABCDE,2015.04.08,,0,3.89,,full time,Onsite,A+,2026-07-27 20:13:05,unknown
2730,Rahul,Joshi,Rahul Joshi,56,Male,HR,Executive,145165,,rahul.joshi@example.com,9485412348,,Addr 1730,Pune,Maharashtra,India,123,2015.08.23,,5,2.27,,Full Time,Onsite,,2026-07-27 20:13:05,?
2731,Amit,Joshi,Amit Joshi,26,MALE,Finance,Engineer,116922,19480.0,abc.com,12345,,Addr 1731,Hyderabad,Maharashtra,India,123,2024-06-10,,15,4.23,,Full Time,Remote,A+,2026-07-27 20:13:05,unknown
2732,Rohit,Singh,Rohit Singh,23,Female,Marketing,Analyst,47763,14478.0,rohit.singh@example.com,9216694810,,Addr 1732,Pune,Maharashtra,India,411001,07/10/2016,,6,1.88,,Contract,Remote,A+,2026-07-27 20:13:05,?
2733,Ananya,Gupta,Ananya Gupta,44,female,Marketing,Executive,54478,7296.0,johngmail.com,12345,,Addr 1733,Kolkata,Maharashtra,India,411001,2032-01-01,,8,3.65,,Contract,Remote,O+,2026-07-27 20:13:05,N/A
2734,Rohit,Gupta,Rohit Gupta,42,female,Sales,Engineer,148430,9858.0,abc@,999999999999999,,Addr 1734, Mumbai,Maharashtra,India,411001,2023-09-25,,16,2.96,,full time,Hybrid,A+,2026-07-27 20:13:05,OK
2735,Sneha,Gupta,Sneha Gupta,43,female,Operations,Engineer,74060,11223.0,abc.com,12345,,Addr 1735,Pune,Maharashtra,India,560001,22/11/2015,,4,3.21,,Full Time,Hybrid,,2026-07-27 20:13:05,?
2736,John,Verma,John Verma,31,Male,I.T.,Engineer,90156,13581.0,@@gmail.com,9134204578,,Addr 1736, Mumbai,Maharashtra,India,411001,2021.05.09,,11,4.84,,full time,Remote,O+,2026-07-27 20:13:05,N/A
2737,Rahul,Singh,Rahul Singh,38,F,Information Technology,Manager,-50000,3159.0,@@gmail.com,,,Addr 1737,Chennai,Maharashtra,India,411001,2015.09.05,,10,3.66,,Contract,Remote,B+,2026-07-27 20:13:05,?
2738,Ananya,Sharma,Ananya Sharma,24,female,Finance,Executive,115262,17978.0,johngmail.com,abcdefghij,,Addr 1738,Pune,Maharashtra,India,560001,2032-01-01,,9,3.47,,full time,Hybrid,B+,2026-07-27 20:13:05,?
2739,Sara,Rao,Sara Rao,47,Female,IT,Engineer,149372,10262.0,johngmail.com,999999999999999,,Addr 1739,Kolkata,Maharashtra,India,411001,2017.02.17,,4,1.51,,Contract,Hybrid,,2026-07-27 20:13:05,N/A
2740,Neha,Verma,Neha Verma,26,F,Finance,Manager,83252,3437.0,johngmail.com,999999999999999,,Addr 1740,Pune,Maharashtra,India,411001,2017.05.11,,2,4.17,,Full Time,Hybrid,AB+,2026-07-27 20:13:05,none
2741,Ananya,Verma,Ananya Verma,33,M,Information Technology,Analyst,97604,6956.0,johngmail.com,abcdefghij,,Addr 1741,Chennai,Maharashtra,India,560001,09/09/2017,,14,1.28,,full time,Hybrid,,2026-07-27 20:13:05,?
2742,Sneha,Sharma,Sneha Sharma,43,female,Operations,Engineer,137366,18321.0,@@gmail.com,abcdefghij,,Addr 1742, Mumbai,Maharashtra,India,123,2020.10.27,,7,2.77,,Full Time,Hybrid,AB+,2026-07-27 20:13:05,?
2743,Rahul,Mehta,Rahul Mehta,46,F,Operations,Engineer,98685,,rahul.mehta@example.com,,,Addr 1743,  Bangalore,Maharashtra,India,560001,2018.06.21,,11,3.8,,full time,Remote,B+,2026-07-27 20:13:05,OK
2744,John,Kumar,John Kumar,54,Male,Sales,Executive,142061,7999.0,@@gmail.com,9455797079,,Addr 1744,  Bangalore,Maharashtra,India,560001,2024-04-20,,9,3.52,,full time,Hybrid,B+,2026-07-27 20:13:05,OK
2745,Rahul,Patel,Rahul Patel,37,Male,I.T.,Executive,76064,4553.0,abc@,abcdefghij,,Addr 1745,Delhi ,Maharashtra,India,ABCDE,2020.06.09,,3,2.99,,full time,Onsite,,2026-07-27 20:13:05,unknown
2746,Vikram,Joshi,Vikram Joshi,46,MALE,I.T.,Analyst,70344,5431.0,abc@,,,Addr 1746,  Bangalore,Maharashtra,India,411001,2032-01-01,,5,2.5,,Full Time,Onsite,A+,2026-07-27 20:13:05,OK
2747,Sara,Mehta,Sara Mehta,24,Female,Marketing,Executive,87556,2099.0,sara.mehta@example.com,12345,,Addr 1747,Pune,Maharashtra,India,123,2020-10-04,,13,3.91,,Full Time,Hybrid,,2026-07-27 20:13:05,?
2748,John,Patel,John Patel,42,Female,it,Analyst,76037,14006.0,@@gmail.com,,,Addr 1748,  Bangalore,Maharashtra,India,560001,2032-01-01,,1,2.19,,full time,Remote,B+,2026-07-27 20:13:05,N/A
2749,Priya,Joshi,Priya Joshi,50,MALE,Information Technology,Executive,133898,19893.0,johngmail.com,abcdefghij,,Addr 1749, Mumbai,Maharashtra,India,ABCDE,2016-05-05,,15,4.31,,full time,Remote,A+,2026-07-27 20:13:05,OK
2750,Ananya,Das,Ananya Das,56,M,Finance,Analyst,104240,14114.0,johngmail.com,,,Addr 1750,  Bangalore,Maharashtra,India,ABCDE,2016-11-20,,3,1.42,,Full Time,Remote,O+,2026-07-27 20:13:05,N/A
2751,John,Gupta,John Gupta,54,male,Sales,Manager,91008,2449.0,@@gmail.com,,,Addr 1751,  Bangalore,Maharashtra,India,123,2032-01-01,,1,2.11,,Full Time,Onsite,B+,2026-07-27 20:13:05,?
2752,Priya,Rao,Priya Rao,41,female,Finance,Manager,62457,19704.0,johngmail.com,abcdefghij,,Addr 1752,  Bangalore,Maharashtra,India,560001,2023-02-13,,1,1.6,,Contract,Hybrid,O+,2026-07-27 20:13:05,unknown
2753,Arjun,Patel,Arjun Patel,37,male,Operations,Executive,51883,14580.0,johngmail.com,12345,,Addr 1753,Kolkata,Maharashtra,India,123,2032-01-01,,8,4.09,,full time,Remote,O+,2026-07-27 20:13:05,none
2754,Sneha,Patel,Sneha Patel,23,M,Sales,Executive,53061,14246.0,johngmail.com,abcdefghij,,Addr 1754,Hyderabad,Maharashtra,India,ABCDE,2032-01-01,,5,4.19,,Contract,Remote,AB+,2026-07-27 20:13:05,none
2755,Arjun,Verma,Arjun Verma,59,male,Sales,Manager,39265,11824.0,johngmail.com,abcdefghij,,Addr 1755,Kolkata,Maharashtra,India,ABCDE,2032-01-01,,13,1.06,,Contract,Onsite,B+,2026-07-27 20:13:05,N/A
2756,John,Mehta,John Mehta,33,M,it,Manager,113297,19884.0,abc@,999999999999999,,Addr 1756,Hyderabad,Maharashtra,India,123,2032-01-01,,10,1.95,,Full Time,Remote,B+,2026-07-27 20:13:05,N/A
2757,Ananya,Joshi,Ananya Joshi,47,female,IT,Analyst,30750,19360.0,ananya.joshi@example.com,abcdefghij,,Addr 1757,  Bangalore,Maharashtra,India,ABCDE,2032-01-01,,18,1.91,,Full Time,Onsite,B+,2026-07-27 20:13:05,?
2758,Sara,Kumar,Sara Kumar,57,MALE,Finance,Manager,84602,5127.0,abc.com,999999999999999,,Addr 1758, Mumbai,Maharashtra,India,411001,2021.12.23,,19,3.01,,Contract,Onsite,AB+,2026-07-27 20:13:05,OK
2759,John,Kumar,John Kumar,53,F,IT,Engineer,111916,13911.0,abc@,,,Addr 1759,Delhi ,Maharashtra,India,ABCDE,2032-01-01,,15,1.93,,Full Time,Onsite,AB+,2026-07-27 20:13:05,N/A
2760,Amit,Verma,Amit Verma,43,male,I.T.,Analyst,42626,19955.0,abc@,9297451165,,Addr 1760,  Bangalore,Maharashtra,India,411001,2032-01-01,,5,4.1,,full time,Onsite,O+,2026-07-27 20:13:05,OK
2761,Neha,Singh,Neha Singh,21,female,Sales,Executive,49521,14307.0,johngmail.com,999999999999999,,Addr 1761, Mumbai,Maharashtra,India,ABCDE,2021-07-08,,18,3.84,,Contract,Hybrid,AB+,2026-07-27 20:13:05,unknown
2762,Sneha,Sharma,Sneha Sharma,34,M,it,Analyst,133254,,johngmail.com,999999999999999,,Addr 1762,Kolkata,Maharashtra,India,560001,2032-01-01,,12,1.25,,Full Time,Remote,B+,2026-07-27 20:13:05,?
2763,Arjun,Mehta,Arjun Mehta,43,female,Information Technology,Analyst,117376,,@@gmail.com,12345,,Addr 1763,Pune,Maharashtra,India,560001,2032-01-01,,15,4.06,,Contract,Hybrid,B+,2026-07-27 20:13:05,N/A
2764,Amit,Patel,Amit Patel,29,female,Information Technology,Executive,97267,19885.0,amit.patel@example.com,12345,,Addr 1764,Hyderabad,Maharashtra,India,123,31/01/2017,,17,2.31,,Contract,Onsite,B+,2026-07-27 20:13:05,N/A
2765,Amit,Das,Amit Das,-5,female,Sales,Engineer,71658,7611.0,@@gmail.com,abcdefghij,,Addr 1765,Delhi ,Maharashtra,India,560001,2016-02-19,,11,4.49,,Full Time,Remote,,2026-07-27 20:13:05,N/A
2766,Sneha,Mehta,Sneha Mehta,47,Female,I.T.,Manager,100700,9346.0,@@gmail.com,999999999999999,,Addr 1766,Hyderabad,Maharashtra,India,411001,2016-03-17,,13,3.97,,full time,Hybrid,,2026-07-27 20:13:05,none
2767,Neha,Patel,Neha Patel,47,MALE,Information Technology,Manager,97802,4636.0,abc@,abcdefghij,,Addr 1767,Delhi ,Maharashtra,India,ABCDE,23/05/2018,,14,3.73,,full time,Onsite,B+,2026-07-27 20:13:05,?
2768,Ananya,Patel,Ananya Patel,37,M,IT,Executive,149854,8842.0,ananya.patel@example.com,999999999999999,,Addr 1768, Mumbai,Maharashtra,India,560001,2032-01-01,,4,4.42,,full time,Remote,,2026-07-27 20:13:05,?
2769,Amit,Gupta,Amit Gupta,27,female,Marketing,Executive,146042,11273.0,abc.com,abcdefghij,,Addr 1769, Mumbai,Maharashtra,India,411001,2032-01-01,,10,2.3,,Full Time,Hybrid,AB+,2026-07-27 20:13:05,OK
2770,Vikram,Patel,Vikram Patel,55,F,Finance,Engineer,144431,13407.0,johngmail.com,9545769094,,Addr 1770,Delhi ,Maharashtra,India,ABCDE,2018.04.23,,1,3.47,,full time,Remote,AB+,2026-07-27 20:13:05,OK
2771,Neha,Kumar,Neha Kumar,31,Female,it,Manager,57541,15008.0,johngmail.com,9834358599,,Addr 1771,Kolkata,Maharashtra,India,560001,2032-01-01,,13,1.99,,full time,Onsite,AB+,2026-07-27 20:13:05,none
2772,Amit,Verma,Amit Verma,38,male,Operations,Executive,83116,17296.0,amit.verma@example.com,abcdefghij,,Addr 1772, Mumbai,Maharashtra,India,123,2018.09.30,,1,2.7,,Contract,Onsite,,2026-07-27 20:13:05,unknown
2773,Rohit,Verma,Rohit Verma,47,male,IT,Executive,98224,10067.0,rohit.verma@example.com,9793943149,,Addr 1773,Delhi ,Maharashtra,India,ABCDE,2021-10-21,,11,2.01,,Contract,Remote,,2026-07-27 20:13:05,?
2774,Ananya,Rao,Ananya Rao,30,Female,Sales,Executive,70532,,@@gmail.com,999999999999999,,Addr 1774,Kolkata,Maharashtra,India,ABCDE,2016-08-25,,14,4.16,,Contract,Hybrid,,2026-07-27 20:13:05,none
2775,Ananya,Joshi,Ananya Joshi,21,Female,IT,Executive,76351,4226.0,abc.com,9407234615,,Addr 1775,Delhi ,Maharashtra,India,411001,2015-11-12,,15,1.2,,Full Time,Onsite,B+,2026-07-27 20:13:05,N/A
2776,Rahul,Gupta,Rahul Gupta,26,F,HR,Engineer,99999999,2466.0,rahul.gupta@example.com,abcdefghij,,Addr 1776,Delhi ,Maharashtra,India,123,10/08/2016,,7,2.93,,Full Time,Onsite,,2026-07-27 20:13:05,OK
2777,Arjun,Gupta,Arjun Gupta,39,MALE,Marketing,Analyst,138094,7408.0,abc@,12345,,Addr 1777,Chennai,Maharashtra,India,123,18/07/2020,,1,3.24,,full time,Remote,B+,2026-07-27 20:13:05,OK
2778,Priya,Rao,Priya Rao,37,female,Finance,Engineer,113731,8965.0,@@gmail.com,9177334307,,Addr 1778,Hyderabad,Maharashtra,India,ABCDE,2023-11-29,,20,4.4,,Full Time,Remote,AB+,2026-07-27 20:13:05,OK
2779,Vikram,Singh,Vikram Singh,35,Male,it,Executive,113200,4718.0,vikram.singh@example.com,,,Addr 1779,Chennai,Maharashtra,India,560001,2021-05-19,,4,4.19,,Contract,Hybrid,AB+,2026-07-27 20:13:05,none
2780,Sneha,Singh,Sneha Singh,40,MALE,Information Technology,Engineer,119338,10567.0,johngmail.com,9286399624,,Addr 1780,Chennai,Maharashtra,India,ABCDE,10/10/2023,,16,3.81,,Contract,Remote,A+,2026-07-27 20:13:05,N/A
2781,Priya,Das,Priya Das,25,MALE,Sales,Engineer,108840,7266.0,abc.com,12345,,Addr 1781,Hyderabad,Maharashtra,India,411001,2022-02-08,,12,4.4,,full time,Remote,B+,2026-07-27 20:13:05,N/A
2782,Rohit,Verma,Rohit Verma,41,F,HR,Analyst,36876,10828.0,abc.com,,,Addr 1782,Delhi ,Maharashtra,India,123,27/12/2019,,0,1.29,,Contract,Remote,O+,2026-07-27 20:13:05,unknown
2783,Arjun,Mehta,Arjun Mehta,52,Female,I.T.,Engineer,37463,19001.0,johngmail.com,,,Addr 1783,Pune,Maharashtra,India,ABCDE,2021.03.05,,8,3.99,,Contract,Onsite,,2026-07-27 20:13:05,N/A
2784,Kiran,Patel,Kiran Patel,34,male,IT,Analyst,36846,16950.0,abc@,999999999999999,,Addr 1784,Delhi ,Maharashtra,India,123,2015-04-17,,4,2.73,,full time,Remote,A+,2026-07-27 20:13:05,?
2785,Kiran,Rao,Kiran Rao,34,male,IT,Manager,43562,15071.0,johngmail.com,12345,,Addr 1785,Pune,Maharashtra,India,ABCDE,21/08/2023,,9,2.46,,Contract,Hybrid,,2026-07-27 20:13:05,N/A
2786,John,Gupta,John Gupta,43,M,I.T.,Engineer,52426,11687.0,abc.com,12345,,Addr 1786,Kolkata,Maharashtra,India,560001,2032-01-01,,6,4.02,,Contract,Onsite,B+,2026-07-27 20:13:05,unknown
2787,Vikram,Mehta,Vikram Mehta,55,M,Finance,Executive,106487,11592.0,johngmail.com,999999999999999,,Addr 1787,Hyderabad,Maharashtra,India,560001,2023.08.19,,10,1.27,,full time,Onsite,A+,2026-07-27 20:13:05,unknown
2788,Kiran,Verma,Kiran Verma,53,M,IT,Analyst,85672,17368.0,abc.com,12345,,Addr 1788,Hyderabad,Maharashtra,India,ABCDE,2024.06.16,,1,3.86,,Full Time,Hybrid,B+,2026-07-27 20:13:05,?
2789,Sneha,Sharma,Sneha Sharma,31,Male,I.T.,Manager,44405,8347.0,abc.com,12345,,Addr 1789,Delhi ,Maharashtra,India,411001,2023.12.16,,16,2.86,,Contract,Hybrid,A+,2026-07-27 20:13:05,unknown
2790,John,Patel,John Patel,42,MALE,Sales,Manager,101589,8439.0,@@gmail.com,abcdefghij,,Addr 1790, Mumbai,Maharashtra,India,123,2016.06.22,,4,1.53,,Contract,Hybrid,O+,2026-07-27 20:13:05,OK
2791,Amit,Sharma,Amit Sharma,25,Female,Information Technology,Executive,128836,9173.0,amit.sharma@example.com,,,Addr 1791,Hyderabad,Maharashtra,India,411001,2021-05-29,,10,3.68,,full time,Onsite,O+,2026-07-27 20:13:05,none
2792,Vikram,Patel,Vikram Patel,38,Male,IT,Analyst,78106,7813.0,@@gmail.com,9459421042,,Addr 1792,Chennai,Maharashtra,India,123,2021-12-08,,16,1.75,,Contract,Hybrid,O+,2026-07-27 20:13:05,unknown
2793,Kiran,Sharma,Kiran Sharma,49,male,Sales,Analyst,78924,11963.0,kiran.sharma@example.com,999999999999999,,Addr 1793,Kolkata,Maharashtra,India,560001,2024-05-05,,12,1.37,,Contract,Hybrid,,2026-07-27 20:13:05,unknown
2794,Priya,Singh,Priya Singh,27,male,it,Analyst,102955,11261.0,@@gmail.com,,,Addr 1794,Kolkata,Maharashtra,India,ABCDE,12/07/2023,,13,3.4,,Contract,Remote,O+,2026-07-27 20:13:05,?
2795,Kiran,Mehta,Kiran Mehta,250,female,I.T.,Executive,32547,,abc@,,,Addr 1795,Pune,Maharashtra,India,123,2032-01-01,,6,3.82,,Contract,Hybrid,B+,2026-07-27 20:13:05,none
2796,Sneha,Rao,Sneha Rao,43,Female,it,Analyst,41144,18714.0,johngmail.com,12345,,Addr 1796, Mumbai,Maharashtra,India,560001,2017.03.31,,5,1.83,,Full Time,Hybrid,B+,2026-07-27 20:13:05,N/A
2797,Arjun,Patel,Arjun Patel,21,female,Operations,Engineer,95958,14639.0,abc@,12345,,Addr 1797,Chennai,Maharashtra,India,411001,22/01/2022,,5,4.52,,full time,Hybrid,,2026-07-27 20:13:05,unknown
2798,John,Singh,John Singh,52,Female,it,Engineer,63477,16591.0,john.singh@example.com,,,Addr 1798,Delhi ,Maharashtra,India,ABCDE,26/07/2018,,8,4.06,,full time,Remote,A+,2026-07-27 20:13:05,none
2799,John,Singh,John Singh,27,male,Operations,Executive,57474,8345.0,john.singh@example.com,12345,,Addr 1799,Delhi ,Maharashtra,India,411001,21/07/2024,,13,3.0,,Full Time,Remote,A+,2026-07-27 20:13:05,unknown
2800,Amit,Gupta,Amit Gupta,47,Female,Sales,Analyst,40660,15800.0,amit.gupta@example.com,9062082124,,Addr 1800,  Bangalore,Maharashtra,India,560001,2032-01-01,,9,3.88,,Contract,Hybrid,B+,2026-07-27 20:13:05,?
2801,Amit,Gupta,Amit Gupta,36,female,Sales,Engineer,43161,9875.0,@@gmail.com,9968950929,,Addr 1801,Kolkata,Maharashtra,India,123,2016.06.07,,11,2.09,,Contract,Onsite,O+,2026-07-27 20:13:05,none
2802,Ananya,Verma,Ananya Verma,30,female,IT,Analyst,133138,5114.0,ananya.verma@example.com,999999999999999,,Addr 1802,Delhi ,Maharashtra,India,411001,2018.12.11,,9,2.03,,full time,Onsite,O+,2026-07-27 20:13:05,?
2803,Arjun,Kumar,Arjun Kumar,41,male,Sales,Manager,97058,18502.0,johngmail.com,12345,,Addr 1803,Pune,Maharashtra,India,560001,2015.10.07,,4,1.31,,Contract,Remote,B+,2026-07-27 20:13:05,?
2804,Sara,Gupta,Sara Gupta,42,MALE,it,Manager,93920,5341.0,johngmail.com,9154224125,,Addr 1804,Chennai,Maharashtra,India,ABCDE,04/12/2021,,8,4.03,,Full Time,Hybrid,AB+,2026-07-27 20:13:05,N/A
2805,Amit,Singh,Amit Singh,23,M,Finance,Engineer,75290,16646.0,amit.singh@example.com,999999999999999,,Addr 1805,  Bangalore,Maharashtra,India,ABCDE,08/02/2020,,11,1.64,,Full Time,Onsite,O+,2026-07-27 20:13:05,none
2806,Neha,Das,Neha Das,55,F,I.T.,Executive,50855,18283.0,abc.com,,,Addr 1806,Hyderabad,Maharashtra,India,411001,2019-02-06,,3,4.2,,Contract,Onsite,O+,2026-07-27 20:13:05,N/A
2807,Rohit,Patel,Rohit Patel,56,male,Finance,Manager,30271,7216.0,abc@,999999999999999,,Addr 1807,Chennai,Maharashtra,India,411001,2032-01-01,,4,3.5,,full time,Remote,,2026-07-27 20:13:05,N/A
2808,Amit,Mehta,Amit Mehta,33,F,IT,Engineer,40623,16058.0,abc@,999999999999999,,Addr 1808,Kolkata,Maharashtra,India,ABCDE,2016.08.30,,8,2.92,,Full Time,Onsite,A+,2026-07-27 20:13:05,?
2809,Priya,Verma,Priya Verma,31,MALE,Operations,Executive,40238,,@@gmail.com,abcdefghij,,Addr 1809, Mumbai,Maharashtra,India,411001,2032-01-01,,12,3.28,,Contract,Remote,O+,2026-07-27 20:13:05,N/A
2810,Rohit,Singh,Rohit Singh,57,M,Operations,Analyst,83174,2846.0,rohit.singh@example.com,999999999999999,,Addr 1810,  Bangalore,Maharashtra,India,411001,2015-12-16,,4,1.89,,full time,Remote,O+,2026-07-27 20:13:05,?
2811,Sneha,Patel,Sneha Patel,22,male,Marketing,Executive,75719,11231.0,abc@,abcdefghij,,Addr 1811,Hyderabad,Maharashtra,India,411001,2032-01-01,,7,4.44,,Full Time,Remote,B+,2026-07-27 20:13:05,none
2812,Priya,Kumar,Priya Kumar,33,F,Operations,Manager,44838,18081.0,priya.kumar@example.com,abcdefghij,,Addr 1812,Pune,Maharashtra,India,560001,2032-01-01,,9,3.23,,Full Time,Onsite,O+,2026-07-27 20:13:05,N/A
2813,Amit,Gupta,Amit Gupta,46,MALE,Finance,Executive,136397,,abc.com,12345,,Addr 1813,Delhi ,Maharashtra,India,123,16/10/2016,,6,2.76,,full time,Hybrid,AB+,2026-07-27 20:13:05,?
2814,Vikram,Verma,Vikram Verma,51,M,Information Technology,Executive,87699,10092.0,@@gmail.com,abcdefghij,,Addr 1814, Mumbai,Maharashtra,India,123,2016.11.16,,19,2.8,,Full Time,Hybrid,O+,2026-07-27 20:13:05,N/A
2815,Ananya,Patel,Ananya Patel,46,Male,HR,Analyst,135329,16919.0,abc@,,,Addr 1815,Hyderabad,Maharashtra,India,123,03/12/2021,,2,1.38,,Contract,Onsite,O+,2026-07-27 20:13:05,unknown
2816,Amit,Mehta,Amit Mehta,22,female,Finance,Manager,90989,2992.0,abc.com,abcdefghij,,Addr 1816,Hyderabad,Maharashtra,India,ABCDE,2032-01-01,,8,2.28,,Contract,Onsite,AB+,2026-07-27 20:13:05,unknown
2817,Kiran,Das,Kiran Das,51,MALE,I.T.,Analyst,51236,2894.0,@@gmail.com,,,Addr 1817,  Bangalore,Maharashtra,India,123,2021-06-10,,14,3.09,,Contract,Hybrid,AB+,2026-07-27 20:13:05,N/A
2818,Sneha,Singh,Sneha Singh,27,MALE,it,Engineer,82960,18119.0,abc.com,999999999999999,,Addr 1818,Pune,Maharashtra,India,ABCDE,2032-01-01,,10,1.68,,full time,Remote,A+,2026-07-27 20:13:05,OK
2819,Sara,Verma,Sara Verma,44,F,Marketing,Manager,135068,16920.0,@@gmail.com,9705320936,,Addr 1819, Mumbai,Maharashtra,India,411001,2023-03-02,,9,2.25,,full time,Hybrid,A+,2026-07-27 20:13:05,none
2820,Ananya,Verma,Ananya Verma,39,Male,IT,Manager,73005,1465.0,johngmail.com,999999999999999,,Addr 1820,Pune,Maharashtra,India,ABCDE,2022-12-18,,7,4.8,,full time,Remote,,2026-07-27 20:13:05,?
2821,Priya,Kumar,Priya Kumar,50,Female,IT,Executive,121493,8082.0,priya.kumar@example.com,999999999999999,,Addr 1821,Pune,Maharashtra,India,411001,2017-12-19,,0,4.88,,Contract,Onsite,AB+,2026-07-27 20:13:05,?
2822,Arjun,Sharma,Arjun Sharma,50,Male,Information Technology,Manager,112538,14049.0,johngmail.com,999999999999999,,Addr 1822,Pune,Maharashtra,India,411001,2032-01-01,,1,4.32,,Full Time,Remote,B+,2026-07-27 20:13:05,N/A
2823,Amit,Patel,Amit Patel,56,F,HR,Engineer,140738,4994.0,amit.patel@example.com,999999999999999,,Addr 1823,  Bangalore,Maharashtra,India,560001,2032-01-01,,2,1.16,,Full Time,Hybrid,,2026-07-27 20:13:05,unknown
2824,Priya,Patel,Priya Patel,48,male,I.T.,Manager,77553,13489.0,@@gmail.com,9295861672,,Addr 1824,Pune,Maharashtra,India,560001,2023-11-16,,4,4.25,,full time,Hybrid,,2026-07-27 20:13:05,?
2825,Sneha,Joshi,Sneha Joshi,38,female,I.T.,Engineer,116949,5650.0,@@gmail.com,12345,,Addr 1825,Delhi ,Maharashtra,India,ABCDE,2015.05.28,,20,4.07,,full time,Remote,B+,2026-07-27 20:13:05,unknown
2826,Amit,Singh,Amit Singh,41,MALE,it,Executive,46377,7366.0,abc@,12345,,Addr 1826,Pune,Maharashtra,India,560001,2032-01-01,,13,4.33,,full time,Hybrid,O+,2026-07-27 20:13:05,none
2827,Amit,Verma,Amit Verma,56,Male,Operations,Manager,35753,10806.0,abc.com,12345,,Addr 1827,Hyderabad,Maharashtra,India,560001,2020-09-21,,20,1.63,,Contract,Onsite,AB+,2026-07-27 20:13:05,unknown
2828,Kiran,Gupta,Kiran Gupta,23,MALE,Operations,Engineer,69033,11736.0,@@gmail.com,12345,,Addr 1828,Chennai,Maharashtra,India,560001,2015-10-15,,11,1.79,,Full Time,Hybrid,,2026-07-27 20:13:05,none
2829,Neha,Verma,Neha Verma,50,F,HR,Manager,131823,16349.0,johngmail.com,abcdefghij,,Addr 1829,  Bangalore,Maharashtra,India,123,2020.11.04,,20,2.1,,Full Time,Remote,A+,2026-07-27 20:13:05,OK
2830,Amit,Patel,Amit Patel,45,M,Sales,Analyst,149984,19125.0,abc@,999999999999999,,Addr 1830,Hyderabad,Maharashtra,India,ABCDE,12/07/2024,,16,3.39,,Contract,Hybrid,O+,2026-07-27 20:13:05,?
2831,John,Joshi,John Joshi,30,female,IT,Manager,110576,4704.0,abc@,9376191577,,Addr 1831,Pune,Maharashtra,India,123,2018-05-27,,3,4.7,,full time,Onsite,,2026-07-27 20:13:05,OK
2832,John,Rao,John Rao,25,MALE,HR,Analyst,39608,18870.0,johngmail.com,abcdefghij,,Addr 1832,Pune,Maharashtra,India,123,2032-01-01,,19,4.01,,Full Time,Remote,O+,2026-07-27 20:13:05,OK
2833,Rahul,Gupta,Rahul Gupta,24,Male,Finance,Analyst,34652,16994.0,abc@,999999999999999,,Addr 1833,Chennai,Maharashtra,India,ABCDE,2021-03-30,,20,3.1,,full time,Remote,B+,2026-07-27 20:13:05,?
2834,Ananya,Rao,Ananya Rao,27,Male,Finance,Manager,38048,8493.0,abc.com,12345,,Addr 1834,Hyderabad,Maharashtra,India,ABCDE,2023-04-06,,12,3.68,,full time,Onsite,AB+,2026-07-27 20:13:05,OK
2835,Arjun,Singh,Arjun Singh,53,F,Information Technology,Executive,122887,18701.0,abc.com,,,Addr 1835,Kolkata,Maharashtra,India,123,2032-01-01,,10,1.53,,Contract,Onsite,AB+,2026-07-27 20:13:05,N/A
2836,John,Mehta,John Mehta,50,Female,it,Manager,134544,12299.0,@@gmail.com,,,Addr 1836,  Bangalore,Maharashtra,India,411001,2018-09-28,,15,2.78,,full time,Hybrid,O+,2026-07-27 20:13:05,N/A
2837,Kiran,Sharma,Kiran Sharma,60,Female,Marketing,Executive,127526,6790.0,abc@,12345,,Addr 1837,Hyderabad,Maharashtra,India,123,02/02/2023,,20,2.48,,Contract,Remote,AB+,2026-07-27 20:13:05,?
2838,John,Singh,John Singh,43,male,Finance,Analyst,140136,2046.0,john.singh@example.com,12345,,Addr 1838,Delhi ,Maharashtra,India,ABCDE,2032-01-01,,4,4.57,,Contract,Onsite,B+,2026-07-27 20:13:05,OK
2839,Sneha,Patel,Sneha Patel,40,MALE,HR,Executive,92337,,sneha.patel@example.com,abcdefghij,,Addr 1839,Kolkata,Maharashtra,India,123,23/10/2018,,10,2.73,,Contract,Hybrid,B+,2026-07-27 20:13:05,none
2840,Vikram,Mehta,Vikram Mehta,33,F,Information Technology,Executive,50212,,abc.com,999999999999999,,Addr 1840,  Bangalore,Maharashtra,India,123,2017-03-26,,10,1.89,,Contract,Hybrid,B+,2026-07-27 20:13:05,OK
2841,Sara,Gupta,Sara Gupta,43,Male,Marketing,Executive,43610,5208.0,abc.com,abcdefghij,,Addr 1841,Kolkata,Maharashtra,India,ABCDE,06/12/2019,,3,4.06,,Full Time,Remote,O+,2026-07-27 20:13:05,?
2842,John,Kumar,John Kumar,22,male,Marketing,Manager,35411,1320.0,abc@,12345,,Addr 1842,Hyderabad,Maharashtra,India,411001,2032-01-01,,11,2.6,,Full Time,Onsite,A+,2026-07-27 20:13:05,?
2843,Sara,Singh,Sara Singh,49,Male,Finance,Analyst,65513,7515.0,sara.singh@example.com,abcdefghij,,Addr 1843,  Bangalore,Maharashtra,India,123,2023-12-19,,16,1.84,,full time,Remote,B+,2026-07-27 20:13:05,N/A
2844,Sneha,Singh,Sneha Singh,36,female,Marketing,Manager,89868,16182.0,abc.com,999999999999999,,Addr 1844,  Bangalore,Maharashtra,India,560001,2023-10-22,,12,3.3,,Contract,Hybrid,A+,2026-07-27 20:13:05,none
2845,Sneha,Verma,Sneha Verma,24,M,it,Executive,142658,7854.0,abc@,9647414124,,Addr 1845,Chennai,Maharashtra,India,123,14/10/2019,,18,2.74,,full time,Onsite,B+,2026-07-27 20:13:05,unknown
2846,Kiran,Rao,Kiran Rao,250,female,I.T.,Engineer,93998,8101.0,abc.com,9819392719,,Addr 1846,Hyderabad,Maharashtra,India,ABCDE,2015-07-25,,19,3.14,,Contract,Remote,A+,2026-07-27 20:13:05,?
2847,Sneha,Sharma,Sneha Sharma,25,M,Sales,Executive,31043,2048.0,abc.com,9675226249,,Addr 1847,Delhi ,Maharashtra,India,ABCDE,03/02/2016,,5,3.04,,full time,Hybrid,O+,2026-07-27 20:13:05,OK
2848,Ananya,Das,Ananya Das,26,F,Operations,Analyst,45167,5509.0,johngmail.com,9625593765,,Addr 1848,Pune,Maharashtra,India,ABCDE,2017.04.02,,13,4.01,,full time,Onsite,O+,2026-07-27 20:13:05,OK
2849,Vikram,Singh,Vikram Singh,31,M,Information Technology,Analyst,120862,6641.0,abc.com,abcdefghij,,Addr 1849,  Bangalore,Maharashtra,India,411001,2032-01-01,,9,4.97,,full time,Onsite,,2026-07-27 20:13:05,?
2850,Sneha,Das,Sneha Das,39,M,Sales,Analyst,100627,17884.0,johngmail.com,,,Addr 1850,  Bangalore,Maharashtra,India,560001,2018.05.20,,1,4.6,,full time,Remote,B+,2026-07-27 20:13:05,OK
2851,Sneha,Patel,Sneha Patel,45,MALE,IT,Executive,84804,15051.0,abc@,9874477134,,Addr 1851, Mumbai,Maharashtra,India,123,01/05/2017,,20,4.21,,Contract,Onsite,B+,2026-07-27 20:13:05,unknown
2852,Priya,Sharma,Priya Sharma,50,F,I.T.,Executive,80127,6144.0,priya.sharma@example.com,999999999999999,,Addr 1852,  Bangalore,Maharashtra,India,123,2019.10.03,,3,1.13,,Contract,Onsite,,2026-07-27 20:13:05,unknown
2853,Neha,Gupta,Neha Gupta,28,Female,I.T.,Engineer,58552,10023.0,neha.gupta@example.com,12345,,Addr 1853,Kolkata,Maharashtra,India,411001,05/04/2020,,2,3.66,,full time,Hybrid,AB+,2026-07-27 20:13:05,unknown
2854,Vikram,Joshi,Vikram Joshi,53,MALE,Operations,Executive,114213,18234.0,abc.com,999999999999999,,Addr 1854,Pune,Maharashtra,India,411001,2016.01.31,,19,1.35,,Contract,Hybrid,AB+,2026-07-27 20:13:05,OK
2855,John,Gupta,John Gupta,58,female,I.T.,Manager,104851,4159.0,john.gupta@example.com,,,Addr 1855,Chennai,Maharashtra,India,123,10/08/2015,,0,1.08,,Full Time,Hybrid,O+,2026-07-27 20:13:05,OK
2856,John,Singh,John Singh,29,MALE,Information Technology,Engineer,52072,,johngmail.com,,,Addr 1856,Delhi ,Maharashtra,India,560001,2032-01-01,,1,1.99,,Contract,Onsite,AB+,2026-07-27 20:13:05,OK
2857,Rahul,Kumar,Rahul Kumar,57,male,Operations,Engineer,71594,14898.0,abc.com,12345,,Addr 1857,Pune,Maharashtra,India,ABCDE,2018.01.12,,9,3.52,,full time,Remote,O+,2026-07-27 20:13:05,N/A
2858,Priya,Joshi,Priya Joshi,53,female,HR,Analyst,139437,12884.0,abc@,9120085904,,Addr 1858,Kolkata,Maharashtra,India,411001,24/04/2023,,8,1.42,,Contract,Hybrid,A+,2026-07-27 20:13:05,N/A
2859,Vikram,Mehta,Vikram Mehta,52,female,HR,Manager,69182,5885.0,@@gmail.com,9147189762,,Addr 1859,Kolkata,Maharashtra,India,560001,2032-01-01,,19,4.41,,Contract,Onsite,O+,2026-07-27 20:13:05,N/A
2860,John,Gupta,John Gupta,27,M,I.T.,Executive,101038,3651.0,@@gmail.com,12345,,Addr 1860, Mumbai,Maharashtra,India,123,2016-12-28,,8,3.35,,Full Time,Onsite,AB+,2026-07-27 20:13:05,unknown
2861,Priya,Gupta,Priya Gupta,51,Male,Finance,Analyst,85589,18409.0,johngmail.com,9862378577,,Addr 1861,Chennai,Maharashtra,India,560001,2019-06-12,,5,1.26,,Contract,Onsite,B+,2026-07-27 20:13:05,none
2862,Priya,Das,Priya Das,51,Male,Operations,Engineer,-50000,19920.0,johngmail.com,9244527843,,Addr 1862,Chennai,Maharashtra,India,411001,05/04/2019,,19,3.18,,Contract,Onsite,A+,2026-07-27 20:13:05,?
2863,Arjun,Rao,Arjun Rao,40,female,Information Technology,Executive,126021,10962.0,abc.com,12345,,Addr 1863, Mumbai,Maharashtra,India,560001,2032-01-01,,16,2.88,,Contract,Onsite,B+,2026-07-27 20:13:05,?
2864,Sneha,Joshi,Sneha Joshi,55,MALE,Finance,Analyst,120918,11626.0,abc@,9092464308,,Addr 1864, Mumbai,Maharashtra,India,ABCDE,11/04/2023,,5,2.38,,full time,Hybrid,A+,2026-07-27 20:13:05,unknown
2865,Priya,Verma,Priya Verma,40,F,HR,Analyst,30396,11328.0,@@gmail.com,12345,,Addr 1865,Kolkata,Maharashtra,India,123,2032-01-01,,14,2.71,,Full Time,Onsite,B+,2026-07-27 20:13:05,none
2866,Rahul,Das,Rahul Das,30,MALE,Sales,Executive,112439,8841.0,abc.com,12345,,Addr 1866,Hyderabad,Maharashtra,India,ABCDE,15/10/2015,,16,2.78,,full time,Onsite,,2026-07-27 20:13:05,N/A
2867,Rohit,Rao,Rohit Rao,54,male,Sales,Engineer,57576,15210.0,abc.com,,,Addr 1867,Kolkata,Maharashtra,India,ABCDE,2032-01-01,,17,4.9,,Full Time,Onsite,O+,2026-07-27 20:13:05,N/A
2868,Priya,Gupta,Priya Gupta,45,Female,Finance,Executive,55817,10480.0,abc@,999999999999999,,Addr 1868,Chennai,Maharashtra,India,560001,08/10/2021,,17,1.35,,Full Time,Hybrid,AB+,2026-07-27 20:13:05,?
2869,Ananya,Das,Ananya Das,47,M,HR,Executive,38861,2487.0,@@gmail.com,9974689933,,Addr 1869,Delhi ,Maharashtra,India,ABCDE,2032-01-01,,8,1.17,,full time,Remote,O+,2026-07-27 20:13:05,N/A
2870,Vikram,Patel,Vikram Patel,36,male,Finance,Executive,81056,18306.0,abc.com,12345,,Addr 1870,Hyderabad,Maharashtra,India,123,2015-08-15,,12,1.95,,full time,Hybrid,B+,2026-07-27 20:13:05,unknown
2871,Ananya,Rao,Ananya Rao,56,MALE,Operations,Manager,116575,11577.0,ananya.rao@example.com,9072843858,,Addr 1871,Pune,Maharashtra,India,560001,2032-01-01,,18,1.64,,Contract,Hybrid,O+,2026-07-27 20:13:05,OK
2872,Sneha,Patel,Sneha Patel,40,Female,Operations,Manager,109607,9952.0,abc@,9453649961,,Addr 1872,  Bangalore,Maharashtra,India,560001,2032-01-01,,14,1.57,,Full Time,Remote,AB+,2026-07-27 20:13:05,unknown
2873,Vikram,Patel,Vikram Patel,36,male,IT,Engineer,31456,12905.0,vikram.patel@example.com,abcdefghij,,Addr 1873,Pune,Maharashtra,India,123,2023.06.25,,7,4.48,,full time,Onsite,,2026-07-27 20:13:05,OK
2874,Priya,Rao,Priya Rao,25,male,IT,Executive,30838,,johngmail.com,,,Addr 1874,Chennai,Maharashtra,India,ABCDE,13/10/2020,,8,2.02,,full time,Hybrid,O+,2026-07-27 20:13:05,N/A
2875,Neha,Verma,Neha Verma,55,Female,Finance,Analyst,54842,19737.0,abc.com,12345,,Addr 1875,Hyderabad,Maharashtra,India,411001,2016.06.04,,13,3.34,,Contract,Remote,AB+,2026-07-27 20:13:05,OK
2876,Sneha,Rao,Sneha Rao,25,Male,Marketing,Manager,44676,3087.0,abc@,9874081173,,Addr 1876,Chennai,Maharashtra,India,560001,14/09/2021,,16,1.58,,full time,Hybrid,B+,2026-07-27 20:13:05,none
2877,Ananya,Kumar,Ananya Kumar,58,Female,Marketing,Manager,60745,,abc@,abcdefghij,,Addr 1877,  Bangalore,Maharashtra,India,411001,15/07/2021,,3,3.28,,Full Time,Onsite,AB+,2026-07-27 20:13:05,OK
2878,Arjun,Kumar,Arjun Kumar,54,Female,Marketing,Analyst,102302,,@@gmail.com,9409386547,,Addr 1878,Hyderabad,Maharashtra,India,ABCDE,2032-01-01,,20,4.38,,Full Time,Onsite,O+,2026-07-27 20:13:05,unknown
2879,Rohit,Das,Rohit Das,23,MALE,Marketing,Executive,33597,2549.0,@@gmail.com,9609446150,,Addr 1879, Mumbai,Maharashtra,India,ABCDE,2018.06.07,,1,2.67,,Contract,Hybrid,AB+,2026-07-27 20:13:05,?
2880,Rahul,Joshi,Rahul Joshi,60,Male,it,Analyst,121256,11807.0,johngmail.com,abcdefghij,,Addr 1880,  Bangalore,Maharashtra,India,123,30/04/2015,,14,1.61,,Contract,Onsite,A+,2026-07-27 20:13:05,N/A
2881,Sneha,Verma,Sneha Verma,57,female,Marketing,Engineer,33526,14847.0,@@gmail.com,9714243211,,Addr 1881,Kolkata,Maharashtra,India,411001,05/12/2015,,13,3.59,,Contract,Remote,B+,2026-07-27 20:13:05,?
2882,Ananya,Singh,Ananya Singh,27,F,HR,Manager,99999999,9623.0,@@gmail.com,12345,,Addr 1882,Chennai,Maharashtra,India,ABCDE,2032-01-01,,8,3.53,,full time,Hybrid,O+,2026-07-27 20:13:05,?
2883,Rohit,Rao,Rohit Rao,23,female,Sales,Engineer,123785,19224.0,abc.com,abcdefghij,,Addr 1883,Delhi ,Maharashtra,India,ABCDE,2019.08.23,,14,3.16,,Contract,Onsite,A+,2026-07-27 20:13:05,?
2884,Ananya,Gupta,Ananya Gupta,60,female,Information Technology,Analyst,98107,4750.0,@@gmail.com,abcdefghij,,Addr 1884,Pune,Maharashtra,India,560001,2022-12-28,,1,1.01,,full time,Hybrid,AB+,2026-07-27 20:13:05,N/A
2885,Vikram,Rao,Vikram Rao,44,MALE,Sales,Analyst,144527,14075.0,abc@,,,Addr 1885,Pune,Maharashtra,India,ABCDE,20/10/2019,,8,2.13,,Full Time,Remote,,2026-07-27 20:13:05,OK
2886,Vikram,Verma,Vikram Verma,38,Female,Finance,Engineer,81390,13613.0,abc@,12345,,Addr 1886, Mumbai,Maharashtra,India,411001,2017.01.25,,2,3.52,,Full Time,Onsite,B+,2026-07-27 20:13:05,unknown
2887,Vikram,Patel,Vikram Patel,49,Male,I.T.,Executive,92235,11050.0,johngmail.com,999999999999999,,Addr 1887,Pune,Maharashtra,India,560001,22/02/2024,,5,2.38,,Contract,Hybrid,,2026-07-27 20:13:05,unknown
2888,John,Singh,John Singh,41,female,Operations,Analyst,0,9974.0,john.singh@example.com,abcdefghij,,Addr 1888,  Bangalore,Maharashtra,India,123,2032-01-01,,15,3.36,,Full Time,Hybrid,A+,2026-07-27 20:13:05,none
2889,Neha,Mehta,Neha Mehta,28,Male,it,Engineer,64170,3553.0,abc.com,,,Addr 1889,Delhi ,Maharashtra,India,411001,2017-12-11,,13,4.38,,Full Time,Onsite,AB+,2026-07-27 20:13:05,OK
2890,John,Rao,John Rao,28,MALE,Finance,Analyst,62171,12453.0,abc@,999999999999999,,Addr 1890,Chennai,Maharashtra,India,123,2017-10-28,,11,4.52,,Full Time,Remote,AB+,2026-07-27 20:13:05,?
2891,Rohit,Mehta,Rohit Mehta,26,male,Finance,Engineer,96431,,abc.com,9071957145,,Addr 1891,Delhi ,Maharashtra,India,123,2015-01-30,,8,3.33,,Contract,Onsite,O+,2026-07-27 20:13:05,unknown
2892,Rohit,Singh,Rohit Singh,34,M,it,Engineer,91210,13912.0,johngmail.com,999999999999999,,Addr 1892,Kolkata,Maharashtra,India,123,31/01/2021,,14,3.85,,Full Time,Onsite,A+,2026-07-27 20:13:05,none
2893,Kiran,Sharma,Kiran Sharma,40,female,Marketing,Analyst,30420,1224.0,johngmail.com,,,Addr 1893,  Bangalore,Maharashtra,India,ABCDE,10/02/2020,,1,1.11,,full time,Onsite,AB+,2026-07-27 20:13:05,N/A
2894,Sara,Verma,Sara Verma,32,male,HR,Executive,85931,11616.0,sara.verma@example.com,999999999999999,,Addr 1894, Mumbai,Maharashtra,India,123,22/01/2024,,10,4.37,,Full Time,Hybrid,O+,2026-07-27 20:13:05,unknown
2895,Kiran,Singh,Kiran Singh,43,F,HR,Executive,130776,13096.0,kiran.singh@example.com,999999999999999,,Addr 1895,Kolkata,Maharashtra,India,411001,2015-08-03,,19,3.25,,Contract,Hybrid,B+,2026-07-27 20:13:05,?
2896,Arjun,Sharma,Arjun Sharma,37,female,HR,Engineer,80692,3256.0,abc.com,abcdefghij,,Addr 1896,Delhi ,Maharashtra,India,ABCDE,2032-01-01,,1,1.17,,Full Time,Onsite,,2026-07-27 20:13:05,N/A
2897,Amit,Singh,Amit Singh,44,F,Operations,Manager,108237,19780.0,@@gmail.com,999999999999999,,Addr 1897,Delhi ,Maharashtra,India,ABCDE,2020.11.02,,19,2.78,,full time,Hybrid,O+,2026-07-27 20:13:05,unknown
2898,Priya,Verma,Priya Verma,53,female,Sales,Executive,54659,14364.0,johngmail.com,9570310122,,Addr 1898, Mumbai,Maharashtra,India,ABCDE,2032-01-01,,11,4.14,,Contract,Onsite,O+,2026-07-27 20:13:05,N/A
2899,Priya,Mehta,Priya Mehta,34,F,Sales,Analyst,129332,15878.0,@@gmail.com,12345,,Addr 1899,Delhi ,Maharashtra,India,ABCDE,2018.03.22,,9,1.86,,Contract,Remote,O+,2026-07-27 20:13:05,N/A
2900,Sneha,Verma,Sneha Verma,52,male,Finance,Executive,141389,,johngmail.com,abcdefghij,,Addr 1900,  Bangalore,Maharashtra,India,411001,2015-09-20,,17,1.19,,Full Time,Remote,B+,2026-07-27 20:13:05,OK
2901,Amit,Verma,Amit Verma,34,Female,Sales,Analyst,42652,14681.0,abc.com,abcdefghij,,Addr 1901, Mumbai,Maharashtra,India,ABCDE,2032-01-01,,7,3.51,,full time,Onsite,B+,2026-07-27 20:13:05,OK
2902,Arjun,Mehta,Arjun Mehta,51,Male,Sales,Engineer,46336,13870.0,johngmail.com,,,Addr 1902,Pune,Maharashtra,India,ABCDE,01/08/2018,,13,3.15,,Full Time,Remote,B+,2026-07-27 20:13:05,?
2903,Neha,Joshi,Neha Joshi,47,Female,IT,Manager,80711,19436.0,abc@,12345,,Addr 1903,Chennai,Maharashtra,India,411001,2018.12.26,,9,2.36,,Full Time,Hybrid,,2026-07-27 20:13:05,?
2904,Vikram,Verma,Vikram Verma,32,male,Sales,Executive,118592,1476.0,abc.com,9998689195,,Addr 1904,  Bangalore,Maharashtra,India,560001,2032-01-01,,18,4.96,,Contract,Onsite,,2026-07-27 20:13:05,none
2905,Neha,Kumar,Neha Kumar,28,female,Finance,Executive,45428,3735.0,abc.com,abcdefghij,,Addr 1905,Hyderabad,Maharashtra,India,560001,19/03/2016,,14,1.84,,Full Time,Remote,B+,2026-07-27 20:13:05,?
2906,Rahul,Verma,Rahul Verma,58,Female,Marketing,Executive,95748,18466.0,@@gmail.com,999999999999999,,Addr 1906,Delhi ,Maharashtra,India,411001,2020.08.29,,19,2.01,,full time,Remote,,2026-07-27 20:13:05,?
2907,Sara,Joshi,Sara Joshi,33,Male,IT,Analyst,94916,,sara.joshi@example.com,,,Addr 1907,Hyderabad,Maharashtra,India,123,2032-01-01,,19,2.81,,Full Time,Hybrid,,2026-07-27 20:13:05,unknown
2908,Neha,Mehta,Neha Mehta,37,Female,Finance,Analyst,43293,18963.0,johngmail.com,abcdefghij,,Addr 1908,Pune,Maharashtra,India,411001,2016.10.21,,3,4.19,,full time,Onsite,A+,2026-07-27 20:13:05,unknown
2909,Rahul,Joshi,Rahul Joshi,43,Male,Information Technology,Manager,92809,6293.0,abc.com,999999999999999,,Addr 1909, Mumbai,Maharashtra,India,123,2023.10.31,,7,3.8,,Contract,Remote,O+,2026-07-27 20:13:05,unknown
2910,Neha,Gupta,Neha Gupta,39,male,Finance,Engineer,40965,10058.0,abc@,,,Addr 1910,Kolkata,Maharashtra,India,ABCDE,2023-02-13,,18,1.39,,Contract,Onsite,A+,2026-07-27 20:13:05,N/A
2911,Amit,Mehta,Amit Mehta,45,M,Information Technology,Analyst,132150,2282.0,abc.com,999999999999999,,Addr 1911,Chennai,Maharashtra,India,ABCDE,2023.10.14,,3,4.32,,Contract,Hybrid,,2026-07-27 20:13:05,OK
2912,Priya,Das,Priya Das,36,Male,Operations,Engineer,140832,7678.0,abc@,999999999999999,,Addr 1912,Kolkata,Maharashtra,India,560001,2018.10.31,,17,2.84,,full time,Remote,AB+,2026-07-27 20:13:05,OK
2913,Ananya,Verma,Ananya Verma,41,male,HR,Manager,-50000,7106.0,@@gmail.com,9696474133,,Addr 1913,Pune,Maharashtra,India,123,2015-05-26,,19,2.66,,Full Time,Onsite,O+,2026-07-27 20:13:05,none
2914,Sara,Mehta,Sara Mehta,48,male,Information Technology,Analyst,57822,,abc.com,abcdefghij,,Addr 1914, Mumbai,Maharashtra,India,560001,2032-01-01,,15,1.35,,full time,Hybrid,AB+,2026-07-27 20:13:05,N/A
2915,Sneha,Patel,Sneha Patel,41,male,I.T.,Manager,145520,8088.0,@@gmail.com,,,Addr 1915,Kolkata,Maharashtra,India,560001,2023.05.18,,14,2.82,,Contract,Remote,B+,2026-07-27 20:13:05,unknown
2916,Amit,Patel,Amit Patel,21,female,Marketing,Analyst,0,5707.0,abc@,12345,,Addr 1916,Pune,Maharashtra,India,560001,2022.07.03,,0,1.43,,Full Time,Remote,AB+,2026-07-27 20:13:05,OK
2917,Neha,Mehta,Neha Mehta,27,F,IT,Analyst,109325,7586.0,johngmail.com,abcdefghij,,Addr 1917, Mumbai,Maharashtra,India,560001,2032-01-01,,13,3.04,,full time,Onsite,AB+,2026-07-27 20:13:05,?
2918,John,Mehta,John Mehta,32,M,it,Executive,30624,3916.0,abc@,999999999999999,,Addr 1918,Pune,Maharashtra,India,ABCDE,2032-01-01,,15,1.48,,Contract,Hybrid,A+,2026-07-27 20:13:05,unknown
2919,Kiran,Mehta,Kiran Mehta,55,MALE,Information Technology,Analyst,76489,5036.0,johngmail.com,999999999999999,,Addr 1919,Hyderabad,Maharashtra,India,ABCDE,27/12/2021,,16,2.83,,full time,Onsite,AB+,2026-07-27 20:13:05,OK
2920,Arjun,Patel,Arjun Patel,180,Male,Sales,Manager,54902,12054.0,johngmail.com,9890885069,,Addr 1920, Mumbai,Maharashtra,India,411001,13/06/2023,,9,3.94,,full time,Onsite,A+,2026-07-27 20:13:05,OK
2921,Amit,Sharma,Amit Sharma,22,F,I.T.,Manager,111962,12882.0,abc.com,12345,,Addr 1921,Pune,Maharashtra,India,ABCDE,16/07/2016,,11,3.94,,Full Time,Remote,B+,2026-07-27 20:13:05,none
2922,Rohit,Gupta,Rohit Gupta,27,female,Information Technology,Manager,111270,16387.0,abc@,,,Addr 1922,Kolkata,Maharashtra,India,ABCDE,30/07/2022,,12,1.03,,Contract,Onsite,O+,2026-07-27 20:13:05,N/A
2923,Amit,Gupta,Amit Gupta,47,MALE,Information Technology,Analyst,64107,13347.0,@@gmail.com,9743062068,,Addr 1923,Delhi ,Maharashtra,India,123,2023-08-22,,18,3.02,,full time,Remote,A+,2026-07-27 20:13:05,N/A
2924,Kiran,Kumar,Kiran Kumar,21,F,IT,Analyst,114787,4920.0,@@gmail.com,12345,,Addr 1924,Pune,Maharashtra,India,123,2015-11-21,,14,4.01,,full time,Onsite,O+,2026-07-27 20:13:05,OK
2925,Arjun,Mehta,Arjun Mehta,31,M,Information Technology,Manager,146239,1195.0,abc@,999999999999999,,Addr 1925,Kolkata,Maharashtra,India,ABCDE,2017.09.06,,1,3.08,,Contract,Hybrid,A+,2026-07-27 20:13:05,?
2926,Neha,Verma,Neha Verma,33,M,IT,Analyst,117127,2234.0,abc@,abcdefghij,,Addr 1926, Mumbai,Maharashtra,India,123,12/09/2017,,16,2.4,,full time,Remote,O+,2026-07-27 20:13:05,?
2927,Rohit,Patel,Rohit Patel,39,F,Finance,Executive,95592,16691.0,rohit.patel@example.com,abcdefghij,,Addr 1927,Hyderabad,Maharashtra,India,123,2023-12-17,,3,3.2,,Contract,Remote,A+,2026-07-27 20:13:05,OK
2928,Priya,Mehta,Priya Mehta,33,F,Sales,Manager,113079,14015.0,abc.com,12345,,Addr 1928,Chennai,Maharashtra,India,ABCDE,2019.04.22,,13,1.91,,Full Time,Hybrid,AB+,2026-07-27 20:13:05,?
2929,Vikram,Sharma,Vikram Sharma,46,Female,I.T.,Executive,112955,9999.0,johngmail.com,abcdefghij,,Addr 1929,  Bangalore,Maharashtra,India,560001,2016-08-08,,11,4.9,,Full Time,Onsite,O+,2026-07-27 20:13:05,?
2930,Neha,Sharma,Neha Sharma,32,Female,I.T.,Engineer,122314,,@@gmail.com,abcdefghij,,Addr 1930,  Bangalore,Maharashtra,India,560001,2022.01.12,,4,4.19,,Contract,Hybrid,B+,2026-07-27 20:13:05,unknown
2931,Kiran,Sharma,Kiran Sharma,250,M,Marketing,Manager,77146,,@@gmail.com,999999999999999,,Addr 1931,Kolkata,Maharashtra,India,560001,2032-01-01,,2,2.91,,full time,Onsite,A+,2026-07-27 20:13:05,?
2932,John,Rao,John Rao,47,MALE,it,Manager,34057,18111.0,johngmail.com,,,Addr 1932,  Bangalore,Maharashtra,India,ABCDE,28/03/2021,,8,2.02,,full time,Remote,O+,2026-07-27 20:13:05,unknown
2933,Ananya,Verma,Ananya Verma,52,F,Operations,Manager,59155,14432.0,abc@,abcdefghij,,Addr 1933,Pune,Maharashtra,India,560001,16/07/2024,,6,1.27,,Contract,Remote,A+,2026-07-27 20:13:05,?
2934,Rahul,Rao,Rahul Rao,54,M,HR,Executive,121430,12895.0,abc.com,abcdefghij,,Addr 1934,Chennai,Maharashtra,India,560001,2019-10-01,,5,4.33,,full time,Hybrid,O+,2026-07-27 20:13:05,?
2935,Sara,Mehta,Sara Mehta,41,M,Marketing,Executive,73931,4674.0,sara.mehta@example.com,,,Addr 1935,Kolkata,Maharashtra,India,ABCDE,2016.02.18,,18,2.69,,Contract,Onsite,B+,2026-07-27 20:13:05,?
2936,Amit,Joshi,Amit Joshi,29,MALE,Operations,Executive,33706,8787.0,abc@,,,Addr 1936,  Bangalore,Maharashtra,India,ABCDE,2023-02-03,,8,1.82,,Full Time,Remote,,2026-07-27 20:13:05,none
2937,John,Das,John Das,29,F,Information Technology,Engineer,61515,18830.0,abc.com,999999999999999,,Addr 1937,Delhi ,Maharashtra,India,123,2021-01-21,,3,4.57,,Full Time,Hybrid,AB+,2026-07-27 20:13:05,unknown
2938,Sara,Sharma,Sara Sharma,49,Female,Operations,Engineer,137067,2521.0,abc.com,999999999999999,,Addr 1938, Mumbai,Maharashtra,India,560001,2016-08-29,,19,4.05,,Full Time,Onsite,B+,2026-07-27 20:13:05,none
2939,Vikram,Mehta,Vikram Mehta,33,M,I.T.,Executive,84350,,abc@,999999999999999,,Addr 1939,Chennai,Maharashtra,India,123,13/12/2020,,12,3.49,,full time,Hybrid,,2026-07-27 20:13:05,none
2940,Ananya,Kumar,Ananya Kumar,37,Male,I.T.,Analyst,51476,16476.0,ananya.kumar@example.com,12345,,Addr 1940,Delhi ,Maharashtra,India,123,2021-02-07,,17,3.97,,Contract,Onsite,,2026-07-27 20:13:05,none
2941,John,Rao,John Rao,58,female,Sales,Engineer,146280,19907.0,abc@,9870741420,,Addr 1941, Mumbai,Maharashtra,India,123,2019.12.16,,6,3.21,,Contract,Remote,,2026-07-27 20:13:05,OK
2942,Arjun,Sharma,Arjun Sharma,40,M,it,Executive,55692,15419.0,abc@,9362733089,,Addr 1942, Mumbai,Maharashtra,India,123,2018.04.14,,9,2.24,,Contract,Onsite,O+,2026-07-27 20:13:05,N/A
2943,Amit,Patel,Amit Patel,23,F,Sales,Analyst,80729,4333.0,johngmail.com,,,Addr 1943,Hyderabad,Maharashtra,India,123,2032-01-01,,14,2.68,,full time,Remote,,2026-07-27 20:13:05,none
2944,Sneha,Patel,Sneha Patel,34,female,Sales,Executive,51363,14036.0,abc@,,,Addr 1944,Chennai,Maharashtra,India,123,2016.01.15,,0,1.1,,Full Time,Hybrid,O+,2026-07-27 20:13:05,unknown
2945,Priya,Joshi,Priya Joshi,45,female,HR,Engineer,79069,6124.0,johngmail.com,,,Addr 1945,Hyderabad,Maharashtra,India,ABCDE,13/10/2019,,18,3.8,,full time,Remote,AB+,2026-07-27 20:13:05,OK
2946,Priya,Singh,Priya Singh,46,female,IT,Executive,118050,6002.0,@@gmail.com,999999999999999,,Addr 1946,  Bangalore,Maharashtra,India,123,2032-01-01,,12,4.46,,full time,Remote,B+,2026-07-27 20:13:05,unknown
2947,Priya,Mehta,Priya Mehta,47,female,it,Engineer,87843,10364.0,johngmail.com,9585785645,,Addr 1947,Kolkata,Maharashtra,India,ABCDE,2020.08.31,,4,2.79,,Full Time,Hybrid,AB+,2026-07-27 20:13:05,none
2948,John,Verma,John Verma,56,MALE,Information Technology,Executive,54063,17073.0,abc@,abcdefghij,,Addr 1948,Chennai,Maharashtra,India,411001,2024.07.03,,9,3.24,,full time,Onsite,AB+,2026-07-27 20:13:05,?
2949,Arjun,Das,Arjun Das,58,M,Information Technology,Engineer,98665,6867.0,johngmail.com,999999999999999,,Addr 1949,Chennai,Maharashtra,India,123,28/07/2019,,0,2.32,,Contract,Remote,O+,2026-07-27 20:13:05,?
2950,Rohit,Mehta,Rohit Mehta,25,M,HR,Analyst,73313,14260.0,@@gmail.com,,,Addr 1950, Mumbai,Maharashtra,India,560001,2019-07-11,,17,3.99,,Contract,Hybrid,,2026-07-27 20:13:05,?
2951,Sneha,Patel,Sneha Patel,47,F,IT,Engineer,134839,12466.0,abc.com,12345,,Addr 1951,  Bangalore,Maharashtra,India,123,2022-03-02,,4,2.05,,full time,Hybrid,O+,2026-07-27 20:13:05,N/A
2952,Sara,Gupta,Sara Gupta,56,M,HR,Analyst,101171,1186.0,abc@,12345,,Addr 1952,Pune,Maharashtra,India,123,2019-01-19,,1,3.88,,Contract,Hybrid,AB+,2026-07-27 20:13:05,unknown
2953,Sneha,Joshi,Sneha Joshi,36,MALE,HR,Manager,60000,3237.0,abc@,,,Addr 1953, Mumbai,Maharashtra,India,123,2020-01-04,,16,2.09,,Contract,Onsite,AB+,2026-07-27 20:13:05,N/A
2954,Amit,Gupta,Amit Gupta,41,Female,Finance,Analyst,92152,7211.0,johngmail.com,,,Addr 1954,Hyderabad,Maharashtra,India,411001,2023-10-07,,12,2.6,,Full Time,Onsite,O+,2026-07-27 20:13:05,?
2955,Rohit,Singh,Rohit Singh,30,F,Marketing,Analyst,73463,18429.0,abc.com,9987244463,,Addr 1955, Mumbai,Maharashtra,India,123,12/08/2015,,1,3.32,,Full Time,Hybrid,O+,2026-07-27 20:13:05,none
2956,Neha,Gupta,Neha Gupta,54,Male,Information Technology,Manager,53811,3424.0,@@gmail.com,9128513684,,Addr 1956,Delhi ,Maharashtra,India,123,2024-04-11,,12,3.68,,Full Time,Remote,AB+,2026-07-27 20:13:05,OK
2957,Rahul,Kumar,Rahul Kumar,44,Male,IT,Engineer,50764,15120.0,rahul.kumar@example.com,999999999999999,,Addr 1957,Delhi ,Maharashtra,India,123,2032-01-01,,8,4.99,,Full Time,Remote,A+,2026-07-27 20:13:05,N/A
2958,Amit,Singh,Amit Singh,43,F,Finance,Manager,86972,16764.0,abc@,abcdefghij,,Addr 1958,Kolkata,Maharashtra,India,123,2032-01-01,,17,1.59,,full time,Remote,A+,2026-07-27 20:13:05,N/A
2959,John,Patel,John Patel,44,Female,it,Manager,52072,1686.0,johngmail.com,999999999999999,,Addr 1959,Pune,Maharashtra,India,560001,2032-01-01,,19,3.81,,Contract,Onsite,B+,2026-07-27 20:13:05,unknown
2960,Arjun,Joshi,Arjun Joshi,51,MALE,Operations,Engineer,140054,14605.0,abc.com,abcdefghij,,Addr 1960,Hyderabad,Maharashtra,India,560001,15/05/2018,,18,4.78,,full time,Onsite,O+,2026-07-27 20:13:05,unknown
2961,Rohit,Singh,Rohit Singh,21,F,IT,Manager,102717,17496.0,johngmail.com,9263275027,,Addr 1961,Hyderabad,Maharashtra,India,ABCDE,2032-01-01,,9,1.74,,Contract,Remote,B+,2026-07-27 20:13:05,N/A
2962,Rohit,Das,Rohit Das,54,F,it,Engineer,86976,11078.0,abc.com,,,Addr 1962,Kolkata,Maharashtra,India,560001,2024.02.17,,7,3.98,,Contract,Remote,O+,2026-07-27 20:13:05,?
2963,Amit,Singh,Amit Singh,22,male,Information Technology,Engineer,145693,17671.0,johngmail.com,abcdefghij,,Addr 1963, Mumbai,Maharashtra,India,ABCDE,08/07/2021,,1,3.17,,Full Time,Onsite,O+,2026-07-27 20:13:05,?
2964,Rahul,Kumar,Rahul Kumar,39,M,Marketing,Engineer,45274,1508.0,rahul.kumar@example.com,9478247599,,Addr 1964,Kolkata,Maharashtra,India,411001,2032-01-01,,6,3.27,,full time,Hybrid,O+,2026-07-27 20:13:05,OK
2965,Sara,Rao,Sara Rao,53,MALE,Operations,Executive,53961,7450.0,sara.rao@example.com,999999999999999,,Addr 1965,Kolkata,Maharashtra,India,ABCDE,10/10/2020,,14,4.14,,Full Time,Onsite,O+,2026-07-27 20:13:05,N/A
2966,Arjun,Patel,Arjun Patel,48,Female,Finance,Analyst,69292,14621.0,johngmail.com,abcdefghij,,Addr 1966,Pune,Maharashtra,India,411001,2022-05-31,,0,4.35,,Full Time,Remote,AB+,2026-07-27 20:13:05,unknown
2967,Neha,Das,Neha Das,27,Male,Operations,Manager,53369,6912.0,abc@,12345,,Addr 1967,Delhi ,Maharashtra,India,123,2020-09-22,,3,2.37,,Full Time,Hybrid,AB+,2026-07-27 20:13:05,?
2968,Sneha,Das,Sneha Das,48,Male,IT,Engineer,146285,3827.0,sneha.das@example.com,12345,,Addr 1968,Delhi ,Maharashtra,India,411001,2021.01.16,,1,1.51,,Contract,Onsite,AB+,2026-07-27 20:13:05,N/A
2969,Priya,Joshi,Priya Joshi,43,female,it,Engineer,95978,17327.0,@@gmail.com,12345,,Addr 1969,  Bangalore,Maharashtra,India,411001,2022.11.04,,8,2.02,,Contract,Onsite,O+,2026-07-27 20:13:05,OK
2970,Priya,Singh,Priya Singh,36,Female,Sales,Analyst,101979,6798.0,abc.com,999999999999999,,Addr 1970, Mumbai,Maharashtra,India,ABCDE,2032-01-01,,1,1.27,,full time,Hybrid,B+,2026-07-27 20:13:05,?
2971,Rahul,Joshi,Rahul Joshi,57,M,Information Technology,Manager,60533,,rahul.joshi@example.com,,,Addr 1971,Chennai,Maharashtra,India,411001,2032-01-01,,0,2.2,,Contract,Hybrid,,2026-07-27 20:13:05,?
2972,Rahul,Gupta,Rahul Gupta,27,Male,it,Manager,46995,1570.0,johngmail.com,,,Addr 1972,  Bangalore,Maharashtra,India,123,12/01/2019,,6,3.76,,Full Time,Remote,O+,2026-07-27 20:13:05,none
2973,Amit,Kumar,Amit Kumar,58,Male,it,Executive,92241,13933.0,abc.com,12345,,Addr 1973,Pune,Maharashtra,India,560001,22/01/2022,,10,4.1,,Contract,Remote,A+,2026-07-27 20:13:05,OK
2974,Neha,Joshi,Neha Joshi,56,F,Operations,Analyst,62192,10497.0,abc.com,12345,,Addr 1974,Pune,Maharashtra,India,ABCDE,2032-01-01,,5,4.74,,full time,Onsite,B+,2026-07-27 20:13:05,unknown
2975,Rahul,Das,Rahul Das,33,male,it,Engineer,41656,16526.0,rahul.das@example.com,9771103402,,Addr 1975,  Bangalore,Maharashtra,India,ABCDE,2032-01-01,,2,2.99,,full time,Hybrid,O+,2026-07-27 20:13:05,OK
2976,Ananya,Gupta,Ananya Gupta,54,Male,IT,Engineer,-50000,3956.0,abc@,9302148904,,Addr 1976,Pune,Maharashtra,India,411001,29/09/2015,,20,3.28,,Full Time,Hybrid,,2026-07-27 20:13:05,OK
2977,Kiran,Verma,Kiran Verma,30,MALE,Finance,Manager,123150,10469.0,@@gmail.com,,,Addr 1977,Chennai,Maharashtra,India,ABCDE,24/03/2020,,12,4.78,,Contract,Hybrid,O+,2026-07-27 20:13:05,?
2978,Rahul,Gupta,Rahul Gupta,50,female,Information Technology,Manager,109819,17741.0,abc@,,,Addr 1978,Chennai,Maharashtra,India,560001,2016-03-03,,4,2.51,,full time,Onsite,,2026-07-27 20:13:05,none
2979,Priya,Rao,Priya Rao,57,F,I.T.,Executive,118349,,abc.com,999999999999999,,Addr 1979,  Bangalore,Maharashtra,India,123,2032-01-01,,15,2.73,,Full Time,Onsite,,2026-07-27 20:13:05,OK
2980,Rahul,Das,Rahul Das,47,Female,I.T.,Manager,62530,8700.0,abc@,,,Addr 1980,Hyderabad,Maharashtra,India,560001,2018.07.26,,14,1.21,,Full Time,Onsite,,2026-07-27 20:13:05,unknown
2981,Arjun,Rao,Arjun Rao,44,male,Information Technology,Executive,57539,9144.0,abc@,9058789288,,Addr 1981, Mumbai,Maharashtra,India,ABCDE,2015.01.13,,10,4.11,,full time,Hybrid,,2026-07-27 20:13:05,N/A
2982,Rahul,Kumar,Rahul Kumar,52,F,IT,Executive,106298,1332.0,johngmail.com,9231543449,,Addr 1982,Hyderabad,Maharashtra,India,560001,2020.11.10,,14,1.01,,Contract,Hybrid,,2026-07-27 20:13:05,?
2983,Ananya,Patel,Ananya Patel,31,MALE,it,Analyst,79431,7620.0,johngmail.com,12345,,Addr 1983,Delhi ,Maharashtra,India,411001,2032-01-01,,5,3.24,,full time,Remote,A+,2026-07-27 20:13:05,N/A
2984,Amit,Patel,Amit Patel,46,M,Operations,Engineer,143478,17738.0,johngmail.com,12345,,Addr 1984,Chennai,Maharashtra,India,411001,2032-01-01,,2,4.64,,Contract,Onsite,A+,2026-07-27 20:13:05,N/A
2985,Amit,Patel,Amit Patel,56,Female,Marketing,Engineer,55008,13608.0,amit.patel@example.com,999999999999999,,Addr 1985,Kolkata,Maharashtra,India,123,2017.09.19,,9,2.31,,Full Time,Remote,B+,2026-07-27 20:13:05,unknown
2986,Sneha,Gupta,Sneha Gupta,40,female,Information Technology,Analyst,83237,7435.0,johngmail.com,9338648650,,Addr 1986,  Bangalore,Maharashtra,India,123,2015.11.04,,6,2.3,,full time,Onsite,A+,2026-07-27 20:13:05,OK
2987,Kiran,Patel,Kiran Patel,46,MALE,Operations,Engineer,115365,14992.0,johngmail.com,abcdefghij,,Addr 1987,Kolkata,Maharashtra,India,123,2032-01-01,,8,4.08,,Full Time,Onsite,O+,2026-07-27 20:13:05,N/A
2988,Sneha,Sharma,Sneha Sharma,-5,MALE,Information Technology,Analyst,146290,7837.0,abc.com,9294651327,,Addr 1988,Pune,Maharashtra,India,411001,2021.05.26,,19,3.62,,Full Time,Remote,AB+,2026-07-27 20:13:05,unknown
2989,Neha,Kumar,Neha Kumar,22,female,it,Engineer,50739,12874.0,neha.kumar@example.com,12345,,Addr 1989,Delhi ,Maharashtra,India,ABCDE,22/12/2017,,17,2.71,,full time,Onsite,A+,2026-07-27 20:13:05,OK
2990,Sara,Gupta,Sara Gupta,57,female,Information Technology,Manager,127515,7943.0,sara.gupta@example.com,12345,,Addr 1990,Delhi ,Maharashtra,India,123,2016-11-22,,13,2.98,,Full Time,Hybrid,AB+,2026-07-27 20:13:05,?
2991,Priya,Gupta,Priya Gupta,60,Male,Operations,Manager,143658,8484.0,@@gmail.com,abcdefghij,,Addr 1991,  Bangalore,Maharashtra,India,ABCDE,2032-01-01,,4,3.87,,full time,Onsite,A+,2026-07-27 20:13:05,unknown
2992,Sara,Sharma,Sara Sharma,38,F,Operations,Executive,139132,6432.0,abc.com,,,Addr 1992, Mumbai,Maharashtra,India,411001,2032-01-01,,6,2.5,,Contract,Hybrid,A+,2026-07-27 20:13:05,N/A
2993,Rohit,Rao,Rohit Rao,49,male,I.T.,Manager,48226,9264.0,abc@,abcdefghij,,Addr 1993,Delhi ,Maharashtra,India,411001,2024.07.27,,10,5.0,,Contract,Hybrid,,2026-07-27 20:13:05,unknown
2994,Ananya,Joshi,Ananya Joshi,180,MALE,Information Technology,Executive,58158,3554.0,ananya.joshi@example.com,12345,,Addr 1994, Mumbai,Maharashtra,India,ABCDE,07/11/2021,,8,2.2,,full time,Onsite,,2026-07-27 20:13:05,N/A
2995,Arjun,Joshi,Arjun Joshi,58,MALE,Sales,Engineer,115471,15731.0,johngmail.com,999999999999999,,Addr 1995,  Bangalore,Maharashtra,India,ABCDE,2016.05.01,,0,1.41,,full time,Remote,B+,2026-07-27 20:13:05,OK
2996,Arjun,Singh,Arjun Singh,49,Male,Finance,Analyst,92380,17973.0,@@gmail.com,abcdefghij,,Addr 1996,Kolkata,Maharashtra,India,560001,24/05/2022,,1,4.44,,Contract,Remote,,2026-07-27 20:13:05,N/A
2997,Rahul,Das,Rahul Das,21,Female,it,Manager,34719,5239.0,@@gmail.com,999999999999999,,Addr 1997,Hyderabad,Maharashtra,India,411001,12/03/2022,,1,3.92,,full time,Onsite,B+,2026-07-27 20:13:05,none
2998,Kiran,Sharma,Kiran Sharma,22,Male,I.T.,Manager,103587,5462.0,@@gmail.com,12345,,Addr 1998, Mumbai,Maharashtra,India,560001,2016-11-17,,7,1.71,,Full Time,Hybrid,A+,2026-07-27 20:13:05,none
2999,Rahul,Das,Rahul Das,21,male,Operations,Engineer,133149,13444.0,abc.com,abcdefghij,,Addr 1999,Kolkata,Maharashtra,India,ABCDE,2020-04-23,,17,2.31,,full time,Remote,B+,2026-07-27 20:13:05,N/A
3000,John,Kumar,John Kumar,23,Male,Operations,Analyst,44364,15484.0,john.kumar@example.com,999999999999999,,Addr 2000, Mumbai,Maharashtra,India,123,2019-09-03,,3,1.58,,Contract,Onsite,AB+,2026-07-27 20:13:05,none
3001,Arjun,Kumar,Arjun Kumar,35,female,I.T.,Executive,116555,17064.0,arjun.kumar@example.com,9542959957,,Addr 2001,Kolkata,Maharashtra,India,123,2032-01-01,,20,2.99,,Full Time,Hybrid,A+,2026-07-27 20:13:05,none
3002,Priya,Sharma,Priya Sharma,35,M,HR,Analyst,44995,16407.0,abc@,999999999999999,,Addr 2002,  Bangalore,Maharashtra,India,ABCDE,2017-08-09,,20,2.09,,Full Time,Onsite,AB+,2026-07-27 20:13:05,OK
3003,Vikram,Patel,Vikram Patel,30,F,Information Technology,Engineer,121335,17391.0,abc.com,,,Addr 2003,Delhi ,Maharashtra,India,411001,2032-01-01,,6,1.93,,Contract,Hybrid,AB+,2026-07-27 20:13:05,unknown
3004,Rohit,Patel,Rohit Patel,34,F,Operations,Analyst,99999999,,rohit.patel@example.com,12345,,Addr 2004, Mumbai,Maharashtra,India,123,2018.02.15,,7,1.64,,full time,Hybrid,,2026-07-27 20:13:05,unknown
3005,Priya,Kumar,Priya Kumar,53,Male,Operations,Analyst,38527,4695.0,@@gmail.com,,,Addr 2005,Chennai,Maharashtra,India,123,25/10/2021,,0,4.9,,full time,Onsite,O+,2026-07-27 20:13:05,OK
3006,Rohit,Sharma,Rohit Sharma,23,Male,Marketing,Analyst,100901,18556.0,abc@,abcdefghij,,Addr 2006,Pune,Maharashtra,India,ABCDE,2021-10-27,,14,2.39,,full time,Onsite,,2026-07-27 20:13:05,none
3007,Rahul,Rao,Rahul Rao,28,M,Operations,Engineer,43704,13315.0,@@gmail.com,12345,,Addr 2007,Chennai,Maharashtra,India,560001,2018.02.13,,18,2.09,,Contract,Hybrid,,2026-07-27 20:13:05,N/A
3008,Kiran,Singh,Kiran Singh,48,M,Sales,Analyst,62212,16146.0,abc.com,,,Addr 2008,Kolkata,Maharashtra,India,560001,15/12/2015,,5,1.24,,Contract,Hybrid,A+,2026-07-27 20:13:05,N/A
3009,Rahul,Das,Rahul Das,28,M,Marketing,Manager,124156,11990.0,abc.com,9811912776,,Addr 2009,Delhi ,Maharashtra,India,411001,2022-01-14,,14,4.99,,full time,Hybrid,B+,2026-07-27 20:13:05,unknown
3010,Vikram,Das,Vikram Das,22,Male,Finance,Manager,75247,14477.0,@@gmail.com,999999999999999,,Addr 2010,Hyderabad,Maharashtra,India,123,2019-11-16,,19,2.56,,full time,Onsite,,2026-07-27 20:13:05,OK
3011,Priya,Mehta,Priya Mehta,58,Male,Sales,Analyst,69413,19725.0,johngmail.com,999999999999999,,Addr 2011,Kolkata,Maharashtra,India,ABCDE,2015-04-25,,14,4.6,,full time,Onsite,AB+,2026-07-27 20:13:05,?
3012,Sneha,Verma,Sneha Verma,40,male,IT,Manager,130447,17181.0,sneha.verma@example.com,999999999999999,,Addr 2012,  Bangalore,Maharashtra,India,ABCDE,2032-01-01,,7,2.31,,Contract,Onsite,AB+,2026-07-27 20:13:05,none
3013,Rahul,Patel,Rahul Patel,30,M,Information Technology,Executive,57042,8501.0,@@gmail.com,abcdefghij,,Addr 2013,Hyderabad,Maharashtra,India,411001,18/05/2021,,4,4.17,,full time,Remote,B+,2026-07-27 20:13:05,unknown
3014,John,Mehta,John Mehta,21,Male,it,Manager,114687,5345.0,john.mehta@example.com,9025304674,,Addr 2014,Kolkata,Maharashtra,India,560001,2016-07-13,,17,4.7,,Contract,Hybrid,B+,2026-07-27 20:13:05,N/A
3015,Priya,Patel,Priya Patel,53,male,Sales,Executive,140150,19204.0,johngmail.com,abcdefghij,,Addr 2015,Hyderabad,Maharashtra,India,ABCDE,2018-10-25,,11,1.6,,Contract,Onsite,AB+,2026-07-27 20:13:05,unknown
3016,Sneha,Kumar,Sneha Kumar,45,M,HR,Manager,57196,6275.0,sneha.kumar@example.com,9688070182,,Addr 2016,Kolkata,Maharashtra,India,123,2020.03.27,,15,2.05,,Contract,Remote,B+,2026-07-27 20:13:05,unknown
3017,Priya,Verma,Priya Verma,33,female,HR,Analyst,99999999,,abc.com,,,Addr 2017,Kolkata,Maharashtra,India,560001,01/03/2016,,11,1.81,,full time,Remote,A+,2026-07-27 20:13:05,?
3018,Priya,Verma,Priya Verma,44,female,Operations,Analyst,88243,12288.0,abc.com,12345,,Addr 2018,  Bangalore,Maharashtra,India,411001,2032-01-01,,12,2.24,,Full Time,Onsite,B+,2026-07-27 20:13:05,unknown
3019,Priya,Gupta,Priya Gupta,31,Male,Information Technology,Engineer,110426,1285.0,abc.com,9930676420,,Addr 2019,Chennai,Maharashtra,India,411001,2032-01-01,,7,1.3,,Full Time,Remote,,2026-07-27 20:13:05,OK
3020,Rahul,Mehta,Rahul Mehta,42,male,IT,Analyst,138534,14683.0,abc.com,999999999999999,,Addr 2020,Chennai,Maharashtra,India,ABCDE,27/05/2019,,14,4.09,,Contract,Remote,,2026-07-27 20:13:05,N/A
3021,Sara,Gupta,Sara Gupta,34,male,Finance,Analyst,101354,1728.0,johngmail.com,12345,,Addr 2021,Hyderabad,Maharashtra,India,123,03/02/2015,,17,3.27,,full time,Hybrid,B+,2026-07-27 20:13:05,OK
3022,Amit,Mehta,Amit Mehta,37,M,Finance,Engineer,83242,,abc.com,abcdefghij,,Addr 2022,Chennai,Maharashtra,India,123,2018.11.03,,8,2.82,,Contract,Hybrid,,2026-07-27 20:13:05,unknown
3023,Rohit,Joshi,Rohit Joshi,60,F,Finance,Analyst,40535,6803.0,rohit.joshi@example.com,9572991426,,Addr 2023,  Bangalore,Maharashtra,India,411001,22/10/2023,,6,4.16,,Full Time,Hybrid,B+,2026-07-27 20:13:05,none
3024,Amit,Das,Amit Das,46,Male,I.T.,Manager,76084,13023.0,abc@,999999999999999,,Addr 2024,Chennai,Maharashtra,India,ABCDE,2019-07-10,,19,4.85,,full time,Onsite,A+,2026-07-27 20:13:05,N/A
3025,Kiran,Gupta,Kiran Gupta,46,Female,Marketing,Manager,92767,7950.0,abc.com,9191938289,,Addr 2025,Hyderabad,Maharashtra,India,ABCDE,2023.02.16,,0,2.77,,Contract,Onsite,O+,2026-07-27 20:13:05,none
3026,John,Joshi,John Joshi,180,Female,Information Technology,Analyst,41356,5361.0,johngmail.com,999999999999999,,Addr 2026,Chennai,Maharashtra,India,ABCDE,2018.10.23,,7,4.27,,Full Time,Hybrid,O+,2026-07-27 20:13:05,unknown
3027,Vikram,Joshi,Vikram Joshi,38,Female,Operations,Analyst,34584,,@@gmail.com,9633845545,,Addr 2027,Pune,Maharashtra,India,ABCDE,08/12/2015,,4,1.29,,Contract,Onsite,,2026-07-27 20:13:05,none
3028,Arjun,Kumar,Arjun Kumar,29,Male,Sales,Manager,105225,8674.0,arjun.kumar@example.com,999999999999999,,Addr 2028,  Bangalore,Maharashtra,India,560001,2016-02-15,,12,4.48,,Full Time,Onsite,,2026-07-27 20:13:05,N/A
3029,Rohit,Verma,Rohit Verma,49,MALE,IT,Engineer,108425,16756.0,johngmail.com,,,Addr 2029,Pune,Maharashtra,India,411001,29/03/2019,,2,1.87,,full time,Remote,A+,2026-07-27 20:13:05,OK
3030,Amit,Joshi,Amit Joshi,33,M,Finance,Executive,59183,14965.0,johngmail.com,12345,,Addr 2030, Mumbai,Maharashtra,India,411001,2017-06-27,,19,3.91,,full time,Onsite,AB+,2026-07-27 20:13:05,N/A
3031,Rahul,Joshi,Rahul Joshi,35,male,Information Technology,Executive,126473,19074.0,@@gmail.com,abcdefghij,,Addr 2031,Hyderabad,Maharashtra,India,ABCDE,2032-01-01,,1,2.85,,Full Time,Onsite,,2026-07-27 20:13:05,unknown
3032,Kiran,Gupta,Kiran Gupta,58,male,it,Executive,96248,1476.0,kiran.gupta@example.com,9065285443,,Addr 2032,Delhi ,Maharashtra,India,ABCDE,27/03/2017,,13,1.41,,full time,Remote,AB+,2026-07-27 20:13:05,N/A
3033,John,Das,John Das,31,M,Finance,Manager,35908,12453.0,john.das@example.com,999999999999999,,Addr 2033,  Bangalore,Maharashtra,India,411001,2015-03-15,,8,3.03,,Contract,Remote,O+,2026-07-27 20:13:05,none
3034,Rahul,Joshi,Rahul Joshi,39,Female,Operations,Analyst,70411,11069.0,johngmail.com,9140887795,,Addr 2034,Delhi ,Maharashtra,India,560001,22/12/2017,,4,3.37,,Contract,Remote,AB+,2026-07-27 20:13:05,none
3035,Rahul,Patel,Rahul Patel,39,female,IT,Analyst,140989,8721.0,abc@,abcdefghij,,Addr 2035,Chennai,Maharashtra,India,ABCDE,2019.06.19,,4,2.87,,full time,Hybrid,AB+,2026-07-27 20:13:05,unknown
3036,Priya,Rao,Priya Rao,49,MALE,Marketing,Executive,87771,14735.0,abc@,999999999999999,,Addr 2036,Kolkata,Maharashtra,India,123,2018.10.08,,4,2.24,,full time,Remote,AB+,2026-07-27 20:13:05,none
3037,Ananya,Mehta,Ananya Mehta,41,M,HR,Analyst,56741,3877.0,ananya.mehta@example.com,,,Addr 2037,Chennai,Maharashtra,India,411001,2020.07.02,,2,1.21,,Full Time,Onsite,B+,2026-07-27 20:13:05,OK
3038,Priya,Das,Priya Das,37,female,it,Engineer,119986,15293.0,priya.das@example.com,abcdefghij,,Addr 2038,Delhi ,Maharashtra,India,ABCDE,2024.02.09,,15,4.0,,Contract,Remote,AB+,2026-07-27 20:13:05,OK
3039,Kiran,Verma,Kiran Verma,44,M,Finance,Manager,67762,9995.0,abc@,999999999999999,,Addr 2039,  Bangalore,Maharashtra,India,560001,04/03/2020,,0,2.94,,Contract,Remote,,2026-07-27 20:13:05,?
3040,Amit,Verma,Amit Verma,36,female,Information Technology,Executive,96685,8891.0,abc@,12345,,Addr 2040,Hyderabad,Maharashtra,India,411001,16/10/2023,,16,3.88,,full time,Hybrid,,2026-07-27 20:13:05,none
3041,Rahul,Verma,Rahul Verma,21,male,Operations,Manager,47285,19093.0,@@gmail.com,999999999999999,,Addr 2041,Delhi ,Maharashtra,India,411001,2021.03.31,,7,4.58,,Contract,Onsite,B+,2026-07-27 20:13:05,?
3042,John,Sharma,John Sharma,22,Female,I.T.,Manager,49209,,john.sharma@example.com,12345,,Addr 2042,Chennai,Maharashtra,India,123,2032-01-01,,10,3.53,,Full Time,Remote,,2026-07-27 20:13:05,N/A
3043,Amit,Verma,Amit Verma,53,Female,Information Technology,Executive,56843,11493.0,abc.com,abcdefghij,,Addr 2043, Mumbai,Maharashtra,India,123,2016-11-27,,12,4.4,,Contract,Remote,,2026-07-27 20:13:05,none
3044,John,Patel,John Patel,58,female,Finance,Manager,51506,7276.0,abc@,999999999999999,,Addr 2044,Pune,Maharashtra,India,411001,2017-11-07,,16,2.6,,Full Time,Remote,B+,2026-07-27 20:13:05,N/A
3045,Ananya,Joshi,Ananya Joshi,32,Male,Finance,Analyst,138187,15634.0,abc@,abcdefghij,,Addr 2045,Kolkata,Maharashtra,India,123,10/01/2023,,5,3.63,,Contract,Onsite,AB+,2026-07-27 20:13:05,N/A
3046,Rahul,Singh,Rahul Singh,44,female,IT,Manager,87402,8284.0,abc@,12345,,Addr 2046,  Bangalore,Maharashtra,India,560001,2032-01-01,,11,4.82,,full time,Onsite,,2026-07-27 20:13:05,?
3047,Ananya,Patel,Ananya Patel,41,M,HR,Manager,59148,17345.0,abc.com,,,Addr 2047,Chennai,Maharashtra,India,123,2032-01-01,,12,4.05,,Contract,Remote,AB+,2026-07-27 20:13:05,none
3048,Priya,Verma,Priya Verma,23,M,Marketing,Manager,34715,12572.0,abc@,999999999999999,,Addr 2048, Mumbai,Maharashtra,India,411001,2023-05-02,,15,4.4,,Contract,Remote,A+,2026-07-27 20:13:05,OK
3049,Ananya,Joshi,Ananya Joshi,46,M,Operations,Analyst,78283,14717.0,johngmail.com,9444998907,,Addr 2049,Chennai,Maharashtra,India,560001,2032-01-01,,20,2.97,,Contract,Onsite,,2026-07-27 20:13:05,OK
3050,Neha,Sharma,Neha Sharma,39,F,I.T.,Manager,125739,,neha.sharma@example.com,abcdefghij,,Addr 2050,Kolkata,Maharashtra,India,411001,01/02/2024,,19,3.5,,Full Time,Remote,,2026-07-27 20:13:05,OK
3051,Neha,Joshi,Neha Joshi,36,M,HR,Engineer,123219,1944.0,@@gmail.com,,,Addr 2051,  Bangalore,Maharashtra,India,ABCDE,08/01/2018,,5,3.57,,Full Time,Hybrid,,2026-07-27 20:13:05,OK
3052,Kiran,Gupta,Kiran Gupta,36,F,it,Executive,105753,2277.0,johngmail.com,12345,,Addr 2052,Hyderabad,Maharashtra,India,411001,2032-01-01,,18,1.27,,Contract,Hybrid,,2026-07-27 20:13:05,?
3053,Ananya,Sharma,Ananya Sharma,60,Female,Marketing,Analyst,65924,4932.0,abc.com,abcdefghij,,Addr 2053,Delhi ,Maharashtra,India,560001,30/03/2020,,0,3.95,,Contract,Onsite,A+,2026-07-27 20:13:05,none
3054,Ananya,Verma,Ananya Verma,32,F,HR,Engineer,113971,6888.0,johngmail.com,9521527231,,Addr 2054,Chennai,Maharashtra,India,123,14/10/2018,,9,1.27,,full time,Hybrid,B+,2026-07-27 20:13:05,none
3055,Amit,Rao,Amit Rao,44,F,Operations,Manager,91100,19737.0,abc.com,abcdefghij,,Addr 2055,Kolkata,Maharashtra,India,411001,2032-01-01,,17,1.93,,Contract,Onsite,,2026-07-27 20:13:05,?
3056,John,Gupta,John Gupta,48,female,Finance,Executive,110510,4059.0,johngmail.com,9736053908,,Addr 2056,Pune,Maharashtra,India,411001,2020-08-26,,1,2.93,,Contract,Hybrid,,2026-07-27 20:13:05,N/A
3057,Priya,Kumar,Priya Kumar,47,male,Operations,Analyst,100778,2561.0,abc@,,,Addr 2057,Chennai,Maharashtra,India,ABCDE,29/04/2024,,15,4.89,,full time,Onsite,O+,2026-07-27 20:13:05,unknown
3058,Arjun,Joshi,Arjun Joshi,39,M,I.T.,Executive,94787,6724.0,@@gmail.com,,,Addr 2058,  Bangalore,Maharashtra,India,560001,2023.02.23,,4,4.47,,Contract,Hybrid,A+,2026-07-27 20:13:05,N/A
3059,Ananya,Rao,Ananya Rao,31,male,Operations,Executive,103505,7694.0,ananya.rao@example.com,,,Addr 2059,Pune,Maharashtra,India,ABCDE,2021-10-31,,5,4.59,,Full Time,Hybrid,,2026-07-27 20:13:05,OK
3060,Sneha,Rao,Sneha Rao,32,M,I.T.,Manager,129082,4347.0,abc.com,999999999999999,,Addr 2060,Chennai,Maharashtra,India,ABCDE,12/05/2020,,16,2.02,,Contract,Remote,B+,2026-07-27 20:13:05,unknown
3061,Sara,Verma,Sara Verma,36,male,IT,Engineer,95579,4856.0,abc@,9479666783,,Addr 2061, Mumbai,Maharashtra,India,411001,2032-01-01,,5,3.39,,full time,Remote,,2026-07-27 20:13:05,none
3062,Neha,Das,Neha Das,52,M,it,Analyst,69724,4332.0,abc.com,,,Addr 2062, Mumbai,Maharashtra,India,411001,2018.12.05,,19,4.0,,full time,Remote,,2026-07-27 20:13:05,unknown
3063,Priya,Gupta,Priya Gupta,46,Female,Finance,Analyst,149716,8015.0,@@gmail.com,,,Addr 2063,  Bangalore,Maharashtra,India,ABCDE,10/12/2017,,10,2.89,,Contract,Onsite,O+,2026-07-27 20:13:05,OK
3064,Amit,Verma,Amit Verma,28,female,I.T.,Manager,52117,10353.0,abc.com,12345,,Addr 2064,Delhi ,Maharashtra,India,123,2032-01-01,,15,4.87,,Full Time,Remote,,2026-07-27 20:13:05,?
3065,Ananya,Das,Ananya Das,21,M,Sales,Engineer,101234,,johngmail.com,999999999999999,,Addr 2065, Mumbai,Maharashtra,India,560001,31/10/2020,,5,3.47,,Contract,Remote,AB+,2026-07-27 20:13:05,?
3066,Arjun,Kumar,Arjun Kumar,25,MALE,Sales,Analyst,118975,3616.0,abc.com,9565058484,,Addr 2066,Chennai,Maharashtra,India,123,03/03/2015,,4,3.15,,full time,Onsite,AB+,2026-07-27 20:13:05,OK
3067,Sara,Verma,Sara Verma,35,MALE,Information Technology,Engineer,131354,17746.0,johngmail.com,999999999999999,,Addr 2067,Pune,Maharashtra,India,560001,2016-07-06,,8,1.92,,Contract,Onsite,A+,2026-07-27 20:13:05,?
3068,Sneha,Gupta,Sneha Gupta,31,M,Information Technology,Engineer,137993,14010.0,abc@,9147961265,,Addr 2068,Hyderabad,Maharashtra,India,560001,2017.02.23,,10,3.02,,full time,Remote,AB+,2026-07-27 20:13:05,none
3069,Kiran,Das,Kiran Das,26,M,Marketing,Engineer,73257,,abc.com,9888744732,,Addr 2069,  Bangalore,Maharashtra,India,560001,2021.01.16,,9,2.27,,full time,Hybrid,AB+,2026-07-27 20:13:05,OK
3070,Vikram,Sharma,Vikram Sharma,42,female,Sales,Manager,133723,14572.0,@@gmail.com,abcdefghij,,Addr 2070, Mumbai,Maharashtra,India,560001,2032-01-01,,1,4.65,,Contract,Hybrid,AB+,2026-07-27 20:13:05,N/A
3071,Vikram,Rao,Vikram Rao,55,Male,it,Engineer,46486,5897.0,vikram.rao@example.com,999999999999999,,Addr 2071,Pune,Maharashtra,India,560001,2032-01-01,,20,2.24,,Full Time,Remote,B+,2026-07-27 20:13:05,?
3072,Sneha,Joshi,Sneha Joshi,34,Female,it,Manager,59474,3913.0,@@gmail.com,,,Addr 2072,Kolkata,Maharashtra,India,ABCDE,2022-10-15,,12,2.72,,full time,Remote,O+,2026-07-27 20:13:05,?
3073,Kiran,Das,Kiran Das,23,Female,IT,Engineer,100376,1003.0,kiran.das@example.com,9032666178,,Addr 2073,Hyderabad,Maharashtra,India,560001,2022.10.29,,9,3.78,,Contract,Onsite,A+,2026-07-27 20:13:05,?
3074,Amit,Das,Amit Das,47,MALE,IT,Manager,109811,6302.0,@@gmail.com,12345,,Addr 2074,  Bangalore,Maharashtra,India,123,16/10/2022,,15,1.29,,Contract,Hybrid,AB+,2026-07-27 20:13:05,?
3075,Priya,Rao,Priya Rao,59,F,HR,Manager,44339,2587.0,johngmail.com,12345,,Addr 2075,Delhi ,Maharashtra,India,560001,2016.11.15,,18,1.47,,Contract,Hybrid,A+,2026-07-27 20:13:05,?
3076,Rohit,Singh,Rohit Singh,34,male,Information Technology,Analyst,59656,17340.0,johngmail.com,9217410375,,Addr 2076,Delhi ,Maharashtra,India,411001,2032-01-01,,8,3.24,,Contract,Hybrid,AB+,2026-07-27 20:13:05,none
3077,John,Gupta,John Gupta,33,Female,Operations,Manager,47126,13881.0,john.gupta@example.com,9284963555,,Addr 2077,Pune,Maharashtra,India,ABCDE,2021-04-11,,19,3.68,,Contract,Remote,O+,2026-07-27 20:13:05,none
3078,Sara,Gupta,Sara Gupta,33,MALE,Sales,Manager,41007,13702.0,@@gmail.com,,,Addr 2078,Hyderabad,Maharashtra,India,411001,2018.11.26,,10,1.59,,Full Time,Remote,B+,2026-07-27 20:13:05,OK
3079,John,Singh,John Singh,51,Male,Operations,Engineer,127744,1726.0,@@gmail.com,999999999999999,,Addr 2079,Hyderabad,Maharashtra,India,560001,2020.08.27,,4,1.32,,Full Time,Onsite,O+,2026-07-27 20:13:05,none
3080,Vikram,Joshi,Vikram Joshi,42,female,Marketing,Executive,53961,2807.0,@@gmail.com,12345,,Addr 2080,Hyderabad,Maharashtra,India,ABCDE,12/05/2018,,20,2.65,,Contract,Remote,AB+,2026-07-27 20:13:05,OK
3081,Vikram,Mehta,Vikram Mehta,52,male,HR,Analyst,131910,7157.0,abc.com,999999999999999,,Addr 2081,Pune,Maharashtra,India,411001,2022.08.15,,16,1.78,,Full Time,Onsite,AB+,2026-07-27 20:13:05,?
3082,Amit,Das,Amit Das,44,MALE,HR,Manager,125654,19300.0,abc@,,,Addr 2082, Mumbai,Maharashtra,India,560001,15/10/2017,,4,4.58,,Full Time,Remote,A+,2026-07-27 20:13:05,unknown
3083,Vikram,Mehta,Vikram Mehta,22,male,it,Engineer,72824,3788.0,abc.com,9520397101,,Addr 2083,Delhi ,Maharashtra,India,123,03/10/2019,,6,1.14,,Full Time,Onsite,,2026-07-27 20:13:05,OK
3084,Kiran,Gupta,Kiran Gupta,37,Male,Marketing,Engineer,99339,14244.0,abc.com,abcdefghij,,Addr 2084, Mumbai,Maharashtra,India,560001,2032-01-01,,12,3.09,,full time,Hybrid,O+,2026-07-27 20:13:05,?
3085,Arjun,Mehta,Arjun Mehta,52,M,Sales,Engineer,57549,12782.0,abc@,999999999999999,,Addr 2085,  Bangalore,Maharashtra,India,411001,2016.08.02,,5,1.76,,Full Time,Hybrid,,2026-07-27 20:13:05,none
3086,Ananya,Patel,Ananya Patel,22,female,HR,Analyst,95370,8222.0,ananya.patel@example.com,999999999999999,,Addr 2086, Mumbai,Maharashtra,India,ABCDE,2022-09-23,,15,2.35,,full time,Remote,B+,2026-07-27 20:13:05,?
3087,Neha,Mehta,Neha Mehta,48,male,IT,Executive,100295,5681.0,johngmail.com,,,Addr 2087,  Bangalore,Maharashtra,India,ABCDE,2020-06-01,,20,1.98,,full time,Onsite,O+,2026-07-27 20:13:05,none
3088,Priya,Mehta,Priya Mehta,40,female,I.T.,Manager,91271,1691.0,johngmail.com,9505611555,,Addr 2088,Pune,Maharashtra,India,560001,2022.07.04,,19,3.5,,Full Time,Onsite,,2026-07-27 20:13:05,?
3089,Kiran,Rao,Kiran Rao,56,Female,IT,Engineer,126205,5131.0,abc.com,999999999999999,,Addr 2089, Mumbai,Maharashtra,India,123,03/03/2016,,1,2.56,,full time,Onsite,A+,2026-07-27 20:13:05,OK
3090,Vikram,Gupta,Vikram Gupta,47,Female,IT,Analyst,73738,14286.0,abc.com,12345,,Addr 2090, Mumbai,Maharashtra,India,560001,2023-08-13,,1,4.76,,Contract,Hybrid,B+,2026-07-27 20:13:05,N/A
3091,Sneha,Das,Sneha Das,29,Male,I.T.,Manager,135763,10807.0,abc.com,12345,,Addr 2091,Kolkata,Maharashtra,India,411001,2019-02-05,,20,3.62,,full time,Remote,A+,2026-07-27 20:13:05,OK
3092,Rohit,Rao,Rohit Rao,50,F,IT,Engineer,94872,7856.0,@@gmail.com,9054459318,,Addr 2092, Mumbai,Maharashtra,India,411001,18/07/2023,,11,2.17,,full time,Remote,,2026-07-27 20:13:05,none
3093,Ananya,Singh,Ananya Singh,36,MALE,IT,Analyst,30825,14492.0,@@gmail.com,,,Addr 2093,Chennai,Maharashtra,India,411001,14/11/2017,,2,2.18,,full time,Remote,,2026-07-27 20:13:05,unknown
3094,Rohit,Sharma,Rohit Sharma,29,F,IT,Executive,141439,12361.0,abc.com,999999999999999,,Addr 2094,  Bangalore,Maharashtra,India,411001,25/09/2023,,3,3.22,,Full Time,Hybrid,AB+,2026-07-27 20:13:05,?
3095,Amit,Joshi,Amit Joshi,33,F,Finance,Analyst,75990,5027.0,abc.com,12345,,Addr 2095,Pune,Maharashtra,India,560001,25/12/2016,,8,2.18,,Contract,Hybrid,A+,2026-07-27 20:13:05,OK
3096,John,Kumar,John Kumar,49,female,Sales,Analyst,60024,8808.0,@@gmail.com,,,Addr 2096,Hyderabad,Maharashtra,India,ABCDE,15/11/2017,,5,4.59,,Full Time,Hybrid,A+,2026-07-27 20:13:05,N/A
3097,Amit,Das,Amit Das,46,female,IT,Manager,63396,4626.0,abc@,12345,,Addr 2097,Kolkata,Maharashtra,India,411001,01/01/2020,,1,1.13,,full time,Remote,B+,2026-07-27 20:13:05,N/A
3098,John,Mehta,John Mehta,24,male,HR,Executive,102485,7887.0,@@gmail.com,999999999999999,,Addr 2098,  Bangalore,Maharashtra,India,560001,2016.06.28,,20,4.02,,full time,Hybrid,,2026-07-27 20:13:05,?
3099,Sara,Gupta,Sara Gupta,59,Female,Operations,Analyst,44970,11144.0,@@gmail.com,999999999999999,,Addr 2099,Kolkata,Maharashtra,India,123,2018.05.30,,4,3.17,,Full Time,Onsite,,2026-07-27 20:13:05,none
3100,John,Rao,John Rao,47,M,HR,Manager,54218,2136.0,abc.com,,,Addr 2100,Kolkata,Maharashtra,India,560001,2032-01-01,,0,4.02,,Contract,Hybrid,,2026-07-27 20:13:05,OK
3101,Priya,Mehta,Priya Mehta,48,MALE,Finance,Executive,42535,14895.0,johngmail.com,,,Addr 2101, Mumbai,Maharashtra,India,123,2015.05.10,,13,1.66,,Contract,Remote,B+,2026-07-27 20:13:05,unknown
3102,John,Gupta,John Gupta,42,Male,Sales,Manager,146020,2727.0,abc.com,abcdefghij,,Addr 2102,Chennai,Maharashtra,India,560001,2018-08-25,,5,2.09,,Contract,Onsite,B+,2026-07-27 20:13:05,N/A
3103,Arjun,Mehta,Arjun Mehta,52,F,Marketing,Manager,49625,6406.0,abc.com,9149373529,,Addr 2103,Hyderabad,Maharashtra,India,ABCDE,2016-02-04,,2,3.81,,Contract,Onsite,,2026-07-27 20:13:05,?
3104,Ananya,Mehta,Ananya Mehta,49,Female,Marketing,Executive,30425,18429.0,ananya.mehta@example.com,,,Addr 2104,  Bangalore,Maharashtra,India,411001,2032-01-01,,1,3.85,,full time,Remote,,2026-07-27 20:13:05,none
3105,John,Das,John Das,22,MALE,Finance,Engineer,106410,10805.0,abc.com,abcdefghij,,Addr 2105, Mumbai,Maharashtra,India,ABCDE,2032-01-01,,9,1.11,,full time,Remote,B+,2026-07-27 20:13:05,N/A
3106,Rohit,Joshi,Rohit Joshi,53,Female,HR,Executive,-50000,,abc@,9574318910,,Addr 2106,Delhi ,Maharashtra,India,ABCDE,2024.07.22,,12,1.15,,Full Time,Remote,,2026-07-27 20:13:05,unknown
3107,Arjun,Gupta,Arjun Gupta,50,male,Marketing,Manager,73902,,arjun.gupta@example.com,abcdefghij,,Addr 2107,Kolkata,Maharashtra,India,560001,2021-06-12,,6,2.29,,Contract,Remote,AB+,2026-07-27 20:13:05,unknown
3108,Amit,Kumar,Amit Kumar,44,Female,it,Analyst,95893,14054.0,abc.com,12345,,Addr 2108, Mumbai,Maharashtra,India,123,2032-01-01,,1,2.4,,Contract,Remote,AB+,2026-07-27 20:13:05,OK
3109,Sara,Rao,Sara Rao,35,MALE,I.T.,Executive,133644,3921.0,sara.rao@example.com,12345,,Addr 2109,Kolkata,Maharashtra,India,123,2032-01-01,,11,4.67,,Contract,Hybrid,A+,2026-07-27 20:13:05,OK
3110,Kiran,Rao,Kiran Rao,38,M,Finance,Manager,133761,12549.0,johngmail.com,999999999999999,,Addr 2110,Hyderabad,Maharashtra,India,123,10/11/2017,,4,2.23,,full time,Hybrid,B+,2026-07-27 20:13:05,none
3111,Neha,Sharma,Neha Sharma,25,F,HR,Manager,32830,18752.0,johngmail.com,999999999999999,,Addr 2111,Chennai,Maharashtra,India,411001,18/07/2017,,14,1.32,,Full Time,Onsite,AB+,2026-07-27 20:13:05,unknown
3112,Rohit,Kumar,Rohit Kumar,46,F,Information Technology,Manager,139672,10911.0,@@gmail.com,,,Addr 2112,Chennai,Maharashtra,India,411001,29/03/2015,,19,1.57,,Contract,Remote,B+,2026-07-27 20:13:05,N/A
3113,Rahul,Mehta,Rahul Mehta,24,male,Operations,Manager,69615,15613.0,abc.com,,,Addr 2113,Kolkata,Maharashtra,India,ABCDE,2032-01-01,,20,2.88,,Contract,Hybrid,,2026-07-27 20:13:05,OK
3114,Priya,Verma,Priya Verma,60,male,I.T.,Engineer,57411,10365.0,@@gmail.com,9740850749,,Addr 2114,Pune,Maharashtra,India,ABCDE,25/09/2021,,17,1.54,,full time,Onsite,AB+,2026-07-27 20:13:05,unknown
3115,Kiran,Singh,Kiran Singh,48,Female,HR,Engineer,31820,8146.0,abc@,9833673614,,Addr 2115,Delhi ,Maharashtra,India,560001,2032-01-01,,2,3.42,,full time,Hybrid,A+,2026-07-27 20:13:05,unknown
3116,Rohit,Patel,Rohit Patel,25,Male,Marketing,Analyst,49808,19956.0,abc@,,,Addr 2116, Mumbai,Maharashtra,India,ABCDE,2020-08-30,,2,4.63,,Full Time,Onsite,,2026-07-27 20:13:05,none
3117,Rohit,Patel,Rohit Patel,35,male,I.T.,Executive,127041,8766.0,rohit.patel@example.com,abcdefghij,,Addr 2117,Kolkata,Maharashtra,India,123,2015.01.30,,4,2.36,,full time,Hybrid,B+,2026-07-27 20:13:05,unknown
3118,Kiran,Mehta,Kiran Mehta,53,MALE,it,Analyst,95459,,abc@,999999999999999,,Addr 2118,Pune,Maharashtra,India,411001,2016-01-13,,9,3.56,,Contract,Onsite,AB+,2026-07-27 20:13:05,none
3119,Sara,Verma,Sara Verma,26,Male,I.T.,Analyst,36037,13780.0,abc@,,,Addr 2119,  Bangalore,Maharashtra,India,560001,2032-01-01,,17,3.44,,Full Time,Onsite,AB+,2026-07-27 20:13:05,?
3120,John,Kumar,John Kumar,57,M,I.T.,Engineer,130714,13024.0,abc.com,abcdefghij,,Addr 2120,Hyderabad,Maharashtra,India,ABCDE,29/11/2019,,1,2.55,,Full Time,Remote,AB+,2026-07-27 20:13:05,?
3121,Rohit,Verma,Rohit Verma,28,MALE,I.T.,Engineer,70631,14649.0,rohit.verma@example.com,,,Addr 2121,Chennai,Maharashtra,India,123,2024-06-22,,15,3.99,,Full Time,Hybrid,B+,2026-07-27 20:13:05,OK
3122,Arjun,Das,Arjun Das,54,F,Operations,Executive,46630,6277.0,abc@,9844133358,,Addr 2122,Kolkata,Maharashtra,India,ABCDE,2017-05-12,,1,1.86,,Contract,Hybrid,A+,2026-07-27 20:13:05,OK
3123,Amit,Singh,Amit Singh,55,male,HR,Analyst,142746,,abc@,12345,,Addr 2123,Hyderabad,Maharashtra,India,560001,2024-04-03,,8,1.38,,Full Time,Hybrid,B+,2026-07-27 20:13:05,unknown
3124,Arjun,Singh,Arjun Singh,58,Male,it,Manager,138092,11334.0,johngmail.com,12345,,Addr 2124,Pune,Maharashtra,India,123,2024-01-26,,16,1.47,,Contract,Onsite,O+,2026-07-27 20:13:05,N/A
3125,Sneha,Sharma,Sneha Sharma,29,Female,I.T.,Analyst,100173,10043.0,abc.com,12345,,Addr 2125,Kolkata,Maharashtra,India,ABCDE,2032-01-01,,11,2.35,,Contract,Hybrid,A+,2026-07-27 20:13:05,N/A
3126,Amit,Sharma,Amit Sharma,44,male,it,Analyst,137060,19892.0,abc@,9795132465,,Addr 2126,Hyderabad,Maharashtra,India,ABCDE,2022.02.28,,19,1.4,,full time,Remote,B+,2026-07-27 20:13:05,OK
3127,Priya,Mehta,Priya Mehta,58,Female,HR,Analyst,0,3472.0,johngmail.com,,,Addr 2127,Chennai,Maharashtra,India,560001,16/06/2015,,5,1.38,,full time,Remote,B+,2026-07-27 20:13:05,none
3128,Ananya,Joshi,Ananya Joshi,41,male,it,Executive,54239,6195.0,@@gmail.com,,,Addr 2128,Pune,Maharashtra,India,ABCDE,2017.04.07,,1,3.56,,Full Time,Remote,,2026-07-27 20:13:05,?
3129,Sara,Mehta,Sara Mehta,54,Female,Operations,Analyst,93998,17934.0,@@gmail.com,12345,,Addr 2129,Pune,Maharashtra,India,123,22/02/2015,,17,3.84,,full time,Remote,AB+,2026-07-27 20:13:05,N/A
3130,Sara,Mehta,Sara Mehta,58,male,Operations,Executive,140017,7512.0,abc.com,abcdefghij,,Addr 2130,Kolkata,Maharashtra,India,ABCDE,15/03/2018,,0,2.16,,full time,Onsite,O+,2026-07-27 20:13:05,none
3131,Priya,Joshi,Priya Joshi,53,F,I.T.,Executive,68367,8833.0,johngmail.com,9314029030,,Addr 2131,Hyderabad,Maharashtra,India,411001,2021-05-11,,7,3.43,,Full Time,Remote,O+,2026-07-27 20:13:05,OK
3132,Ananya,Joshi,Ananya Joshi,50,Female,Marketing,Manager,84567,9269.0,abc.com,abcdefghij,,Addr 2132,Delhi ,Maharashtra,India,411001,11/03/2019,,7,3.22,,Contract,Onsite,,2026-07-27 20:13:05,none
3133,Priya,Rao,Priya Rao,50,female,Information Technology,Analyst,100173,1945.0,johngmail.com,abcdefghij,,Addr 2133, Mumbai,Maharashtra,India,123,2032-01-01,,16,4.27,,Full Time,Onsite,,2026-07-27 20:13:05,?
3134,Amit,Sharma,Amit Sharma,31,male,it,Manager,128578,2984.0,@@gmail.com,abcdefghij,,Addr 2134,Delhi ,Maharashtra,India,123,07/05/2017,,8,2.47,,Full Time,Remote,B+,2026-07-27 20:13:05,N/A
3135,Priya,Sharma,Priya Sharma,43,female,Finance,Engineer,127816,4044.0,@@gmail.com,9388273749,,Addr 2135,Hyderabad,Maharashtra,India,123,2020.09.10,,15,4.97,,Contract,Onsite,A+,2026-07-27 20:13:05,N/A
3136,Amit,Mehta,Amit Mehta,30,Male,Finance,Executive,58391,15346.0,abc@,abcdefghij,,Addr 2136,Chennai,Maharashtra,India,411001,2023.07.09,,3,4.42,,Contract,Hybrid,AB+,2026-07-27 20:13:05,?
3137,John,Patel,John Patel,49,MALE,I.T.,Manager,114613,7176.0,abc.com,,,Addr 2137,Pune,Maharashtra,India,ABCDE,2032-01-01,,8,2.27,,full time,Hybrid,O+,2026-07-27 20:13:05,?
3138,Sneha,Gupta,Sneha Gupta,30,MALE,IT,Executive,54944,16566.0,abc@,abcdefghij,,Addr 2138,  Bangalore,Maharashtra,India,ABCDE,2022-04-18,,15,1.24,,Full Time,Onsite,O+,2026-07-27 20:13:05,none
3139,Neha,Sharma,Neha Sharma,55,M,HR,Manager,36513,12762.0,@@gmail.com,999999999999999,,Addr 2139, Mumbai,Maharashtra,India,123,19/11/2017,,3,2.6,,Contract,Remote,O+,2026-07-27 20:13:05,OK
3140,Amit,Kumar,Amit Kumar,38,F,IT,Manager,119923,9733.0,abc.com,999999999999999,,Addr 2140, Mumbai,Maharashtra,India,411001,2021.08.22,,9,1.6,,full time,Remote,AB+,2026-07-27 20:13:05,?
3141,Priya,Kumar,Priya Kumar,31,M,Operations,Engineer,86509,,priya.kumar@example.com,abcdefghij,,Addr 2141,Hyderabad,Maharashtra,India,123,2021-01-15,,9,2.06,,full time,Onsite,B+,2026-07-27 20:13:05,OK
3142,Arjun,Joshi,Arjun Joshi,49,female,Marketing,Executive,121223,16079.0,johngmail.com,9243960630,,Addr 2142,  Bangalore,Maharashtra,India,ABCDE,12/07/2017,,6,3.56,,Contract,Onsite,,2026-07-27 20:13:05,OK
3143,Ananya,Kumar,Ananya Kumar,44,F,Marketing,Manager,39732,15871.0,abc.com,abcdefghij,,Addr 2143,Chennai,Maharashtra,India,411001,2020-07-02,,11,4.38,,Contract,Onsite,AB+,2026-07-27 20:13:05,N/A
3144,Arjun,Mehta,Arjun Mehta,54,MALE,IT,Engineer,88766,9553.0,johngmail.com,,,Addr 2144,Pune,Maharashtra,India,560001,04/10/2023,,18,2.57,,full time,Remote,AB+,2026-07-27 20:13:05,?
3145,Ananya,Rao,Ananya Rao,45,male,Sales,Manager,82825,,johngmail.com,,,Addr 2145, Mumbai,Maharashtra,India,411001,2017-08-02,,2,2.84,,Full Time,Onsite,B+,2026-07-27 20:13:05,OK
3146,John,Das,John Das,180,F,it,Executive,97697,14574.0,john.das@example.com,9664028028,,Addr 2146, Mumbai,Maharashtra,India,ABCDE,12/09/2021,,9,2.18,,full time,Hybrid,A+,2026-07-27 20:13:05,?
3147,Sneha,Patel,Sneha Patel,44,Female,Marketing,Executive,54008,12628.0,johngmail.com,12345,,Addr 2147,Chennai,Maharashtra,India,123,2020-04-21,,19,3.31,,Full Time,Remote,AB+,2026-07-27 20:13:05,none
3148,Priya,Das,Priya Das,57,Female,Sales,Executive,145571,15556.0,abc@,999999999999999,,Addr 2148, Mumbai,Maharashtra,India,411001,18/07/2019,,13,2.07,,full time,Onsite,O+,2026-07-27 20:13:05,N/A
3149,Kiran,Rao,Kiran Rao,37,M,Information Technology,Engineer,83711,17060.0,abc@,999999999999999,,Addr 2149,Chennai,Maharashtra,India,411001,2020-02-25,,5,1.64,,Full Time,Onsite,B+,2026-07-27 20:13:05,?
3150,Arjun,Verma,Arjun Verma,29,male,Sales,Analyst,33880,4323.0,abc@,abcdefghij,,Addr 2150,Kolkata,Maharashtra,India,411001,2017.06.08,,3,1.32,,Full Time,Onsite,AB+,2026-07-27 20:13:05,unknown
3151,Arjun,Joshi,Arjun Joshi,41,Male,Operations,Executive,123904,8218.0,johngmail.com,,,Addr 2151,Kolkata,Maharashtra,India,560001,2016.10.14,,15,1.61,,Contract,Onsite,B+,2026-07-27 20:13:05,OK
3152,Arjun,Singh,Arjun Singh,40,male,I.T.,Analyst,105694,15837.0,arjun.singh@example.com,,,Addr 2152, Mumbai,Maharashtra,India,ABCDE,2032-01-01,,2,1.24,,full time,Onsite,A+,2026-07-27 20:13:05,?
3153,Priya,Patel,Priya Patel,37,M,it,Engineer,80462,18295.0,johngmail.com,999999999999999,,Addr 2153,Hyderabad,Maharashtra,India,411001,2017.07.04,,6,4.85,,Contract,Onsite,AB+,2026-07-27 20:13:05,unknown
3154,Priya,Kumar,Priya Kumar,42,male,Finance,Manager,105692,2763.0,abc@,9977338004,,Addr 2154,Delhi ,Maharashtra,India,ABCDE,15/10/2022,,20,4.63,,Contract,Hybrid,,2026-07-27 20:13:05,unknown
3155,John,Mehta,John Mehta,37,F,I.T.,Manager,31839,,abc.com,999999999999999,,Addr 2155,Hyderabad,Maharashtra,India,411001,19/05/2016,,9,4.44,,Full Time,Remote,O+,2026-07-27 20:13:05,?
3156,John,Mehta,John Mehta,52,male,I.T.,Analyst,112322,11923.0,johngmail.com,,,Addr 2156,  Bangalore,Maharashtra,India,ABCDE,2019.06.14,,15,4.24,,Contract,Hybrid,A+,2026-07-27 20:13:05,?
3157,Arjun,Sharma,Arjun Sharma,34,female,IT,Engineer,149258,9876.0,arjun.sharma@example.com,abcdefghij,,Addr 2157,Delhi ,Maharashtra,India,411001,24/07/2017,,5,2.54,,Contract,Onsite,A+,2026-07-27 20:13:05,OK
3158,Sneha,Sharma,Sneha Sharma,58,male,I.T.,Manager,49878,8356.0,abc@,999999999999999,,Addr 2158, Mumbai,Maharashtra,India,123,08/03/2021,,1,2.64,,Contract,Hybrid,B+,2026-07-27 20:13:05,unknown
3159,Sneha,Patel,Sneha Patel,28,Female,Operations,Manager,74027,13571.0,johngmail.com,12345,,Addr 2159,Chennai,Maharashtra,India,123,2032-01-01,,13,4.11,,full time,Onsite,AB+,2026-07-27 20:13:05,OK
3160,Amit,Kumar,Amit Kumar,47,Female,Sales,Analyst,50700,4454.0,amit.kumar@example.com,999999999999999,,Addr 2160,Chennai,Maharashtra,India,123,2032-01-01,,3,1.84,,Full Time,Remote,B+,2026-07-27 20:13:05,none
3161,Amit,Kumar,Amit Kumar,25,Male,Finance,Manager,102214,11633.0,abc@,,,Addr 2161,Delhi ,Maharashtra,India,123,2022.09.05,,17,3.07,,full time,Onsite,,2026-07-27 20:13:05,OK
3162,Vikram,Gupta,Vikram Gupta,58,F,it,Executive,100763,19956.0,abc.com,999999999999999,,Addr 2162,Hyderabad,Maharashtra,India,411001,2015.07.26,,19,2.23,,full time,Onsite,B+,2026-07-27 20:13:05,OK
3163,Kiran,Kumar,Kiran Kumar,32,Male,Operations,Executive,36695,17481.0,kiran.kumar@example.com,999999999999999,,Addr 2163,  Bangalore,Maharashtra,India,411001,2021.06.08,,4,3.26,,Contract,Remote,O+,2026-07-27 20:13:05,N/A
3164,Rohit,Mehta,Rohit Mehta,30,F,Operations,Engineer,48801,9145.0,abc@,12345,,Addr 2164,  Bangalore,Maharashtra,India,123,19/02/2016,,4,1.39,,Contract,Remote,A+,2026-07-27 20:13:05,unknown
3165,Arjun,Mehta,Arjun Mehta,53,F,Sales,Engineer,69146,3398.0,arjun.mehta@example.com,999999999999999,,Addr 2165,Chennai,Maharashtra,India,560001,23/06/2018,,0,4.76,,Contract,Onsite,O+,2026-07-27 20:13:05,OK
3166,Sara,Mehta,Sara Mehta,46,Male,Operations,Manager,52536,,sara.mehta@example.com,9324044012,,Addr 2166,  Bangalore,Maharashtra,India,123,2032-01-01,,20,4.54,,Full Time,Onsite,O+,2026-07-27 20:13:05,N/A
3167,Vikram,Patel,Vikram Patel,23,Male,I.T.,Engineer,40868,18330.0,johngmail.com,,,Addr 2167,Kolkata,Maharashtra,India,ABCDE,2032-01-01,,7,1.83,,Full Time,Remote,,2026-07-27 20:13:05,unknown
3168,Rohit,Patel,Rohit Patel,43,male,Information Technology,Engineer,91883,2088.0,rohit.patel@example.com,,,Addr 2168, Mumbai,Maharashtra,India,123,2032-01-01,,14,3.15,,Full Time,Remote,O+,2026-07-27 20:13:05,?
3169,Arjun,Verma,Arjun Verma,53,F,it,Manager,131428,7500.0,abc.com,999999999999999,,Addr 2169, Mumbai,Maharashtra,India,123,29/09/2018,,19,1.66,,Full Time,Remote,B+,2026-07-27 20:13:05,N/A
3170,Arjun,Sharma,Arjun Sharma,46,female,Finance,Executive,0,5899.0,johngmail.com,999999999999999,,Addr 2170,Pune,Maharashtra,India,560001,2019-05-31,,6,2.11,,Full Time,Onsite,,2026-07-27 20:13:05,OK
3171,Amit,Joshi,Amit Joshi,32,MALE,Marketing,Manager,87992,15281.0,amit.joshi@example.com,999999999999999,,Addr 2171,Delhi ,Maharashtra,India,560001,14/04/2021,,13,1.28,,full time,Remote,O+,2026-07-27 20:13:05,?
3172,Arjun,Singh,Arjun Singh,22,M,I.T.,Analyst,81563,1334.0,@@gmail.com,999999999999999,,Addr 2172,  Bangalore,Maharashtra,India,560001,20/04/2015,,15,2.89,,full time,Remote,O+,2026-07-27 20:13:05,N/A
3173,Arjun,Verma,Arjun Verma,25,male,it,Executive,130975,4472.0,abc@,999999999999999,,Addr 2173,  Bangalore,Maharashtra,India,123,2020-05-31,,18,2.25,,Full Time,Hybrid,,2026-07-27 20:13:05,OK
3174,Amit,Das,Amit Das,26,female,IT,Analyst,103272,7148.0,abc@,12345,,Addr 2174,Delhi ,Maharashtra,India,560001,2018-11-22,,12,2.39,,full time,Onsite,B+,2026-07-27 20:13:05,none
3175,Sara,Rao,Sara Rao,32,Male,Sales,Analyst,133747,1862.0,johngmail.com,999999999999999,,Addr 2175, Mumbai,Maharashtra,India,411001,22/07/2018,,7,1.77,,Full Time,Hybrid,A+,2026-07-27 20:13:05,?
3176,Sneha,Singh,Sneha Singh,34,F,Operations,Analyst,120380,7608.0,@@gmail.com,,,Addr 2176,Kolkata,Maharashtra,India,560001,22/07/2022,,17,2.42,,Contract,Hybrid,B+,2026-07-27 20:13:05,unknown
3177,Rahul,Joshi,Rahul Joshi,38,F,Sales,Engineer,32873,13492.0,johngmail.com,abcdefghij,,Addr 2177, Mumbai,Maharashtra,India,411001,2024.07.12,,16,3.5,,Full Time,Remote,B+,2026-07-27 20:13:05,unknown
3178,Ananya,Sharma,Ananya Sharma,47,Female,Marketing,Executive,137238,,abc.com,abcdefghij,,Addr 2178,  Bangalore,Maharashtra,India,411001,2032-01-01,,17,1.44,,full time,Hybrid,,2026-07-27 20:13:05,N/A
3179,Vikram,Patel,Vikram Patel,41,male,it,Manager,79525,11014.0,@@gmail.com,12345,,Addr 2179,  Bangalore,Maharashtra,India,560001,2023.04.21,,10,4.21,,full time,Onsite,A+,2026-07-27 20:13:05,OK
3180,Sneha,Joshi,Sneha Joshi,25,M,IT,Executive,37541,17757.0,johngmail.com,9660178296,,Addr 2180,Kolkata,Maharashtra,India,123,2032-01-01,,7,1.07,,full time,Onsite,A+,2026-07-27 20:13:05,N/A
3181,Ananya,Gupta,Ananya Gupta,29,M,HR,Engineer,106993,15003.0,abc.com,999999999999999,,Addr 2181,Delhi ,Maharashtra,India,123,01/08/2020,,17,2.69,,full time,Hybrid,B+,2026-07-27 20:13:05,none
3182,Rahul,Rao,Rahul Rao,40,MALE,Operations,Analyst,126533,15892.0,abc@,,,Addr 2182,Pune,Maharashtra,India,123,2032-01-01,,2,1.75,,Full Time,Remote,B+,2026-07-27 20:13:05,N/A
3183,Ananya,Rao,Ananya Rao,26,M,Finance,Executive,131084,15773.0,johngmail.com,,,Addr 2183,Kolkata,Maharashtra,India,411001,2032-01-01,,11,4.88,,full time,Remote,,2026-07-27 20:13:05,?
3184,Priya,Gupta,Priya Gupta,43,Male,Information Technology,Executive,58593,10278.0,@@gmail.com,12345,,Addr 2184,  Bangalore,Maharashtra,India,560001,2032-01-01,,15,1.65,,full time,Onsite,B+,2026-07-27 20:13:05,N/A
3185,Amit,Verma,Amit Verma,52,male,Information Technology,Executive,52848,14776.0,abc.com,999999999999999,,Addr 2185, Mumbai,Maharashtra,India,560001,2032-01-01,,3,4.96,,full time,Onsite,A+,2026-07-27 20:13:05,unknown
3186,Sara,Das,Sara Das,25,male,it,Manager,130631,9373.0,@@gmail.com,9416460715,,Addr 2186,Pune,Maharashtra,India,560001,2032-01-01,,11,4.65,,Contract,Hybrid,B+,2026-07-27 20:13:05,OK
3187,Rahul,Mehta,Rahul Mehta,53,M,it,Analyst,49665,5128.0,rahul.mehta@example.com,abcdefghij,,Addr 2187, Mumbai,Maharashtra,India,411001,2018-09-04,,16,3.63,,Full Time,Remote,O+,2026-07-27 20:13:05,N/A
3188,Rahul,Rao,Rahul Rao,50,F,I.T.,Engineer,33597,15059.0,johngmail.com,9870817962,,Addr 2188,Pune,Maharashtra,India,560001,2032-01-01,,3,1.59,,Full Time,Hybrid,AB+,2026-07-27 20:13:05,unknown
3189,Rohit,Singh,Rohit Singh,59,Female,it,Engineer,118388,4147.0,johngmail.com,12345,,Addr 2189,Kolkata,Maharashtra,India,411001,2032-01-01,,2,3.74,,Full Time,Remote,B+,2026-07-27 20:13:05,OK
3190,Sara,Joshi,Sara Joshi,45,F,HR,Analyst,55451,18356.0,abc.com,9146082474,,Addr 2190,Chennai,Maharashtra,India,560001,2015.04.11,,6,2.24,,full time,Remote,AB+,2026-07-27 20:13:05,unknown
3191,Vikram,Rao,Vikram Rao,59,M,I.T.,Engineer,60910,6917.0,abc.com,12345,,Addr 2191,Kolkata,Maharashtra,India,411001,2032-01-01,,10,4.4,,Contract,Onsite,A+,2026-07-27 20:13:05,none
3192,Ananya,Verma,Ananya Verma,23,F,Sales,Engineer,111263,18175.0,abc.com,999999999999999,,Addr 2192,Kolkata,Maharashtra,India,ABCDE,2019-03-31,,19,4.77,,Full Time,Hybrid,B+,2026-07-27 20:13:05,OK
3193,Priya,Kumar,Priya Kumar,43,male,Operations,Manager,130267,13896.0,@@gmail.com,abcdefghij,,Addr 2193,Chennai,Maharashtra,India,411001,06/02/2019,,16,2.25,,Full Time,Remote,,2026-07-27 20:13:05,unknown
3194,Kiran,Gupta,Kiran Gupta,31,male,Finance,Manager,65566,9639.0,kiran.gupta@example.com,,,Addr 2194,  Bangalore,Maharashtra,India,560001,2022.01.17,,17,2.55,,Contract,Remote,,2026-07-27 20:13:05,N/A
3195,Sneha,Joshi,Sneha Joshi,39,male,I.T.,Engineer,122845,10153.0,@@gmail.com,,,Addr 2195,  Bangalore,Maharashtra,India,411001,2032-01-01,,16,1.01,,full time,Remote,B+,2026-07-27 20:13:05,unknown
3196,Neha,Kumar,Neha Kumar,33,male,Finance,Manager,146483,12730.0,johngmail.com,999999999999999,,Addr 2196,Pune,Maharashtra,India,560001,21/01/2023,,15,4.37,,Contract,Onsite,B+,2026-07-27 20:13:05,none
3197,Rahul,Mehta,Rahul Mehta,57,female,it,Engineer,146469,15336.0,abc@,9137026167,,Addr 2197,  Bangalore,Maharashtra,India,560001,11/12/2022,,15,1.21,,Full Time,Onsite,O+,2026-07-27 20:13:05,OK
3198,Rahul,Verma,Rahul Verma,22,Female,HR,Engineer,139365,19962.0,rahul.verma@example.com,12345,,Addr 2198,Pune,Maharashtra,India,411001,08/09/2019,,7,1.21,,Full Time,Remote,B+,2026-07-27 20:13:05,none
3199,Ananya,Verma,Ananya Verma,51,F,I.T.,Executive,39548,2338.0,@@gmail.com,9238768090,,Addr 2199,Chennai,Maharashtra,India,560001,2032-01-01,,19,2.71,,Full Time,Onsite,AB+,2026-07-27 20:13:05,?
3200,Sara,Sharma,Sara Sharma,54,F,Sales,Manager,140378,3150.0,abc@,,,Addr 2200,Chennai,Maharashtra,India,123,2021-10-19,,18,2.43,,full time,Remote,B+,2026-07-27 20:13:05,N/A
3201,Arjun,Mehta,Arjun Mehta,56,female,it,Analyst,149849,,abc.com,abcdefghij,,Addr 2201,Hyderabad,Maharashtra,India,123,19/06/2015,,2,2.36,,Contract,Onsite,,2026-07-27 20:13:05,?
3202,Arjun,Rao,Arjun Rao,-5,F,Sales,Analyst,94999,11832.0,abc@,12345,,Addr 2202,Delhi ,Maharashtra,India,560001,2022-10-30,,3,1.05,,Contract,Remote,AB+,2026-07-27 20:13:05,N/A
3203,Priya,Gupta,Priya Gupta,51,MALE,Finance,Executive,56415,19343.0,priya.gupta@example.com,9516491907,,Addr 2203,Chennai,Maharashtra,India,123,2020.10.31,,10,1.46,,Contract,Hybrid,O+,2026-07-27 20:13:05,none
3204,Amit,Singh,Amit Singh,48,F,IT,Engineer,65608,10613.0,abc@,999999999999999,,Addr 2204,Chennai,Maharashtra,India,123,2032-01-01,,6,3.75,,Full Time,Onsite,AB+,2026-07-27 20:13:05,unknown
3205,Neha,Joshi,Neha Joshi,56,male,I.T.,Analyst,73177,12839.0,neha.joshi@example.com,12345,,Addr 2205, Mumbai,Maharashtra,India,ABCDE,2020.12.25,,13,3.27,,full time,Hybrid,A+,2026-07-27 20:13:05,?
3206,Kiran,Das,Kiran Das,33,female,Operations,Executive,50692,11093.0,abc@,9971888427,,Addr 2206,Chennai,Maharashtra,India,560001,2032-01-01,,10,2.67,,full time,Hybrid,B+,2026-07-27 20:13:05,none
3207,Amit,Kumar,Amit Kumar,0,M,Marketing,Executive,78623,11034.0,amit.kumar@example.com,12345,,Addr 2207,Hyderabad,Maharashtra,India,ABCDE,2032-01-01,,18,1.93,,Contract,Onsite,A+,2026-07-27 20:13:05,OK
3208,Priya,Kumar,Priya Kumar,33,Female,it,Manager,51551,,priya.kumar@example.com,999999999999999,,Addr 2208,Chennai,Maharashtra,India,411001,2020-06-27,,17,4.29,,Full Time,Onsite,A+,2026-07-27 20:13:05,N/A
3209,Sara,Rao,Sara Rao,24,female,Marketing,Analyst,34204,12837.0,sara.rao@example.com,12345,,Addr 2209,Kolkata,Maharashtra,India,411001,2022.08.05,,18,2.84,,full time,Remote,AB+,2026-07-27 20:13:05,N/A
3210,Amit,Verma,Amit Verma,47,F,HR,Manager,138206,1160.0,abc@,,,Addr 2210, Mumbai,Maharashtra,India,411001,26/11/2020,,0,4.25,,full time,Remote,A+,2026-07-27 20:13:05,N/A
3211,Ananya,Patel,Ananya Patel,54,MALE,Operations,Executive,122820,5606.0,abc@,,,Addr 2211,Delhi ,Maharashtra,India,123,05/11/2021,,8,4.16,,full time,Hybrid,O+,2026-07-27 20:13:05,none
3212,Amit,Gupta,Amit Gupta,34,F,Operations,Manager,31292,,amit.gupta@example.com,abcdefghij,,Addr 2212, Mumbai,Maharashtra,India,411001,2018-08-20,,4,3.53,,Contract,Remote,,2026-07-27 20:13:05,unknown
3213,Rahul,Sharma,Rahul Sharma,58,MALE,I.T.,Engineer,124698,18543.0,johngmail.com,9414656637,,Addr 2213,  Bangalore,Maharashtra,India,411001,2016.03.20,,7,3.56,,full time,Remote,AB+,2026-07-27 20:13:05,unknown
3214,Priya,Mehta,Priya Mehta,36,F,Sales,Analyst,86100,5129.0,abc@,abcdefghij,,Addr 2214,Kolkata,Maharashtra,India,411001,2017-08-24,,20,1.62,,Full Time,Onsite,B+,2026-07-27 20:13:05,unknown
3215,Rohit,Patel,Rohit Patel,27,Female,Sales,Analyst,70740,14160.0,@@gmail.com,,,Addr 2215,Kolkata,Maharashtra,India,123,2032-01-01,,18,4.3,,full time,Hybrid,O+,2026-07-27 20:13:05,?
3216,Priya,Verma,Priya Verma,23,Male,Sales,Manager,33446,1830.0,priya.verma@example.com,9507629420,,Addr 2216, Mumbai,Maharashtra,India,411001,2032-01-01,,4,4.11,,Full Time,Onsite,O+,2026-07-27 20:13:05,N/A
3217,Arjun,Verma,Arjun Verma,0,F,Information Technology,Analyst,125349,7914.0,@@gmail.com,999999999999999,,Addr 2217,Pune,Maharashtra,India,ABCDE,2032-01-01,,2,3.0,,full time,Hybrid,,2026-07-27 20:13:05,?
3218,Rohit,Gupta,Rohit Gupta,44,male,Sales,Analyst,135994,19695.0,@@gmail.com,12345,,Addr 2218,Hyderabad,Maharashtra,India,560001,13/01/2019,,9,1.94,,Contract,Onsite,O+,2026-07-27 20:13:05,none
3219,Vikram,Sharma,Vikram Sharma,28,MALE,Finance,Manager,135938,2632.0,abc.com,9693375790,,Addr 2219,Delhi ,Maharashtra,India,123,2019-10-12,,16,3.18,,full time,Remote,,2026-07-27 20:13:05,unknown
3220,Rohit,Mehta,Rohit Mehta,21,female,Sales,Manager,109043,8829.0,johngmail.com,999999999999999,,Addr 2220,Hyderabad,Maharashtra,India,ABCDE,2018.09.23,,1,2.42,,Contract,Remote,O+,2026-07-27 20:13:05,unknown
3221,Rahul,Verma,Rahul Verma,37,female,Operations,Engineer,66166,12126.0,rahul.verma@example.com,9336936834,,Addr 2221, Mumbai,Maharashtra,India,411001,2020-02-19,,0,2.08,,full time,Onsite,,2026-07-27 20:13:05,OK
3222,John,Mehta,John Mehta,-5,MALE,HR,Engineer,83845,7466.0,@@gmail.com,12345,,Addr 2222,Kolkata,Maharashtra,India,411001,2019.05.13,,11,2.35,,full time,Remote,AB+,2026-07-27 20:13:05,N/A
3223,Neha,Singh,Neha Singh,34,Male,I.T.,Engineer,102786,2333.0,abc@,,,Addr 2223,Hyderabad,Maharashtra,India,411001,2032-01-01,,17,4.1,,full time,Remote,AB+,2026-07-27 20:13:05,?
3224,Vikram,Kumar,Vikram Kumar,33,F,HR,Engineer,34257,8005.0,abc@,abcdefghij,,Addr 2224,Pune,Maharashtra,India,123,2022.05.30,,6,4.98,,Full Time,Hybrid,AB+,2026-07-27 20:13:05,none
3225,Rohit,Gupta,Rohit Gupta,36,Female,Finance,Manager,136929,16962.0,abc@,,,Addr 2225,  Bangalore,Maharashtra,India,ABCDE,2020-11-04,,1,1.82,,Full Time,Remote,B+,2026-07-27 20:13:05,OK
3226,Priya,Gupta,Priya Gupta,55,F,Marketing,Engineer,94382,12627.0,@@gmail.com,999999999999999,,Addr 2226,Kolkata,Maharashtra,India,411001,2016.07.09,,5,2.54,,full time,Remote,O+,2026-07-27 20:13:05,unknown
3227,Neha,Rao,Neha Rao,21,F,Finance,Engineer,95702,,abc@,,,Addr 2227,Hyderabad,Maharashtra,India,123,2032-01-01,,8,1.56,,Full Time,Hybrid,O+,2026-07-27 20:13:05,N/A
3228,Priya,Das,Priya Das,25,Male,Sales,Manager,76939,13612.0,abc@,9373434889,,Addr 2228,Hyderabad,Maharashtra,India,411001,2020-06-23,,0,4.7,,Full Time,Hybrid,B+,2026-07-27 20:13:05,OK
3229,Priya,Verma,Priya Verma,22,M,Marketing,Manager,106308,16429.0,abc.com,abcdefghij,,Addr 2229, Mumbai,Maharashtra,India,411001,2032-01-01,,5,4.98,,full time,Hybrid,B+,2026-07-27 20:13:05,OK
3230,Sara,Gupta,Sara Gupta,39,F,Operations,Engineer,92898,3296.0,johngmail.com,12345,,Addr 2230,Chennai,Maharashtra,India,ABCDE,2032-01-01,,19,2.23,,full time,Hybrid,O+,2026-07-27 20:13:05,OK
3231,Kiran,Das,Kiran Das,34,male,IT,Executive,142051,6292.0,@@gmail.com,999999999999999,,Addr 2231,Chennai,Maharashtra,India,ABCDE,2017.09.06,,9,4.64,,full time,Remote,O+,2026-07-27 20:13:05,?
3232,Arjun,Das,Arjun Das,42,Female,Information Technology,Manager,31895,,@@gmail.com,,,Addr 2232,Pune,Maharashtra,India,ABCDE,20/11/2017,,13,4.19,,Contract,Onsite,,2026-07-27 20:13:05,?
3233,Vikram,Sharma,Vikram Sharma,32,male,I.T.,Manager,43254,,abc.com,9522549457,,Addr 2233, Mumbai,Maharashtra,India,411001,2032-01-01,,12,3.18,,Full Time,Remote,A+,2026-07-27 20:13:05,N/A
3234,Amit,Mehta,Amit Mehta,51,male,IT,Engineer,66359,8301.0,johngmail.com,12345,,Addr 2234,Pune,Maharashtra,India,411001,2032-01-01,,10,3.79,,full time,Onsite,AB+,2026-07-27 20:13:05,?
3235,Sneha,Das,Sneha Das,44,female,Information Technology,Executive,147028,12002.0,sneha.das@example.com,9728642136,,Addr 2235,Pune,Maharashtra,India,560001,2020-12-13,,9,4.75,,Full Time,Remote,B+,2026-07-27 20:13:05,none
3236,Sara,Mehta,Sara Mehta,27,Female,Marketing,Analyst,66968,4227.0,abc.com,9054008538,,Addr 2236,Chennai,Maharashtra,India,123,16/09/2018,,0,4.12,,full time,Onsite,AB+,2026-07-27 20:13:05,OK
3237,Sara,Gupta,Sara Gupta,60,M,it,Executive,105517,8410.0,sara.gupta@example.com,999999999999999,,Addr 2237,Delhi ,Maharashtra,India,411001,2032-01-01,,15,1.27,,full time,Hybrid,AB+,2026-07-27 20:13:05,OK
3238,John,Gupta,John Gupta,48,M,it,Analyst,85765,1757.0,abc@,9852857940,,Addr 2238,Kolkata,Maharashtra,India,123,2020.11.24,,2,3.67,,Full Time,Hybrid,,2026-07-27 20:13:05,none
3239,Rohit,Joshi,Rohit Joshi,56,female,Information Technology,Engineer,132686,17062.0,abc.com,,,Addr 2239,  Bangalore,Maharashtra,India,560001,2032-01-01,,11,2.83,,Full Time,Onsite,AB+,2026-07-27 20:13:05,none
3240,Sneha,Mehta,Sneha Mehta,27,F,HR,Analyst,119962,7434.0,abc.com,999999999999999,,Addr 2240,Pune,Maharashtra,India,411001,2015-04-10,,13,3.19,,full time,Hybrid,A+,2026-07-27 20:13:05,N/A
3241,Amit,Mehta,Amit Mehta,32,male,it,Executive,100259,7196.0,amit.mehta@example.com,,,Addr 2241,  Bangalore,Maharashtra,India,ABCDE,2032-01-01,,4,4.62,,Full Time,Remote,O+,2026-07-27 20:13:05,none
3242,Sara,Joshi,Sara Joshi,31,Male,IT,Analyst,123811,15398.0,abc@,,,Addr 2242,  Bangalore,Maharashtra,India,ABCDE,2017-04-11,,7,2.83,,Contract,Remote,AB+,2026-07-27 20:13:05,unknown
3243,Sneha,Sharma,Sneha Sharma,54,male,IT,Executive,48185,17918.0,sneha.sharma@example.com,12345,,Addr 2243,  Bangalore,Maharashtra,India,411001,2020-09-06,,13,4.63,,Full Time,Hybrid,,2026-07-27 20:13:05,none
3244,Rahul,Sharma,Rahul Sharma,49,male,IT,Manager,99553,19241.0,abc@,9397970877,,Addr 2244,Kolkata,Maharashtra,India,411001,2018.01.08,,5,4.57,,full time,Onsite,B+,2026-07-27 20:13:05,unknown
3245,Arjun,Singh,Arjun Singh,29,Female,HR,Manager,147352,14237.0,johngmail.com,9400925427,,Addr 2245,Kolkata,Maharashtra,India,ABCDE,2015-12-24,,16,4.42,,Contract,Remote,B+,2026-07-27 20:13:05,unknown
3246,Neha,Sharma,Neha Sharma,55,F,it,Manager,73323,11065.0,@@gmail.com,abcdefghij,,Addr 2246,Hyderabad,Maharashtra,India,411001,2032-01-01,,8,3.03,,Contract,Onsite,O+,2026-07-27 20:13:05,?
3247,John,Das,John Das,30,male,HR,Manager,82244,9322.0,abc@,12345,,Addr 2247,  Bangalore,Maharashtra,India,123,2017.11.23,,1,4.87,,full time,Hybrid,A+,2026-07-27 20:13:05,N/A
3248,Arjun,Joshi,Arjun Joshi,48,female,IT,Engineer,113468,4758.0,abc.com,,,Addr 2248,Kolkata,Maharashtra,India,560001,15/04/2015,,13,3.94,,Full Time,Hybrid,,2026-07-27 20:13:05,unknown
3249,Ananya,Verma,Ananya Verma,180,male,Information Technology,Analyst,34557,5285.0,@@gmail.com,,,Addr 2249,Chennai,Maharashtra,India,560001,2023.03.14,,4,4.8,,full time,Onsite,A+,2026-07-27 20:13:05,?
3250,Amit,Mehta,Amit Mehta,50,F,I.T.,Executive,38950,19206.0,abc.com,12345,,Addr 2250,  Bangalore,Maharashtra,India,123,2023.11.16,,11,2.9,,Contract,Onsite,A+,2026-07-27 20:13:05,?
3251,John,Das,John Das,30,F,Information Technology,Analyst,41994,1810.0,johngmail.com,9813664929,,Addr 2251,  Bangalore,Maharashtra,India,411001,30/03/2017,,16,4.25,,Contract,Hybrid,B+,2026-07-27 20:13:05,?
3252,Priya,Singh,Priya Singh,40,M,IT,Executive,68970,19641.0,abc@,abcdefghij,,Addr 2252,Kolkata,Maharashtra,India,123,26/02/2023,,8,1.47,,Full Time,Onsite,O+,2026-07-27 20:13:05,unknown
3253,Vikram,Mehta,Vikram Mehta,34,Female,Operations,Engineer,35508,5569.0,vikram.mehta@example.com,,,Addr 2253,Delhi ,Maharashtra,India,560001,2019.07.31,,12,2.84,,full time,Hybrid,AB+,2026-07-27 20:13:05,?
3254,Ananya,Rao,Ananya Rao,37,Female,Information Technology,Manager,96900,10120.0,ananya.rao@example.com,12345,,Addr 2254,Chennai,Maharashtra,India,ABCDE,2019.06.14,,9,3.76,,Full Time,Remote,O+,2026-07-27 20:13:05,?
3255,Priya,Sharma,Priya Sharma,53,male,Sales,Engineer,73824,4284.0,abc.com,abcdefghij,,Addr 2255,Hyderabad,Maharashtra,India,411001,08/03/2015,,15,2.65,,Full Time,Onsite,AB+,2026-07-27 20:13:05,none
3256,Rahul,Sharma,Rahul Sharma,55,male,Finance,Engineer,-50000,2175.0,abc.com,abcdefghij,,Addr 2256,Pune,Maharashtra,India,ABCDE,2018.08.07,,5,4.87,,Full Time,Onsite,A+,2026-07-27 20:13:05,none
3257,Sneha,Gupta,Sneha Gupta,33,male,Information Technology,Analyst,105150,13070.0,abc.com,abcdefghij,,Addr 2257,Kolkata,Maharashtra,India,ABCDE,2032-01-01,,1,1.47,,Full Time,Remote,AB+,2026-07-27 20:13:05,OK
3258,Neha,Verma,Neha Verma,36,male,Sales,Manager,82024,,@@gmail.com,9491792165,,Addr 2258,Delhi ,Maharashtra,India,411001,2021-02-22,,3,4.46,,full time,Hybrid,,2026-07-27 20:13:05,?
3259,Amit,Rao,Amit Rao,36,M,IT,Manager,57391,9435.0,@@gmail.com,9035599673,,Addr 2259, Mumbai,Maharashtra,India,411001,18/04/2016,,3,1.81,,Full Time,Onsite,B+,2026-07-27 20:13:05,unknown
3260,Neha,Mehta,Neha Mehta,45,female,Marketing,Manager,44582,13358.0,abc@,9153944060,,Addr 2260,Kolkata,Maharashtra,India,123,2032-01-01,,3,3.78,,Full Time,Hybrid,,2026-07-27 20:13:05,unknown
3261,Kiran,Kumar,Kiran Kumar,49,MALE,HR,Manager,38081,,@@gmail.com,,,Addr 2261,Delhi ,Maharashtra,India,411001,2032-01-01,,11,1.44,,Full Time,Onsite,A+,2026-07-27 20:13:05,?
3262,John,Joshi,John Joshi,30,MALE,Sales,Analyst,61294,19303.0,johngmail.com,9123587905,,Addr 2262,  Bangalore,Maharashtra,India,ABCDE,2019-05-03,,19,1.25,,Full Time,Onsite,O+,2026-07-27 20:13:05,none
3263,Sneha,Rao,Sneha Rao,48,M,Operations,Manager,58011,14251.0,abc@,999999999999999,,Addr 2263,Pune,Maharashtra,India,411001,2023-12-01,,5,1.33,,Full Time,Onsite,O+,2026-07-27 20:13:05,none
3264,Sara,Singh,Sara Singh,37,male,Operations,Manager,127688,18452.0,abc.com,12345,,Addr 2264,Hyderabad,Maharashtra,India,560001,2021.12.06,,9,2.84,,Full Time,Hybrid,O+,2026-07-27 20:13:05,none
3265,Priya,Singh,Priya Singh,54,male,I.T.,Analyst,67220,8595.0,@@gmail.com,12345,,Addr 2265,Chennai,Maharashtra,India,560001,2017-09-08,,12,3.8,,full time,Remote,,2026-07-27 20:13:05,N/A
3266,Neha,Gupta,Neha Gupta,58,MALE,Operations,Executive,133588,12793.0,johngmail.com,12345,,Addr 2266,  Bangalore,Maharashtra,India,123,2016-03-25,,20,1.71,,Contract,Hybrid,O+,2026-07-27 20:13:05,unknown
3267,Arjun,Kumar,Arjun Kumar,29,M,Operations,Engineer,125287,3643.0,arjun.kumar@example.com,999999999999999,,Addr 2267, Mumbai,Maharashtra,India,411001,2024-05-09,,17,3.01,,full time,Hybrid,A+,2026-07-27 20:13:05,OK
3268,Arjun,Das,Arjun Das,56,male,HR,Engineer,133000,16459.0,abc@,9588284427,,Addr 2268,Chennai,Maharashtra,India,411001,2023.09.28,,11,2.3,,Full Time,Remote,,2026-07-27 20:13:05,none
3269,Kiran,Joshi,Kiran Joshi,51,MALE,Finance,Executive,85537,8509.0,johngmail.com,12345,,Addr 2269, Mumbai,Maharashtra,India,560001,2016-04-19,,20,3.75,,full time,Remote,AB+,2026-07-27 20:13:05,none
3270,Amit,Patel,Amit Patel,21,male,Sales,Engineer,130997,15566.0,abc.com,9519624524,,Addr 2270,Delhi ,Maharashtra,India,123,2032-01-01,,5,1.93,,full time,Onsite,A+,2026-07-27 20:13:05,none
3271,John,Gupta,John Gupta,41,F,Sales,Manager,108678,15381.0,johngmail.com,abcdefghij,,Addr 2271,Kolkata,Maharashtra,India,123,01/10/2020,,5,4.37,,full time,Hybrid,,2026-07-27 20:13:05,?
3272,Amit,Gupta,Amit Gupta,53,female,Marketing,Executive,115452,8723.0,johngmail.com,9063230017,,Addr 2272,Hyderabad,Maharashtra,India,123,2016.03.29,,15,4.18,,Full Time,Remote,,2026-07-27 20:13:05,unknown
3273,John,Patel,John Patel,29,Male,Sales,Executive,139811,19268.0,johngmail.com,999999999999999,,Addr 2273, Mumbai,Maharashtra,India,560001,2019-05-29,,4,2.54,,Contract,Hybrid,A+,2026-07-27 20:13:05,?
3274,Sneha,Kumar,Sneha Kumar,22,MALE,HR,Engineer,102309,18897.0,@@gmail.com,999999999999999,,Addr 2274,Delhi ,Maharashtra,India,560001,2017-11-22,,0,1.98,,full time,Remote,A+,2026-07-27 20:13:05,unknown
3275,Rohit,Kumar,Rohit Kumar,49,Male,HR,Analyst,41326,9822.0,abc.com,abcdefghij,,Addr 2275,Chennai,Maharashtra,India,123,2016-12-07,,15,3.64,,Full Time,Onsite,B+,2026-07-27 20:13:05,unknown
3276,Neha,Mehta,Neha Mehta,41,F,Sales,Analyst,145322,1986.0,abc@,12345,,Addr 2276,Pune,Maharashtra,India,ABCDE,2019.09.09,,6,1.44,,full time,Onsite,,2026-07-27 20:13:05,unknown
3277,John,Patel,John Patel,30,F,HR,Analyst,130943,,abc.com,999999999999999,,Addr 2277,Pune,Maharashtra,India,411001,2032-01-01,,0,2.71,,full time,Onsite,A+,2026-07-27 20:13:05,?
3278,Arjun,Sharma,Arjun Sharma,55,male,I.T.,Analyst,99999999,10631.0,@@gmail.com,abcdefghij,,Addr 2278, Mumbai,Maharashtra,India,411001,2032-01-01,,6,3.95,,full time,Hybrid,A+,2026-07-27 20:13:05,unknown
3279,John,Joshi,John Joshi,26,Male,HR,Analyst,145144,4407.0,abc@,12345,,Addr 2279,  Bangalore,Maharashtra,India,ABCDE,02/10/2016,,20,4.8,,full time,Onsite,,2026-07-27 20:13:05,unknown
3280,Vikram,Sharma,Vikram Sharma,60,MALE,Sales,Executive,141131,2692.0,abc.com,,,Addr 2280,Pune,Maharashtra,India,ABCDE,11/01/2023,,19,3.99,,full time,Onsite,,2026-07-27 20:13:05,unknown
3281,Kiran,Singh,Kiran Singh,56,MALE,Sales,Executive,95826,3030.0,abc@,12345,,Addr 2281,Hyderabad,Maharashtra,India,560001,2015-01-21,,2,4.99,,Contract,Remote,AB+,2026-07-27 20:13:05,?
3282,Kiran,Patel,Kiran Patel,55,female,it,Engineer,129052,18302.0,kiran.patel@example.com,abcdefghij,,Addr 2282,Delhi ,Maharashtra,India,123,10/05/2015,,4,2.4,,full time,Remote,A+,2026-07-27 20:13:05,OK
3283,Kiran,Joshi,Kiran Joshi,26,Male,Finance,Analyst,119020,14173.0,@@gmail.com,12345,,Addr 2283,Chennai,Maharashtra,India,411001,2015-11-07,,0,3.13,,Contract,Onsite,,2026-07-27 20:13:05,?
3284,John,Rao,John Rao,27,MALE,HR,Executive,51700,17615.0,@@gmail.com,abcdefghij,,Addr 2284,Hyderabad,Maharashtra,India,411001,2018-05-07,,15,1.8,,full time,Hybrid,A+,2026-07-27 20:13:05,none
3285,John,Gupta,John Gupta,49,M,Operations,Manager,31225,11453.0,abc@,abcdefghij,,Addr 2285,Chennai,Maharashtra,India,411001,2023.02.06,,18,2.1,,Contract,Remote,AB+,2026-07-27 20:13:05,unknown
3286,Vikram,Das,Vikram Das,50,F,it,Engineer,96174,2539.0,johngmail.com,abcdefghij,,Addr 2286, Mumbai,Maharashtra,India,123,04/07/2016,,14,4.64,,full time,Onsite,AB+,2026-07-27 20:13:05,?
3287,Sara,Singh,Sara Singh,38,Female,Marketing,Executive,137309,1248.0,abc@,999999999999999,,Addr 2287,Pune,Maharashtra,India,ABCDE,2016-06-20,,12,4.41,,Contract,Hybrid,B+,2026-07-27 20:13:05,none
3288,Vikram,Rao,Vikram Rao,32,M,HR,Analyst,103895,9701.0,abc@,,,Addr 2288,Hyderabad,Maharashtra,India,123,09/11/2020,,4,1.28,,Full Time,Onsite,B+,2026-07-27 20:13:05,N/A
3289,Sara,Sharma,Sara Sharma,27,M,Sales,Manager,120586,12348.0,johngmail.com,abcdefghij,,Addr 2289,Chennai,Maharashtra,India,123,2018-02-12,,12,4.73,,Full Time,Hybrid,AB+,2026-07-27 20:13:05,unknown
3290,Priya,Das,Priya Das,35,male,Operations,Engineer,139590,9708.0,abc@,,,Addr 2290,Kolkata,Maharashtra,India,123,2032-01-01,,18,4.7,,Full Time,Onsite,,2026-07-27 20:13:05,none
3291,Priya,Das,Priya Das,53,Female,IT,Executive,66111,3032.0,johngmail.com,,,Addr 2291,  Bangalore,Maharashtra,India,560001,2032-01-01,,7,2.12,,full time,Onsite,AB+,2026-07-27 20:13:05,OK
3292,Priya,Joshi,Priya Joshi,54,MALE,it,Analyst,105408,,@@gmail.com,999999999999999,,Addr 2292,Pune,Maharashtra,India,123,05/01/2023,,12,1.37,,Full Time,Onsite,AB+,2026-07-27 20:13:05,?
3293,Rahul,Gupta,Rahul Gupta,51,male,IT,Engineer,63459,11320.0,@@gmail.com,999999999999999,,Addr 2293, Mumbai,Maharashtra,India,123,2019-10-29,,7,1.07,,Full Time,Hybrid,B+,2026-07-27 20:13:05,?
3294,Amit,Joshi,Amit Joshi,57,Male,Sales,Manager,114344,8850.0,amit.joshi@example.com,abcdefghij,,Addr 2294,  Bangalore,Maharashtra,India,560001,2022-03-14,,0,4.36,,Full Time,Hybrid,A+,2026-07-27 20:13:05,none
3295,Sneha,Kumar,Sneha Kumar,26,Female,HR,Manager,101036,7323.0,johngmail.com,999999999999999,,Addr 2295,Hyderabad,Maharashtra,India,123,2015-10-06,,7,4.26,,full time,Onsite,B+,2026-07-27 20:13:05,?
3296,John,Patel,John Patel,39,male,Marketing,Engineer,98890,3606.0,abc@,12345,,Addr 2296,Hyderabad,Maharashtra,India,560001,25/12/2016,,0,1.18,,full time,Remote,B+,2026-07-27 20:13:05,N/A
3297,Rohit,Gupta,Rohit Gupta,43,M,HR,Executive,90505,10725.0,rohit.gupta@example.com,abcdefghij,,Addr 2297,Hyderabad,Maharashtra,India,123,2019-12-24,,6,2.98,,full time,Onsite,O+,2026-07-27 20:13:05,OK
3298,Neha,Singh,Neha Singh,53,F,Finance,Analyst,123597,13270.0,@@gmail.com,9494228514,,Addr 2298, Mumbai,Maharashtra,India,560001,06/04/2015,,4,2.4,,full time,Onsite,AB+,2026-07-27 20:13:05,OK
3299,Neha,Singh,Neha Singh,34,Male,Sales,Executive,147446,8447.0,neha.singh@example.com,9113723679,,Addr 2299,Hyderabad,Maharashtra,India,ABCDE,2023-03-28,,6,3.97,,full time,Onsite,B+,2026-07-27 20:13:05,N/A
3300,Priya,Patel,Priya Patel,58,Male,it,Manager,36400,19677.0,abc@,,,Addr 2300,Hyderabad,Maharashtra,India,560001,2015-11-10,,5,1.07,,Contract,Remote,,2026-07-27 20:13:05,none
3301,Vikram,Kumar,Vikram Kumar,28,MALE,HR,Manager,114449,18016.0,johngmail.com,,,Addr 2301,Kolkata,Maharashtra,India,560001,2032-01-01,,18,2.74,,Full Time,Hybrid,AB+,2026-07-27 20:13:05,none
3302,Ananya,Gupta,Ananya Gupta,39,M,Finance,Analyst,56166,19837.0,abc.com,12345,,Addr 2302,Hyderabad,Maharashtra,India,411001,2032-01-01,,11,2.02,,Full Time,Remote,O+,2026-07-27 20:13:05,none
3303,Kiran,Kumar,Kiran Kumar,50,M,it,Manager,54933,4531.0,@@gmail.com,9965866814,,Addr 2303,Kolkata,Maharashtra,India,ABCDE,2015.06.01,,17,4.4,,full time,Hybrid,O+,2026-07-27 20:13:05,N/A
3304,Vikram,Das,Vikram Das,33,female,I.T.,Executive,64154,15579.0,vikram.das@example.com,abcdefghij,,Addr 2304,Delhi ,Maharashtra,India,560001,2032-01-01,,11,3.08,,full time,Onsite,A+,2026-07-27 20:13:05,none
3305,Sara,Gupta,Sara Gupta,43,M,Information Technology,Engineer,80350,9415.0,sara.gupta@example.com,,,Addr 2305,Delhi ,Maharashtra,India,123,25/12/2023,,5,4.55,,Contract,Hybrid,A+,2026-07-27 20:13:05,none
3306,John,Mehta,John Mehta,22,F,Finance,Analyst,122131,13940.0,john.mehta@example.com,,,Addr 2306, Mumbai,Maharashtra,India,560001,28/03/2018,,13,3.39,,Contract,Remote,A+,2026-07-27 20:13:05,none
3307,Kiran,Das,Kiran Das,24,male,Marketing,Analyst,121733,2148.0,johngmail.com,,,Addr 2307,Chennai,Maharashtra,India,560001,2017-08-16,,10,2.35,,Full Time,Remote,B+,2026-07-27 20:13:05,N/A
3308,Neha,Mehta,Neha Mehta,51,female,I.T.,Executive,111578,8342.0,neha.mehta@example.com,9885340261,,Addr 2308,Pune,Maharashtra,India,123,2017.07.20,,4,2.52,,Full Time,Remote,A+,2026-07-27 20:13:05,OK
3309,Ananya,Kumar,Ananya Kumar,42,M,Operations,Analyst,34192,10515.0,abc@,12345,,Addr 2309,  Bangalore,Maharashtra,India,ABCDE,2024.07.06,,1,1.32,,Contract,Onsite,A+,2026-07-27 20:13:05,unknown
3310,Kiran,Das,Kiran Das,37,Male,it,Engineer,120264,16177.0,kiran.das@example.com,,,Addr 2310,Kolkata,Maharashtra,India,ABCDE,2032-01-01,,13,3.79,,full time,Remote,,2026-07-27 20:13:05,unknown
3311,Vikram,Singh,Vikram Singh,27,Female,it,Executive,129490,10177.0,johngmail.com,999999999999999,,Addr 2311,Delhi ,Maharashtra,India,560001,01/03/2019,,3,4.5,,Contract,Onsite,,2026-07-27 20:13:05,OK
3312,Ananya,Patel,Ananya Patel,48,M,it,Engineer,124899,12619.0,@@gmail.com,abcdefghij,,Addr 2312,Chennai,Maharashtra,India,411001,2016.06.08,,10,4.67,,Contract,Onsite,AB+,2026-07-27 20:13:05,OK
3313,Neha,Rao,Neha Rao,36,MALE,IT,Executive,146626,15803.0,@@gmail.com,9548400421,,Addr 2313,Kolkata,Maharashtra,India,560001,2018.01.10,,14,2.63,,Full Time,Remote,,2026-07-27 20:13:05,?
3314,Sara,Rao,Sara Rao,49,Female,HR,Manager,100449,7379.0,johngmail.com,,,Addr 2314,Chennai,Maharashtra,India,ABCDE,2022-05-25,,15,3.64,,Contract,Onsite,,2026-07-27 20:13:05,N/A
3315,Sara,Singh,Sara Singh,21,Male,HR,Executive,66762,,abc@,abcdefghij,,Addr 2315,Delhi ,Maharashtra,India,560001,01/11/2020,,5,1.58,,Contract,Onsite,O+,2026-07-27 20:13:05,OK
3316,Sneha,Mehta,Sneha Mehta,54,F,it,Analyst,102847,1377.0,@@gmail.com,,,Addr 2316,Hyderabad,Maharashtra,India,ABCDE,10/04/2022,,9,4.19,,Full Time,Onsite,AB+,2026-07-27 20:13:05,OK
3317,Arjun,Verma,Arjun Verma,33,female,it,Engineer,62232,16114.0,abc@,,,Addr 2317,Kolkata,Maharashtra,India,560001,2024.07.16,,15,1.89,,Contract,Hybrid,B+,2026-07-27 20:13:05,?
3318,Sneha,Patel,Sneha Patel,21,M,I.T.,Engineer,71636,18808.0,sneha.patel@example.com,12345,,Addr 2318, Mumbai,Maharashtra,India,411001,21/12/2016,,6,2.86,,Full Time,Remote,AB+,2026-07-27 20:13:05,none
3319,Arjun,Sharma,Arjun Sharma,38,male,HR,Analyst,35152,7188.0,abc@,12345,,Addr 2319,Pune,Maharashtra,India,560001,2021-11-28,,0,3.05,,full time,Onsite,AB+,2026-07-27 20:13:05,OK
3320,Arjun,Patel,Arjun Patel,37,Male,Marketing,Analyst,79103,5059.0,abc.com,9222413295,,Addr 2320,Pune,Maharashtra,India,411001,28/06/2021,,7,1.72,,Contract,Remote,A+,2026-07-27 20:13:05,N/A
3321,Kiran,Gupta,Kiran Gupta,55,MALE,it,Engineer,54460,11385.0,kiran.gupta@example.com,9221491610,,Addr 2321,Hyderabad,Maharashtra,India,123,24/02/2022,,4,4.86,,Full Time,Hybrid,,2026-07-27 20:13:05,?
3322,Rohit,Mehta,Rohit Mehta,55,Male,Finance,Manager,140187,10983.0,rohit.mehta@example.com,9997981763,,Addr 2322,Chennai,Maharashtra,India,411001,2022-06-05,,3,2.39,,Full Time,Onsite,A+,2026-07-27 20:13:05,?
3323,Sara,Das,Sara Das,39,Male,IT,Analyst,148229,18098.0,abc@,,,Addr 2323, Mumbai,Maharashtra,India,ABCDE,2032-01-01,,6,2.73,,full time,Remote,,2026-07-27 20:13:05,N/A
3324,Kiran,Das,Kiran Das,29,Male,Sales,Executive,120133,4099.0,johngmail.com,12345,,Addr 2324,Pune,Maharashtra,India,123,2032-01-01,,4,2.28,,Full Time,Remote,B+,2026-07-27 20:13:05,unknown
3325,John,Gupta,John Gupta,50,female,HR,Engineer,85748,17697.0,johngmail.com,abcdefghij,,Addr 2325,Delhi ,Maharashtra,India,411001,2020.02.06,,0,1.57,,Full Time,Hybrid,AB+,2026-07-27 20:13:05,none
3326,John,Mehta,John Mehta,27,MALE,Marketing,Manager,134504,17985.0,john.mehta@example.com,999999999999999,,Addr 2326,Hyderabad,Maharashtra,India,411001,2018.08.02,,15,4.9,,full time,Onsite,AB+,2026-07-27 20:13:05,unknown
3327,Kiran,Das,Kiran Das,51,male,Information Technology,Manager,97269,8989.0,abc@,12345,,Addr 2327,  Bangalore,Maharashtra,India,560001,05/08/2022,,6,1.47,,Contract,Remote,A+,2026-07-27 20:13:05,none
3328,Sneha,Verma,Sneha Verma,46,MALE,Sales,Engineer,63845,12163.0,abc.com,12345,,Addr 2328,Kolkata,Maharashtra,India,123,2015-06-27,,8,4.95,,full time,Onsite,O+,2026-07-27 20:13:05,none
3329,Sara,Verma,Sara Verma,58,MALE,Finance,Analyst,108982,18245.0,abc@,12345,,Addr 2329,Kolkata,Maharashtra,India,ABCDE,20/06/2023,,19,3.54,,full time,Onsite,,2026-07-27 20:13:05,?
3330,Arjun,Verma,Arjun Verma,59,F,Marketing,Manager,0,11511.0,@@gmail.com,12345,,Addr 2330,Hyderabad,Maharashtra,India,ABCDE,2019-12-01,,0,4.99,,full time,Onsite,,2026-07-27 20:13:05,N/A
3331,Sneha,Patel,Sneha Patel,53,Female,Finance,Executive,43800,15223.0,johngmail.com,12345,,Addr 2331, Mumbai,Maharashtra,India,123,2016-11-03,,2,2.39,,full time,Remote,AB+,2026-07-27 20:13:05,unknown
3332,Sneha,Rao,Sneha Rao,26,MALE,Marketing,Executive,74591,5769.0,abc.com,999999999999999,,Addr 2332,Pune,Maharashtra,India,560001,2021.05.11,,13,3.75,,full time,Hybrid,AB+,2026-07-27 20:13:05,unknown
3333,Rahul,Rao,Rahul Rao,43,MALE,it,Executive,45177,14842.0,abc.com,,,Addr 2333,Chennai,Maharashtra,India,560001,20/05/2017,,7,2.24,,Full Time,Hybrid,,2026-07-27 20:13:05,N/A
3334,Rohit,Joshi,Rohit Joshi,32,female,it,Manager,108445,15548.0,johngmail.com,9417333601,,Addr 2334,  Bangalore,Maharashtra,India,560001,2032-01-01,,12,4.09,,Full Time,Hybrid,B+,2026-07-27 20:13:05,unknown
3335,Sara,Joshi,Sara Joshi,56,F,Information Technology,Executive,135818,12879.0,@@gmail.com,,,Addr 2335,Kolkata,Maharashtra,India,560001,2032-01-01,,0,4.86,,Contract,Hybrid,AB+,2026-07-27 20:13:05,?
3336,Arjun,Rao,Arjun Rao,34,F,Marketing,Manager,145527,18608.0,johngmail.com,12345,,Addr 2336,  Bangalore,Maharashtra,India,560001,2023.12.18,,13,2.68,,Full Time,Onsite,A+,2026-07-27 20:13:05,?
3337,John,Sharma,John Sharma,52,female,Operations,Manager,117329,13237.0,johngmail.com,999999999999999,,Addr 2337,Delhi ,Maharashtra,India,411001,24/06/2020,,5,2.58,,Contract,Onsite,B+,2026-07-27 20:13:05,N/A
3338,Arjun,Gupta,Arjun Gupta,42,female,Operations,Manager,64414,3862.0,johngmail.com,9648261481,,Addr 2338,Hyderabad,Maharashtra,India,123,2032-01-01,,16,4.23,,Contract,Remote,B+,2026-07-27 20:13:05,none
3339,John,Sharma,John Sharma,35,female,HR,Engineer,130166,16836.0,john.sharma@example.com,12345,,Addr 2339,Hyderabad,Maharashtra,India,560001,2020-07-04,,12,3.27,,Contract,Remote,O+,2026-07-27 20:13:05,none
3340,Rohit,Gupta,Rohit Gupta,57,Male,Information Technology,Engineer,31763,15447.0,@@gmail.com,9863804044,,Addr 2340,  Bangalore,Maharashtra,India,411001,2032-01-01,,12,3.54,,Contract,Remote,B+,2026-07-27 20:13:05,OK
3341,Vikram,Singh,Vikram Singh,43,male,Marketing,Engineer,128585,1421.0,@@gmail.com,,,Addr 2341,Chennai,Maharashtra,India,560001,2018.09.04,,16,3.83,,full time,Onsite,A+,2026-07-27 20:13:05,N/A
3342,Arjun,Gupta,Arjun Gupta,25,F,HR,Manager,120236,10216.0,@@gmail.com,9458905730,,Addr 2342,Hyderabad,Maharashtra,India,123,25/09/2017,,12,1.3,,full time,Onsite,O+,2026-07-27 20:13:05,?
3343,John,Kumar,John Kumar,44,female,Marketing,Executive,58083,,john.kumar@example.com,12345,,Addr 2343,Pune,Maharashtra,India,560001,29/11/2016,,6,4.02,,Full Time,Onsite,O+,2026-07-27 20:13:05,?
3344,Rohit,Singh,Rohit Singh,42,M,IT,Engineer,73155,8943.0,@@gmail.com,12345,,Addr 2344,Pune,Maharashtra,India,ABCDE,2019.06.04,,6,1.96,,full time,Remote,B+,2026-07-27 20:13:05,OK
3345,Sneha,Das,Sneha Das,25,male,it,Executive,99999999,15772.0,abc@,12345,,Addr 2345,Pune,Maharashtra,India,411001,2032-01-01,,12,3.56,,Contract,Remote,AB+,2026-07-27 20:13:05,OK
3346,Rahul,Gupta,Rahul Gupta,57,M,Operations,Analyst,114458,8401.0,@@gmail.com,999999999999999,,Addr 2346,Pune,Maharashtra,India,560001,2019-04-29,,0,4.0,,Contract,Remote,B+,2026-07-27 20:13:05,N/A
3347,Neha,Patel,Neha Patel,35,M,Operations,Manager,67110,2286.0,abc.com,12345,,Addr 2347,Pune,Maharashtra,India,560001,06/01/2017,,16,3.88,,full time,Onsite,,2026-07-27 20:13:05,OK
3348,Arjun,Verma,Arjun Verma,56,MALE,Information Technology,Engineer,98865,8300.0,abc.com,,,Addr 2348,  Bangalore,Maharashtra,India,ABCDE,10/04/2018,,8,2.55,,full time,Hybrid,AB+,2026-07-27 20:13:05,none
3349,Amit,Gupta,Amit Gupta,22,female,Operations,Manager,61465,15843.0,johngmail.com,12345,,Addr 2349,Delhi ,Maharashtra,India,560001,2017-04-30,,9,2.06,,Contract,Hybrid,O+,2026-07-27 20:13:05,unknown
3350,Amit,Kumar,Amit Kumar,53,Female,Operations,Analyst,36159,8648.0,abc.com,12345,,Addr 2350,Pune,Maharashtra,India,411001,2032-01-01,,1,4.64,,Full Time,Onsite,AB+,2026-07-27 20:13:05,unknown
3351,Sara,Singh,Sara Singh,58,Female,Sales,Executive,129962,1292.0,sara.singh@example.com,abcdefghij,,Addr 2351,Delhi ,Maharashtra,India,123,07/06/2021,,6,4.13,,Contract,Onsite,A+,2026-07-27 20:13:05,unknown
3352,Neha,Rao,Neha Rao,26,female,Marketing,Executive,63774,15550.0,abc.com,,,Addr 2352, Mumbai,Maharashtra,India,123,2017-08-05,,9,3.19,,Contract,Hybrid,O+,2026-07-27 20:13:05,unknown
3353,Kiran,Verma,Kiran Verma,57,male,Information Technology,Engineer,146499,18057.0,johngmail.com,999999999999999,,Addr 2353,Pune,Maharashtra,India,123,2016-02-01,,15,4.6,,Contract,Hybrid,O+,2026-07-27 20:13:05,OK
3354,Rahul,Joshi,Rahul Joshi,29,M,I.T.,Analyst,34178,12145.0,johngmail.com,999999999999999,,Addr 2354,  Bangalore,Maharashtra,India,ABCDE,2032-01-01,,0,1.88,,Full Time,Remote,A+,2026-07-27 20:13:05,N/A
3355,Arjun,Joshi,Arjun Joshi,43,MALE,Operations,Analyst,120354,18852.0,@@gmail.com,12345,,Addr 2355,Kolkata,Maharashtra,India,411001,19/04/2021,,7,2.94,,Full Time,Hybrid,,2026-07-27 20:13:05,?
3356,Rahul,Verma,Rahul Verma,59,Female,IT,Analyst,62178,17080.0,abc@,12345,,Addr 2356,Delhi ,Maharashtra,India,560001,2032-01-01,,2,3.01,,Full Time,Remote,O+,2026-07-27 20:13:05,?
3357,Ananya,Das,Ananya Das,33,Male,Sales,Manager,107846,5663.0,johngmail.com,,,Addr 2357, Mumbai,Maharashtra,India,123,2024.05.10,,1,4.35,,full time,Onsite,A+,2026-07-27 20:13:05,none
3358,Neha,Joshi,Neha Joshi,55,female,Operations,Analyst,57829,11006.0,neha.joshi@example.com,abcdefghij,,Addr 2358,Hyderabad,Maharashtra,India,ABCDE,2032-01-01,,12,4.7,,Contract,Hybrid,AB+,2026-07-27 20:13:05,?
3359,Sneha,Singh,Sneha Singh,47,Female,it,Engineer,74894,7964.0,abc.com,999999999999999,,Addr 2359,Chennai,Maharashtra,India,123,2023-05-31,,16,1.39,,Contract,Hybrid,O+,2026-07-27 20:13:05,unknown
3360,Rohit,Gupta,Rohit Gupta,30,Male,it,Analyst,91285,4576.0,abc.com,12345,,Addr 2360,Hyderabad,Maharashtra,India,560001,2015-09-04,,5,1.05,,full time,Remote,,2026-07-27 20:13:05,?
3361,Rahul,Sharma,Rahul Sharma,45,male,Finance,Executive,78839,3152.0,abc@,12345,,Addr 2361,Kolkata,Maharashtra,India,ABCDE,2016-05-07,,13,2.67,,full time,Hybrid,O+,2026-07-27 20:13:05,?
3362,John,Rao,John Rao,33,M,IT,Executive,138156,,@@gmail.com,,,Addr 2362,Delhi ,Maharashtra,India,ABCDE,2032-01-01,,2,4.9,,full time,Onsite,A+,2026-07-27 20:13:05,none
3363,Sneha,Rao,Sneha Rao,25,female,Operations,Engineer,93923,17544.0,sneha.rao@example.com,12345,,Addr 2363,  Bangalore,Maharashtra,India,123,2021-12-05,,16,3.59,,Full Time,Onsite,O+,2026-07-27 20:13:05,?
3364,Priya,Joshi,Priya Joshi,32,F,Information Technology,Engineer,138591,,johngmail.com,,,Addr 2364,Pune,Maharashtra,India,411001,06/07/2019,,14,4.69,,Contract,Hybrid,A+,2026-07-27 20:13:05,unknown
3365,Vikram,Singh,Vikram Singh,30,F,Operations,Analyst,91716,17590.0,abc@,12345,,Addr 2365,  Bangalore,Maharashtra,India,411001,2021.08.09,,13,4.62,,Contract,Remote,,2026-07-27 20:13:05,N/A
3366,Vikram,Rao,Vikram Rao,35,M,I.T.,Engineer,60422,4333.0,@@gmail.com,12345,,Addr 2366,Hyderabad,Maharashtra,India,411001,2021-08-05,,17,1.07,,Full Time,Onsite,AB+,2026-07-27 20:13:05,none
3367,Rohit,Joshi,Rohit Joshi,25,male,Sales,Manager,62719,10236.0,johngmail.com,,,Addr 2367,  Bangalore,Maharashtra,India,411001,25/02/2017,,6,3.27,,full time,Remote,B+,2026-07-27 20:13:05,N/A
3368,Rohit,Kumar,Rohit Kumar,35,Female,I.T.,Executive,42147,18362.0,johngmail.com,abcdefghij,,Addr 2368,Delhi ,Maharashtra,India,ABCDE,08/10/2016,,9,4.92,,Full Time,Hybrid,,2026-07-27 20:13:05,OK
3369,Ananya,Sharma,Ananya Sharma,40,Female,Information Technology,Analyst,31651,4212.0,johngmail.com,9878967536,,Addr 2369,Pune,Maharashtra,India,123,2023.12.07,,9,2.37,,Contract,Hybrid,B+,2026-07-27 20:13:05,?
3370,Sneha,Singh,Sneha Singh,34,male,Marketing,Analyst,49297,9977.0,abc.com,12345,,Addr 2370,  Bangalore,Maharashtra,India,ABCDE,2020-03-23,,1,3.32,,Full Time,Hybrid,,2026-07-27 20:13:05,unknown
3371,Neha,Mehta,Neha Mehta,29,Female,Operations,Engineer,105479,17632.0,abc.com,,,Addr 2371,Hyderabad,Maharashtra,India,560001,2032-01-01,,17,4.24,,full time,Remote,AB+,2026-07-27 20:13:05,?
3372,Kiran,Verma,Kiran Verma,21,MALE,HR,Engineer,33015,10834.0,johngmail.com,abcdefghij,,Addr 2372,Hyderabad,Maharashtra,India,411001,2032-01-01,,1,1.97,,full time,Hybrid,B+,2026-07-27 20:13:05,?
3373,Rahul,Rao,Rahul Rao,44,Male,Information Technology,Executive,111277,9016.0,johngmail.com,,,Addr 2373,Hyderabad,Maharashtra,India,123,2032-01-01,,18,2.77,,Contract,Remote,A+,2026-07-27 20:13:05,OK
3374,Sneha,Mehta,Sneha Mehta,25,M,Finance,Manager,120399,18325.0,abc@,abcdefghij,,Addr 2374,Kolkata,Maharashtra,India,411001,2032-01-01,,17,4.14,,Contract,Onsite,AB+,2026-07-27 20:13:05,unknown
3375,Ananya,Patel,Ananya Patel,55,Female,Operations,Manager,119871,15389.0,@@gmail.com,9578616584,,Addr 2375,Chennai,Maharashtra,India,ABCDE,2021-08-03,,1,3.93,,Contract,Remote,B+,2026-07-27 20:13:05,N/A
3376,Rahul,Rao,Rahul Rao,22,M,Marketing,Executive,95697,3781.0,abc.com,,,Addr 2376,Chennai,Maharashtra,India,411001,12/04/2018,,13,2.25,,Contract,Onsite,B+,2026-07-27 20:13:05,none
3377,Rahul,Singh,Rahul Singh,31,male,Marketing,Analyst,98968,15472.0,johngmail.com,999999999999999,,Addr 2377,Hyderabad,Maharashtra,India,411001,02/11/2015,,7,1.07,,Contract,Remote,B+,2026-07-27 20:13:05,unknown
3378,Amit,Rao,Amit Rao,26,Female,Information Technology,Manager,62038,16733.0,abc@,abcdefghij,,Addr 2378,Chennai,Maharashtra,India,ABCDE,2032-01-01,,11,4.78,,Full Time,Remote,A+,2026-07-27 20:13:05,OK
3379,Ananya,Mehta,Ananya Mehta,24,female,Sales,Engineer,105579,,abc.com,9715808511,,Addr 2379,Kolkata,Maharashtra,India,123,2018-09-24,,9,1.43,,Full Time,Onsite,O+,2026-07-27 20:13:05,OK
3380,Priya,Patel,Priya Patel,50,F,Sales,Engineer,53816,2361.0,abc@,,,Addr 2380,Pune,Maharashtra,India,123,13/11/2016,,15,4.64,,Full Time,Onsite,A+,2026-07-27 20:13:05,OK
3381,Arjun,Joshi,Arjun Joshi,37,M,it,Engineer,71689,3104.0,arjun.joshi@example.com,9958348359,,Addr 2381,Kolkata,Maharashtra,India,ABCDE,2032-01-01,,10,4.5,,full time,Onsite,B+,2026-07-27 20:13:05,unknown
3382,Ananya,Gupta,Ananya Gupta,43,male,HR,Manager,116573,16613.0,@@gmail.com,999999999999999,,Addr 2382,Kolkata,Maharashtra,India,123,2021-12-04,,20,4.74,,Contract,Hybrid,,2026-07-27 20:13:05,unknown
3383,Rohit,Kumar,Rohit Kumar,44,MALE,Operations,Executive,33066,15788.0,@@gmail.com,9766271061,,Addr 2383,Delhi ,Maharashtra,India,ABCDE,2015-10-27,,7,1.08,,Full Time,Onsite,O+,2026-07-27 20:13:05,N/A
3384,Rohit,Rao,Rohit Rao,53,Male,Sales,Executive,31227,19392.0,johngmail.com,999999999999999,,Addr 2384,Delhi ,Maharashtra,India,123,2020-12-06,,14,2.19,,Contract,Remote,O+,2026-07-27 20:13:05,unknown
3385,Arjun,Singh,Arjun Singh,38,M,I.T.,Executive,84272,12266.0,arjun.singh@example.com,abcdefghij,,Addr 2385,Pune,Maharashtra,India,123,2023.07.22,,5,3.3,,Contract,Remote,AB+,2026-07-27 20:13:05,?
3386,Ananya,Das,Ananya Das,55,Female,Marketing,Engineer,81416,,ananya.das@example.com,999999999999999,,Addr 2386,Chennai,Maharashtra,India,560001,31/12/2015,,18,4.42,,Full Time,Onsite,A+,2026-07-27 20:13:05,?
3387,Ananya,Verma,Ananya Verma,40,Male,IT,Engineer,54507,1850.0,abc.com,,,Addr 2387,Pune,Maharashtra,India,ABCDE,2024.03.09,,11,3.94,,Contract,Onsite,,2026-07-27 20:13:05,?
3388,Neha,Das,Neha Das,22,M,IT,Analyst,106218,,@@gmail.com,999999999999999,,Addr 2388,Kolkata,Maharashtra,India,ABCDE,2022-02-27,,18,4.38,,full time,Remote,B+,2026-07-27 20:13:05,OK
3389,Priya,Gupta,Priya Gupta,54,M,Finance,Executive,99999999,11403.0,priya.gupta@example.com,abcdefghij,,Addr 2389,  Bangalore,Maharashtra,India,123,2016-10-18,,6,4.28,,Full Time,Hybrid,A+,2026-07-27 20:13:05,OK
3390,Ananya,Mehta,Ananya Mehta,53,male,Marketing,Manager,40732,5733.0,ananya.mehta@example.com,abcdefghij,,Addr 2390,Chennai,Maharashtra,India,560001,2021.03.22,,14,1.42,,Contract,Hybrid,,2026-07-27 20:13:05,?
3391,Amit,Joshi,Amit Joshi,48,F,Operations,Manager,133335,9551.0,abc.com,999999999999999,,Addr 2391,Hyderabad,Maharashtra,India,ABCDE,2015-03-06,,7,2.32,,full time,Remote,,2026-07-27 20:13:05,OK
3392,Kiran,Singh,Kiran Singh,48,female,Information Technology,Executive,77251,17621.0,kiran.singh@example.com,9883760617,,Addr 2392, Mumbai,Maharashtra,India,123,2022.10.07,,1,4.57,,full time,Onsite,O+,2026-07-27 20:13:05,none
3393,Neha,Gupta,Neha Gupta,51,Female,I.T.,Executive,37641,7462.0,@@gmail.com,abcdefghij,,Addr 2393,Hyderabad,Maharashtra,India,411001,2016-04-22,,16,2.83,,Full Time,Hybrid,O+,2026-07-27 20:13:05,?
3394,Vikram,Singh,Vikram Singh,21,F,HR,Engineer,129710,6292.0,vikram.singh@example.com,9073865437,,Addr 2394,Pune,Maharashtra,India,411001,07/07/2018,,12,4.25,,Contract,Remote,,2026-07-27 20:13:05,none
3395,Ananya,Verma,Ananya Verma,49,M,Information Technology,Manager,100117,13503.0,ananya.verma@example.com,abcdefghij,,Addr 2395, Mumbai,Maharashtra,India,411001,2016-06-30,,10,4.02,,Full Time,Onsite,B+,2026-07-27 20:13:05,?
3396,Sneha,Verma,Sneha Verma,28,female,IT,Executive,83634,15295.0,@@gmail.com,9658404291,,Addr 2396, Mumbai,Maharashtra,India,560001,2017.01.08,,18,4.77,,Full Time,Hybrid,O+,2026-07-27 20:13:05,unknown
3397,Vikram,Das,Vikram Das,26,female,I.T.,Analyst,125520,15175.0,@@gmail.com,9155721319,,Addr 2397, Mumbai,Maharashtra,India,560001,29/10/2015,,18,4.48,,Full Time,Remote,,2026-07-27 20:13:05,N/A
3398,Kiran,Das,Kiran Das,32,male,IT,Executive,41042,3515.0,abc@,,,Addr 2398,Delhi ,Maharashtra,India,ABCDE,2032-01-01,,17,1.82,,full time,Hybrid,O+,2026-07-27 20:13:05,unknown
3399,Ananya,Singh,Ananya Singh,42,M,Information Technology,Analyst,77918,15259.0,abc.com,,,Addr 2399,Pune,Maharashtra,India,560001,2032-01-01,,3,2.94,,full time,Onsite,,2026-07-27 20:13:05,unknown
3400,Arjun,Mehta,Arjun Mehta,56,male,Marketing,Manager,52753,2314.0,arjun.mehta@example.com,9429554712,,Addr 2400,Pune,Maharashtra,India,560001,28/01/2017,,2,2.53,,Full Time,Onsite,A+,2026-07-27 20:13:05,?
3401,Rohit,Verma,Rohit Verma,60,female,Operations,Executive,93160,7489.0,abc@,abcdefghij,,Addr 2401,Hyderabad,Maharashtra,India,411001,2018.01.10,,16,3.12,,Full Time,Onsite,O+,2026-07-27 20:13:05,none
3402,Amit,Mehta,Amit Mehta,28,Male,it,Engineer,125079,15805.0,amit.mehta@example.com,12345,,Addr 2402,Hyderabad,Maharashtra,India,411001,2019-09-06,,12,1.98,,Full Time,Onsite,AB+,2026-07-27 20:13:05,N/A
3403,Priya,Kumar,Priya Kumar,29,male,Marketing,Engineer,70201,,@@gmail.com,abcdefghij,,Addr 2403, Mumbai,Maharashtra,India,123,2019-03-05,,0,1.29,,full time,Hybrid,A+,2026-07-27 20:13:05,unknown
3404,Kiran,Singh,Kiran Singh,28,MALE,Information Technology,Manager,93635,,@@gmail.com,12345,,Addr 2404,Hyderabad,Maharashtra,India,411001,26/08/2018,,7,3.01,,Full Time,Onsite,A+,2026-07-27 20:13:05,none
3405,Ananya,Mehta,Ananya Mehta,24,F,Operations,Analyst,48794,18583.0,@@gmail.com,999999999999999,,Addr 2405, Mumbai,Maharashtra,India,123,2022.04.27,,4,2.14,,full time,Remote,B+,2026-07-27 20:13:05,N/A
3406,Vikram,Mehta,Vikram Mehta,36,female,HR,Manager,60940,13411.0,vikram.mehta@example.com,abcdefghij,,Addr 2406,Hyderabad,Maharashtra,India,ABCDE,2020.05.15,,8,3.69,,Full Time,Hybrid,B+,2026-07-27 20:13:05,OK
3407,Kiran,Kumar,Kiran Kumar,26,female,it,Engineer,105275,5697.0,@@gmail.com,999999999999999,,Addr 2407,Delhi ,Maharashtra,India,ABCDE,29/12/2023,,16,3.78,,Full Time,Remote,A+,2026-07-27 20:13:05,none
3408,Neha,Gupta,Neha Gupta,60,Female,IT,Engineer,109447,8553.0,johngmail.com,,,Addr 2408,Delhi ,Maharashtra,India,123,2020.06.30,,9,1.56,,Contract,Onsite,AB+,2026-07-27 20:13:05,N/A
3409,Ananya,Verma,Ananya Verma,31,F,HR,Manager,63257,7645.0,johngmail.com,,,Addr 2409, Mumbai,Maharashtra,India,411001,2019-10-21,,12,2.32,,Full Time,Remote,AB+,2026-07-27 20:13:05,unknown
3410,Sneha,Rao,Sneha Rao,45,M,Sales,Executive,92611,16690.0,sneha.rao@example.com,999999999999999,,Addr 2410, Mumbai,Maharashtra,India,123,2022.10.16,,0,1.49,,full time,Onsite,O+,2026-07-27 20:13:05,OK
3411,Rahul,Singh,Rahul Singh,25,male,Operations,Manager,48202,,abc@,9201738226,,Addr 2411,Kolkata,Maharashtra,India,560001,2032-01-01,,20,4.92,,Contract,Onsite,AB+,2026-07-27 20:13:05,?
3412,Neha,Sharma,Neha Sharma,60,Female,Marketing,Analyst,100763,8482.0,abc.com,,,Addr 2412,Hyderabad,Maharashtra,India,123,2023-05-31,,2,4.88,,Full Time,Onsite,,2026-07-27 20:13:05,unknown
3413,Kiran,Singh,Kiran Singh,41,Male,HR,Manager,78378,13732.0,abc.com,999999999999999,,Addr 2413,Kolkata,Maharashtra,India,123,24/11/2020,,6,1.69,,Contract,Onsite,AB+,2026-07-27 20:13:05,none
3414,Priya,Patel,Priya Patel,45,MALE,Information Technology,Engineer,128143,9261.0,johngmail.com,,,Addr 2414, Mumbai,Maharashtra,India,560001,2022-06-01,,1,3.11,,Full Time,Hybrid,AB+,2026-07-27 20:13:05,OK
3415,Neha,Verma,Neha Verma,21,F,it,Analyst,116520,19455.0,neha.verma@example.com,,,Addr 2415,Hyderabad,Maharashtra,India,ABCDE,2016-10-18,,5,3.49,,Full Time,Hybrid,O+,2026-07-27 20:13:05,N/A
3416,Rohit,Verma,Rohit Verma,28,M,IT,Engineer,99999999,5858.0,abc.com,abcdefghij,,Addr 2416,Kolkata,Maharashtra,India,411001,2017-09-02,,13,4.89,,Contract,Onsite,AB+,2026-07-27 20:13:05,none
3417,Arjun,Gupta,Arjun Gupta,39,female,I.T.,Engineer,118238,16003.0,johngmail.com,9631009453,,Addr 2417,Hyderabad,Maharashtra,India,123,28/05/2020,,4,4.66,,full time,Hybrid,B+,2026-07-27 20:13:05,N/A
3418,Ananya,Patel,Ananya Patel,51,F,I.T.,Analyst,0,7424.0,abc@,12345,,Addr 2418,Pune,Maharashtra,India,560001,2017.11.24,,18,4.51,,Full Time,Hybrid,A+,2026-07-27 20:13:05,OK
3419,Vikram,Patel,Vikram Patel,51,female,Marketing,Manager,93557,6329.0,abc@,,,Addr 2419,Pune,Maharashtra,India,560001,2019-11-22,,3,4.29,,Contract,Onsite,,2026-07-27 20:13:05,none
3420,Priya,Sharma,Priya Sharma,49,Female,it,Manager,118139,8604.0,@@gmail.com,12345,,Addr 2420, Mumbai,Maharashtra,India,560001,2016.08.11,,2,1.07,,full time,Onsite,O+,2026-07-27 20:13:05,N/A
3421,Neha,Sharma,Neha Sharma,45,F,Sales,Executive,31646,14232.0,neha.sharma@example.com,9251743421,,Addr 2421,Hyderabad,Maharashtra,India,123,27/01/2019,,19,3.15,,Contract,Onsite,B+,2026-07-27 20:13:05,none
3422,Rahul,Singh,Rahul Singh,59,M,Finance,Executive,97775,,abc@,999999999999999,,Addr 2422,Chennai,Maharashtra,India,560001,2022-11-27,,4,2.12,,Contract,Hybrid,,2026-07-27 20:13:05,unknown
3423,Sara,Gupta,Sara Gupta,40,F,Marketing,Manager,78182,2315.0,abc@,12345,,Addr 2423,Delhi ,Maharashtra,India,123,2020.02.12,,14,2.52,,full time,Hybrid,AB+,2026-07-27 20:13:05,none
3424,Amit,Sharma,Amit Sharma,52,female,Marketing,Manager,147974,18112.0,amit.sharma@example.com,12345,,Addr 2424,Delhi ,Maharashtra,India,ABCDE,2015-07-15,,20,2.97,,Full Time,Hybrid,AB+,2026-07-27 20:13:05,N/A
3425,Vikram,Das,Vikram Das,33,Male,IT,Manager,36417,9797.0,abc@,9307790012,,Addr 2425,Kolkata,Maharashtra,India,123,05/02/2020,,5,1.98,,Contract,Hybrid,A+,2026-07-27 20:13:05,none
3426,Kiran,Joshi,Kiran Joshi,48,F,I.T.,Executive,46178,,abc@,999999999999999,,Addr 2426,  Bangalore,Maharashtra,India,560001,2019.02.26,,13,1.56,,Contract,Onsite,A+,2026-07-27 20:13:05,?
3427,Sneha,Patel,Sneha Patel,29,M,Sales,Analyst,140263,2219.0,@@gmail.com,999999999999999,,Addr 2427,Kolkata,Maharashtra,India,560001,2019-06-23,,0,1.02,,Contract,Hybrid,O+,2026-07-27 20:13:05,unknown
3428,Rahul,Rao,Rahul Rao,42,female,Operations,Executive,57126,4838.0,abc@,9354336062,,Addr 2428, Mumbai,Maharashtra,India,560001,2032-01-01,,1,1.52,,Full Time,Onsite,AB+,2026-07-27 20:13:05,OK
3429,Ananya,Singh,Ananya Singh,46,M,it,Engineer,86933,15490.0,johngmail.com,abcdefghij,,Addr 2429,Delhi ,Maharashtra,India,ABCDE,2020-04-08,,18,3.32,,Contract,Remote,O+,2026-07-27 20:13:05,unknown
3430,Kiran,Gupta,Kiran Gupta,45,Male,Sales,Engineer,103324,19395.0,abc@,,,Addr 2430,Delhi ,Maharashtra,India,123,2015-10-04,,16,3.53,,Contract,Remote,AB+,2026-07-27 20:13:05,?
3431,Rahul,Singh,Rahul Singh,21,Female,Information Technology,Executive,40244,19538.0,abc@,,,Addr 2431,Pune,Maharashtra,India,123,30/08/2019,,6,1.71,,full time,Hybrid,O+,2026-07-27 20:13:05,unknown
3432,Sneha,Kumar,Sneha Kumar,58,MALE,Marketing,Engineer,144778,17526.0,johngmail.com,9815915674,,Addr 2432,Chennai,Maharashtra,India,560001,2016.01.26,,18,1.38,,Contract,Onsite,,2026-07-27 20:13:05,OK
3433,Vikram,Sharma,Vikram Sharma,55,Male,I.T.,Analyst,38135,6089.0,abc.com,999999999999999,,Addr 2433,Pune,Maharashtra,India,560001,2032-01-01,,11,3.43,,full time,Remote,A+,2026-07-27 20:13:05,OK
3434,Amit,Patel,Amit Patel,49,Female,Operations,Executive,114566,11167.0,abc.com,999999999999999,,Addr 2434,  Bangalore,Maharashtra,India,ABCDE,2022.08.14,,13,4.99,,full time,Remote,B+,2026-07-27 20:13:05,unknown
3435,Priya,Rao,Priya Rao,29,Female,IT,Manager,44316,10004.0,abc@,abcdefghij,,Addr 2435,Pune,Maharashtra,India,ABCDE,2032-01-01,,16,1.29,,full time,Onsite,A+,2026-07-27 20:13:05,unknown
3436,Arjun,Rao,Arjun Rao,56,Male,IT,Manager,89005,5490.0,abc.com,,,Addr 2436,Pune,Maharashtra,India,123,2017.08.08,,2,3.33,,Full Time,Hybrid,B+,2026-07-27 20:13:05,?
3437,John,Singh,John Singh,40,Female,Finance,Executive,99999999,,abc.com,12345,,Addr 2437, Mumbai,Maharashtra,India,ABCDE,07/01/2016,,3,4.81,,full time,Remote,B+,2026-07-27 20:13:05,OK
3438,Priya,Joshi,Priya Joshi,58,female,Operations,Engineer,111770,19726.0,abc.com,,,Addr 2438,Delhi ,Maharashtra,India,123,27/06/2018,,5,4.62,,full time,Hybrid,A+,2026-07-27 20:13:05,N/A
3439,Kiran,Gupta,Kiran Gupta,54,Female,Finance,Manager,87436,3627.0,@@gmail.com,,,Addr 2439, Mumbai,Maharashtra,India,411001,2017-05-06,,17,3.25,,full time,Remote,AB+,2026-07-27 20:13:05,none
3440,Sara,Kumar,Sara Kumar,57,male,Finance,Engineer,79467,17704.0,sara.kumar@example.com,,,Addr 2440,  Bangalore,Maharashtra,India,123,2017-03-18,,14,2.96,,Full Time,Onsite,,2026-07-27 20:13:05,none
3441,Rahul,Rao,Rahul Rao,43,female,IT,Analyst,145871,10160.0,rahul.rao@example.com,999999999999999,,Addr 2441,  Bangalore,Maharashtra,India,123,14/09/2019,,19,4.42,,full time,Hybrid,B+,2026-07-27 20:13:05,OK
3442,Sara,Rao,Sara Rao,55,M,it,Engineer,131840,6641.0,sara.rao@example.com,abcdefghij,,Addr 2442,Hyderabad,Maharashtra,India,ABCDE,20/01/2016,,18,2.07,,Contract,Onsite,AB+,2026-07-27 20:13:05,?
3443,John,Patel,John Patel,28,Male,it,Analyst,127791,,john.patel@example.com,abcdefghij,,Addr 2443,Delhi ,Maharashtra,India,560001,2019-07-28,,19,2.34,,full time,Hybrid,B+,2026-07-27 20:13:05,none
3444,Rahul,Singh,Rahul Singh,35,Female,Marketing,Analyst,80430,8538.0,johngmail.com,,,Addr 2444,Chennai,Maharashtra,India,ABCDE,2017-12-22,,5,4.09,,Contract,Hybrid,A+,2026-07-27 20:13:05,OK
3445,Rahul,Gupta,Rahul Gupta,27,male,it,Manager,136778,15173.0,rahul.gupta@example.com,999999999999999,,Addr 2445,Kolkata,Maharashtra,India,411001,2021-09-17,,18,1.37,,Full Time,Onsite,O+,2026-07-27 20:13:05,unknown
3446,John,Gupta,John Gupta,59,MALE,Marketing,Manager,69656,11673.0,@@gmail.com,9681966230,,Addr 2446, Mumbai,Maharashtra,India,560001,29/07/2017,,12,1.79,,Contract,Hybrid,AB+,2026-07-27 20:13:05,OK
3447,Rohit,Patel,Rohit Patel,55,F,IT,Executive,144796,8019.0,johngmail.com,abcdefghij,,Addr 2447,  Bangalore,Maharashtra,India,123,18/09/2018,,2,1.25,,Full Time,Remote,AB+,2026-07-27 20:13:05,?
3448,Rohit,Gupta,Rohit Gupta,32,M,Sales,Executive,65837,3056.0,abc@,999999999999999,,Addr 2448,Hyderabad,Maharashtra,India,123,2022.11.26,,14,2.01,,Full Time,Onsite,O+,2026-07-27 20:13:05,none
3449,John,Rao,John Rao,54,F,Finance,Manager,50933,11845.0,abc@,,,Addr 2449,Chennai,Maharashtra,India,411001,08/03/2024,,5,4.52,,Contract,Onsite,O+,2026-07-27 20:13:05,N/A
3450,Kiran,Das,Kiran Das,41,Male,Information Technology,Engineer,146096,19729.0,@@gmail.com,9142900940,,Addr 2450,  Bangalore,Maharashtra,India,560001,2016.03.06,,19,3.54,,Full Time,Onsite,B+,2026-07-27 20:13:05,none
3451,Neha,Verma,Neha Verma,27,Male,IT,Executive,139811,2010.0,abc@,999999999999999,,Addr 2451,Chennai,Maharashtra,India,560001,2032-01-01,,13,1.57,,full time,Hybrid,AB+,2026-07-27 20:13:05,?
3452,Kiran,Singh,Kiran Singh,50,male,Information Technology,Executive,53016,,abc.com,abcdefghij,,Addr 2452, Mumbai,Maharashtra,India,560001,09/01/2015,,9,2.46,,full time,Hybrid,B+,2026-07-27 20:13:05,unknown
3453,Rohit,Das,Rohit Das,26,F,HR,Analyst,110224,19403.0,johngmail.com,12345,,Addr 2453,Hyderabad,Maharashtra,India,411001,2017.03.01,,12,1.31,,full time,Onsite,B+,2026-07-27 20:13:05,N/A
3454,Neha,Verma,Neha Verma,39,M,IT,Analyst,118003,10745.0,neha.verma@example.com,,,Addr 2454,Hyderabad,Maharashtra,India,560001,2021-12-25,,15,4.71,,Full Time,Onsite,O+,2026-07-27 20:13:05,none
3455,Priya,Joshi,Priya Joshi,52,M,Information Technology,Engineer,148999,11536.0,priya.joshi@example.com,999999999999999,,Addr 2455,Kolkata,Maharashtra,India,ABCDE,02/11/2022,,5,1.78,,Full Time,Onsite,,2026-07-27 20:13:05,OK
3456,John,Gupta,John Gupta,57,Female,Information Technology,Engineer,57804,,abc@,,,Addr 2456,  Bangalore,Maharashtra,India,560001,2024-01-17,,12,1.69,,full time,Hybrid,A+,2026-07-27 20:13:05,unknown
3457,Priya,Rao,Priya Rao,47,female,Sales,Executive,88351,6295.0,priya.rao@example.com,9271215197,,Addr 2457,Hyderabad,Maharashtra,India,560001,01/12/2023,,14,1.88,,full time,Hybrid,B+,2026-07-27 20:13:05,unknown
3458,Kiran,Gupta,Kiran Gupta,37,male,Marketing,Executive,126330,15663.0,abc.com,999999999999999,,Addr 2458,Pune,Maharashtra,India,ABCDE,2032-01-01,,16,4.27,,Full Time,Hybrid,A+,2026-07-27 20:13:05,OK
3459,Arjun,Mehta,Arjun Mehta,53,M,Operations,Engineer,120506,5113.0,johngmail.com,,,Addr 2459,Pune,Maharashtra,India,560001,08/12/2021,,13,3.01,,full time,Remote,A+,2026-07-27 20:13:05,unknown
3460,Priya,Patel,Priya Patel,46,Male,IT,Engineer,99135,16702.0,johngmail.com,999999999999999,,Addr 2460,Chennai,Maharashtra,India,560001,04/03/2023,,5,2.69,,full time,Remote,AB+,2026-07-27 20:13:05,?
3461,Ananya,Das,Ananya Das,-5,F,HR,Analyst,93674,9772.0,abc@,abcdefghij,,Addr 2461,  Bangalore,Maharashtra,India,123,2032-01-01,,0,3.56,,full time,Hybrid,A+,2026-07-27 20:13:05,N/A
3462,Priya,Sharma,Priya Sharma,23,female,I.T.,Executive,69806,7628.0,@@gmail.com,999999999999999,,Addr 2462,Hyderabad,Maharashtra,India,411001,2019-06-30,,13,3.51,,Contract,Onsite,O+,2026-07-27 20:13:05,OK
3463,Neha,Rao,Neha Rao,30,M,I.T.,Manager,32839,10630.0,abc@,12345,,Addr 2463,Delhi ,Maharashtra,India,411001,2032-01-01,,16,1.82,,full time,Hybrid,,2026-07-27 20:13:05,unknown
3464,Sara,Joshi,Sara Joshi,24,F,I.T.,Manager,91742,3135.0,sara.joshi@example.com,abcdefghij,,Addr 2464,Hyderabad,Maharashtra,India,560001,2032-01-01,,19,2.27,,Full Time,Hybrid,A+,2026-07-27 20:13:05,none
3465,Ananya,Mehta,Ananya Mehta,44,Male,Operations,Analyst,84365,19939.0,johngmail.com,abcdefghij,,Addr 2465, Mumbai,Maharashtra,India,123,2024-05-18,,9,4.07,,full time,Hybrid,O+,2026-07-27 20:13:05,unknown
3466,Priya,Gupta,Priya Gupta,48,Male,IT,Manager,49894,11843.0,johngmail.com,abcdefghij,,Addr 2466,Chennai,Maharashtra,India,411001,2032-01-01,,17,4.96,,Full Time,Hybrid,,2026-07-27 20:13:05,OK
3467,Rohit,Gupta,Rohit Gupta,44,female,it,Executive,83394,4817.0,rohit.gupta@example.com,12345,,Addr 2467, Mumbai,Maharashtra,India,560001,2032-01-01,,15,1.05,,full time,Hybrid,O+,2026-07-27 20:13:05,?
3468,Priya,Kumar,Priya Kumar,25,male,IT,Analyst,36852,14363.0,abc@,9835571427,,Addr 2468,Hyderabad,Maharashtra,India,ABCDE,2019-05-05,,19,1.33,,Full Time,Onsite,A+,2026-07-27 20:13:05,N/A
3469,Sneha,Gupta,Sneha Gupta,42,male,I.T.,Analyst,143139,14210.0,abc@,12345,,Addr 2469,Hyderabad,Maharashtra,India,123,2024.02.24,,2,1.28,,Full Time,Onsite,A+,2026-07-27 20:13:05,N/A
3470,Rahul,Patel,Rahul Patel,45,Male,Sales,Analyst,63330,16194.0,johngmail.com,999999999999999,,Addr 2470,  Bangalore,Maharashtra,India,123,2032-01-01,,16,4.76,,Full Time,Onsite,A+,2026-07-27 20:13:05,unknown
3471,Kiran,Joshi,Kiran Joshi,42,female,Information Technology,Analyst,126168,10061.0,kiran.joshi@example.com,9372811223,,Addr 2471,Delhi ,Maharashtra,India,123,2032-01-01,,7,2.66,,Contract,Remote,B+,2026-07-27 20:13:05,none
3472,Sneha,Joshi,Sneha Joshi,42,F,Operations,Analyst,54145,12359.0,johngmail.com,12345,,Addr 2472,Hyderabad,Maharashtra,India,411001,2018-01-02,,2,2.7,,Contract,Onsite,AB+,2026-07-27 20:13:05,N/A
3473,Kiran,Singh,Kiran Singh,48,Male,HR,Executive,133932,1236.0,abc@,,,Addr 2473,Hyderabad,Maharashtra,India,560001,2021-05-04,,1,3.77,,full time,Hybrid,O+,2026-07-27 20:13:05,?
3474,Priya,Joshi,Priya Joshi,42,M,I.T.,Manager,67219,11114.0,johngmail.com,,,Addr 2474,Delhi ,Maharashtra,India,411001,2019-01-23,,18,2.25,,Contract,Remote,O+,2026-07-27 20:13:05,?
3475,Rahul,Singh,Rahul Singh,46,F,I.T.,Analyst,37175,12934.0,abc@,999999999999999,,Addr 2475,  Bangalore,Maharashtra,India,560001,2032-01-01,,19,3.98,,Contract,Onsite,,2026-07-27 20:13:05,?
3476,Sara,Sharma,Sara Sharma,26,Male,it,Engineer,111631,3175.0,sara.sharma@example.com,,,Addr 2476,Delhi ,Maharashtra,India,123,2019-10-07,,10,4.38,,full time,Remote,B+,2026-07-27 20:13:05,unknown
3477,Neha,Mehta,Neha Mehta,49,F,Information Technology,Engineer,115559,12230.0,johngmail.com,999999999999999,,Addr 2477,Delhi ,Maharashtra,India,560001,2023.11.23,,1,2.72,,full time,Onsite,O+,2026-07-27 20:13:05,N/A
3478,Kiran,Gupta,Kiran Gupta,53,M,HR,Executive,115492,8617.0,@@gmail.com,abcdefghij,,Addr 2478,Pune,Maharashtra,India,560001,2022.09.22,,6,3.82,,Full Time,Hybrid,O+,2026-07-27 20:13:05,OK
3479,Sara,Rao,Sara Rao,27,MALE,it,Manager,144218,15945.0,abc@,12345,,Addr 2479,Delhi ,Maharashtra,India,411001,2021-05-23,,15,2.89,,full time,Hybrid,B+,2026-07-27 20:13:05,?
3480,Ananya,Singh,Ananya Singh,39,male,Information Technology,Engineer,43395,6209.0,johngmail.com,12345,,Addr 2480,Kolkata,Maharashtra,India,123,2016.04.06,,3,1.93,,Full Time,Remote,,2026-07-27 20:13:05,none
3481,Vikram,Kumar,Vikram Kumar,48,male,Sales,Analyst,59521,,johngmail.com,,,Addr 2481,  Bangalore,Maharashtra,India,123,01/11/2020,,4,2.47,,Full Time,Onsite,O+,2026-07-27 20:13:05,OK
3482,Vikram,Sharma,Vikram Sharma,25,F,Information Technology,Analyst,126724,3583.0,@@gmail.com,abcdefghij,,Addr 2482,  Bangalore,Maharashtra,India,123,23/03/2017,,4,2.46,,Contract,Remote,B+,2026-07-27 20:13:05,?
3483,Priya,Gupta,Priya Gupta,21,M,Finance,Analyst,43833,17975.0,johngmail.com,12345,,Addr 2483,Hyderabad,Maharashtra,India,411001,20/01/2017,,18,3.96,,Contract,Hybrid,AB+,2026-07-27 20:13:05,OK
3484,Arjun,Sharma,Arjun Sharma,22,female,it,Manager,101041,2372.0,arjun.sharma@example.com,abcdefghij,,Addr 2484,Kolkata,Maharashtra,India,411001,2022-09-19,,1,2.27,,Contract,Remote,A+,2026-07-27 20:13:05,N/A
3485,Amit,Verma,Amit Verma,40,Female,I.T.,Manager,51660,11098.0,@@gmail.com,,,Addr 2485,Hyderabad,Maharashtra,India,123,29/12/2022,,6,1.61,,full time,Remote,AB+,2026-07-27 20:13:05,?
3486,John,Mehta,John Mehta,47,F,Operations,Engineer,101879,12271.0,john.mehta@example.com,12345,,Addr 2486,Hyderabad,Maharashtra,India,123,2023.09.12,,11,3.17,,full time,Onsite,,2026-07-27 20:13:05,OK
3487,Sara,Kumar,Sara Kumar,24,male,Finance,Executive,63036,19915.0,@@gmail.com,,,Addr 2487,Kolkata,Maharashtra,India,ABCDE,08/05/2021,,2,4.6,,Full Time,Hybrid,A+,2026-07-27 20:13:05,?
3488,Vikram,Verma,Vikram Verma,57,M,HR,Engineer,49399,17951.0,abc@,9312652810,,Addr 2488,  Bangalore,Maharashtra,India,123,2032-01-01,,2,4.6,,full time,Hybrid,,2026-07-27 20:13:05,unknown
3489,Rahul,Mehta,Rahul Mehta,56,Male,IT,Executive,73352,3531.0,@@gmail.com,12345,,Addr 2489,  Bangalore,Maharashtra,India,123,2032-01-01,,18,2.4,,Contract,Onsite,O+,2026-07-27 20:13:05,?
3490,Sneha,Gupta,Sneha Gupta,250,Female,it,Analyst,148194,13065.0,johngmail.com,999999999999999,,Addr 2490,Hyderabad,Maharashtra,India,ABCDE,2016.08.10,,5,1.84,,Full Time,Remote,,2026-07-27 20:13:05,none
3491,John,Rao,John Rao,29,MALE,IT,Executive,-50000,1409.0,abc.com,999999999999999,,Addr 2491, Mumbai,Maharashtra,India,123,2019.09.08,,18,3.47,,Full Time,Hybrid,,2026-07-27 20:13:05,unknown
3492,Rohit,Das,Rohit Das,51,male,Finance,Engineer,60520,16708.0,johngmail.com,999999999999999,,Addr 2492,Kolkata,Maharashtra,India,ABCDE,2020-08-30,,6,2.64,,Full Time,Onsite,,2026-07-27 20:13:05,none
3493,Kiran,Mehta,Kiran Mehta,44,F,IT,Engineer,74110,5772.0,abc@,9394970834,,Addr 2493,  Bangalore,Maharashtra,India,ABCDE,2032-01-01,,4,3.5,,Contract,Remote,AB+,2026-07-27 20:13:05,unknown
3494,Arjun,Patel,Arjun Patel,51,F,Operations,Executive,68442,19553.0,@@gmail.com,,,Addr 2494,Hyderabad,Maharashtra,India,411001,15/01/2018,,5,1.08,,Contract,Hybrid,O+,2026-07-27 20:13:05,unknown
3495,Sara,Kumar,Sara Kumar,51,F,Sales,Analyst,136788,8541.0,abc.com,9125525003,,Addr 2495,Hyderabad,Maharashtra,India,560001,02/08/2023,,15,4.48,,Full Time,Onsite,B+,2026-07-27 20:13:05,?
3496,Rohit,Das,Rohit Das,36,male,Information Technology,Analyst,95654,14244.0,abc@,abcdefghij,,Addr 2496, Mumbai,Maharashtra,India,560001,2015-08-18,,9,3.02,,Contract,Onsite,,2026-07-27 20:13:05,N/A
3497,Neha,Rao,Neha Rao,28,M,Sales,Engineer,142045,,abc.com,abcdefghij,,Addr 2497,Pune,Maharashtra,India,ABCDE,2016-07-16,,18,1.49,,full time,Remote,,2026-07-27 20:13:05,?
3498,Ananya,Singh,Ananya Singh,180,F,it,Executive,100593,10715.0,johngmail.com,abcdefghij,,Addr 2498,Hyderabad,Maharashtra,India,411001,2032-01-01,,13,2.3,,full time,Onsite,,2026-07-27 20:13:05,none
3499,Rohit,Verma,Rohit Verma,25,M,I.T.,Executive,111907,4898.0,abc.com,999999999999999,,Addr 2499,  Bangalore,Maharashtra,India,ABCDE,2017-06-21,,1,1.94,,Full Time,Onsite,O+,2026-07-27 20:13:05,?
3500,Rahul,Gupta,Rahul Gupta,60,MALE,Information Technology,Manager,68992,5821.0,abc.com,9003592057,,Addr 2500,Kolkata,Maharashtra,India,ABCDE,08/06/2022,,4,2.66,,Contract,Remote,B+,2026-07-27 20:13:05,OK
3501,Ananya,Kumar,Ananya Kumar,52,Male,Marketing,Analyst,109493,14196.0,ananya.kumar@example.com,9257981233,,Addr 2501,Chennai,Maharashtra,India,560001,2023-06-13,,6,1.21,,Contract,Onsite,,2026-07-27 20:13:05,N/A
3502,John,Joshi,John Joshi,26,Male,Finance,Engineer,125277,7876.0,john.joshi@example.com,999999999999999,,Addr 2502,Hyderabad,Maharashtra,India,411001,08/07/2019,,16,3.36,,Full Time,Remote,B+,2026-07-27 20:13:05,unknown
3503,Sneha,Mehta,Sneha Mehta,34,female,Information Technology,Executive,97749,13723.0,abc@,9142765657,,Addr 2503,  Bangalore,Maharashtra,India,560001,17/07/2016,,2,3.76,,Full Time,Hybrid,B+,2026-07-27 20:13:05,unknown
3504,Rahul,Verma,Rahul Verma,26,Male,Marketing,Engineer,64540,2529.0,johngmail.com,9455820094,,Addr 2504,Chennai,Maharashtra,India,ABCDE,2015.09.20,,8,2.44,,full time,Remote,,2026-07-27 20:13:05,unknown
3505,Vikram,Joshi,Vikram Joshi,21,Female,I.T.,Manager,117619,17981.0,abc@,,,Addr 2505,Hyderabad,Maharashtra,India,123,10/10/2017,,9,4.94,,full time,Onsite,A+,2026-07-27 20:13:05,?
3506,Rahul,Patel,Rahul Patel,41,Female,it,Engineer,45827,12472.0,abc@,12345,,Addr 2506,Pune,Maharashtra,India,411001,2032-01-01,,2,4.5,,Contract,Remote,O+,2026-07-27 20:13:05,OK
3507,Priya,Verma,Priya Verma,45,Male,IT,Engineer,45517,,abc@,9967469778,,Addr 2507, Mumbai,Maharashtra,India,123,26/09/2015,,3,2.74,,Full Time,Onsite,,2026-07-27 20:13:05,N/A
3508,Sara,Mehta,Sara Mehta,44,M,Finance,Engineer,87649,16977.0,sara.mehta@example.com,999999999999999,,Addr 2508,Delhi ,Maharashtra,India,ABCDE,05/02/2021,,4,3.85,,full time,Onsite,AB+,2026-07-27 20:13:05,N/A
3509,Priya,Kumar,Priya Kumar,55,Female,Marketing,Engineer,55799,6227.0,johngmail.com,abcdefghij,,Addr 2509,Hyderabad,Maharashtra,India,ABCDE,2022.02.11,,0,1.45,,full time,Remote,A+,2026-07-27 20:13:05,?
3510,Neha,Kumar,Neha Kumar,54,F,Operations,Manager,121010,10329.0,johngmail.com,999999999999999,,Addr 2510,Kolkata,Maharashtra,India,ABCDE,2016-03-27,,6,1.41,,full time,Onsite,AB+,2026-07-27 20:13:05,N/A
3511,Rohit,Patel,Rohit Patel,53,MALE,it,Analyst,61693,10473.0,abc@,,,Addr 2511,Kolkata,Maharashtra,India,560001,2032-01-01,,10,3.74,,Contract,Hybrid,A+,2026-07-27 20:13:05,OK
3512,Sneha,Mehta,Sneha Mehta,29,female,Operations,Engineer,148881,13050.0,@@gmail.com,,,Addr 2512,Chennai,Maharashtra,India,411001,2032-01-01,,8,1.88,,Contract,Remote,,2026-07-27 20:13:05,N/A
3513,Rahul,Patel,Rahul Patel,47,M,Information Technology,Manager,104920,9266.0,rahul.patel@example.com,999999999999999,,Addr 2513, Mumbai,Maharashtra,India,560001,2032-01-01,,5,1.21,,full time,Onsite,B+,2026-07-27 20:13:05,?
3514,Amit,Mehta,Amit Mehta,21,F,Marketing,Executive,31771,15147.0,abc@,999999999999999,,Addr 2514,Delhi ,Maharashtra,India,560001,2032-01-01,,16,1.49,,Full Time,Remote,A+,2026-07-27 20:13:05,unknown
3515,Vikram,Joshi,Vikram Joshi,36,Male,Finance,Engineer,124295,7683.0,abc.com,abcdefghij,,Addr 2515,Hyderabad,Maharashtra,India,ABCDE,2022.09.12,,5,1.78,,full time,Hybrid,,2026-07-27 20:13:05,N/A
3516,Neha,Verma,Neha Verma,27,female,Operations,Engineer,56387,3479.0,neha.verma@example.com,abcdefghij,,Addr 2516, Mumbai,Maharashtra,India,123,2021.02.09,,15,3.78,,Full Time,Remote,,2026-07-27 20:13:05,unknown
3517,Rahul,Singh,Rahul Singh,24,F,Sales,Executive,62985,4035.0,abc.com,9318732335,,Addr 2517,Hyderabad,Maharashtra,India,123,2023-07-02,,19,2.66,,Full Time,Remote,B+,2026-07-27 20:13:05,unknown
3518,Arjun,Sharma,Arjun Sharma,57,F,HR,Manager,55765,18080.0,johngmail.com,,,Addr 2518,Hyderabad,Maharashtra,India,123,2022-07-28,,9,4.82,,Contract,Remote,O+,2026-07-27 20:13:05,none
3519,Sneha,Patel,Sneha Patel,52,MALE,Marketing,Analyst,145158,7517.0,sneha.patel@example.com,999999999999999,,Addr 2519,Pune,Maharashtra,India,123,04/12/2018,,16,4.65,,Full Time,Hybrid,,2026-07-27 20:13:05,none
3520,Priya,Gupta,Priya Gupta,38,M,Marketing,Manager,116327,19752.0,abc@,999999999999999,,Addr 2520,  Bangalore,Maharashtra,India,411001,2016.07.31,,18,1.43,,Full Time,Onsite,AB+,2026-07-27 20:13:05,none
3521,Kiran,Das,Kiran Das,50,Female,Operations,Manager,96082,,abc@,,,Addr 2521,Delhi ,Maharashtra,India,411001,2015-03-29,,7,1.59,,Full Time,Remote,A+,2026-07-27 20:13:05,N/A
3522,Sara,Kumar,Sara Kumar,25,Female,Marketing,Executive,145428,11109.0,sara.kumar@example.com,,,Addr 2522,Chennai,Maharashtra,India,123,2020.09.12,,6,3.9,,Contract,Onsite,A+,2026-07-27 20:13:05,OK
3523,Sneha,Singh,Sneha Singh,21,MALE,HR,Analyst,67473,7951.0,sneha.singh@example.com,999999999999999,,Addr 2523,Delhi ,Maharashtra,India,411001,09/03/2023,,18,3.67,,full time,Onsite,B+,2026-07-27 20:13:05,?
3524,Ananya,Mehta,Ananya Mehta,41,F,HR,Manager,47279,19803.0,abc.com,12345,,Addr 2524,Kolkata,Maharashtra,India,ABCDE,2032-01-01,,7,2.93,,Contract,Remote,B+,2026-07-27 20:13:05,?
3525,Neha,Kumar,Neha Kumar,50,Male,Marketing,Engineer,101888,12115.0,abc.com,9178105245,,Addr 2525, Mumbai,Maharashtra,India,123,2032-01-01,,20,3.14,,full time,Hybrid,B+,2026-07-27 20:13:05,OK
3526,Priya,Singh,Priya Singh,42,M,Marketing,Engineer,64319,2981.0,@@gmail.com,abcdefghij,,Addr 2526, Mumbai,Maharashtra,India,ABCDE,2032-01-01,,19,1.34,,Full Time,Onsite,AB+,2026-07-27 20:13:05,unknown
3527,Vikram,Joshi,Vikram Joshi,46,MALE,HR,Engineer,143558,,johngmail.com,9865232042,,Addr 2527,Chennai,Maharashtra,India,123,28/10/2018,,4,4.54,,full time,Remote,O+,2026-07-27 20:13:05,N/A
3528,Rohit,Mehta,Rohit Mehta,24,Male,HR,Executive,68758,19370.0,abc.com,12345,,Addr 2528,Pune,Maharashtra,India,ABCDE,14/08/2020,,12,3.42,,full time,Onsite,AB+,2026-07-27 20:13:05,unknown
3529,Neha,Patel,Neha Patel,28,female,I.T.,Engineer,87106,18027.0,abc@,,,Addr 2529, Mumbai,Maharashtra,India,560001,2032-01-01,,19,1.77,,Contract,Remote,B+,2026-07-27 20:13:05,none
3530,Arjun,Kumar,Arjun Kumar,30,M,it,Engineer,76163,,johngmail.com,,,Addr 2530,Pune,Maharashtra,India,123,2032-01-01,,6,2.71,,full time,Onsite,A+,2026-07-27 20:13:05,none
3531,Sara,Rao,Sara Rao,32,Male,HR,Engineer,99480,4998.0,abc.com,abcdefghij,,Addr 2531,Pune,Maharashtra,India,123,2021-04-13,,6,4.21,,Full Time,Remote,,2026-07-27 20:13:05,N/A
3532,Rahul,Mehta,Rahul Mehta,22,Female,Finance,Manager,83441,,@@gmail.com,12345,,Addr 2532, Mumbai,Maharashtra,India,411001,2016.01.12,,12,1.92,,full time,Remote,,2026-07-27 20:13:05,?
3533,Vikram,Kumar,Vikram Kumar,29,F,HR,Engineer,66917,7870.0,abc@,12345,,Addr 2533,Delhi ,Maharashtra,India,411001,2032-01-01,,11,3.78,,full time,Remote,B+,2026-07-27 20:13:05,none
3534,Rahul,Das,Rahul Das,37,male,I.T.,Executive,120452,7087.0,abc@,,,Addr 2534,Hyderabad,Maharashtra,India,560001,2022-03-06,,5,4.98,,Contract,Hybrid,A+,2026-07-27 20:13:05,OK
3535,John,Joshi,John Joshi,28,Male,it,Analyst,33168,13643.0,abc.com,12345,,Addr 2535,Chennai,Maharashtra,India,560001,2032-01-01,,6,4.7,,Contract,Hybrid,B+,2026-07-27 20:13:05,OK
3536,Ananya,Kumar,Ananya Kumar,51,male,I.T.,Engineer,64984,8322.0,johngmail.com,999999999999999,,Addr 2536,Hyderabad,Maharashtra,India,411001,2018-10-02,,16,1.21,,Contract,Remote,AB+,2026-07-27 20:13:05,unknown
3537,Sneha,Joshi,Sneha Joshi,49,F,Sales,Manager,31279,9236.0,sneha.joshi@example.com,9023362864,,Addr 2537,Pune,Maharashtra,India,560001,14/11/2022,,15,2.89,,Full Time,Remote,,2026-07-27 20:13:05,none
3538,Neha,Patel,Neha Patel,48,female,Finance,Engineer,86599,15760.0,neha.patel@example.com,,,Addr 2538,Pune,Maharashtra,India,411001,2022-07-08,,2,3.17,,full time,Hybrid,A+,2026-07-27 20:13:05,unknown
3539,Ananya,Mehta,Ananya Mehta,22,male,it,Engineer,95147,9771.0,johngmail.com,abcdefghij,,Addr 2539, Mumbai,Maharashtra,India,ABCDE,2032-01-01,,7,2.59,,Full Time,Remote,O+,2026-07-27 20:13:05,?
3540,Vikram,Verma,Vikram Verma,50,male,Marketing,Executive,109082,18469.0,@@gmail.com,,,Addr 2540,Delhi ,Maharashtra,India,560001,11/12/2023,,18,2.06,,Contract,Onsite,AB+,2026-07-27 20:13:05,unknown
3541,Amit,Verma,Amit Verma,39,Female,IT,Manager,48684,6121.0,johngmail.com,9344483041,,Addr 2541,Kolkata,Maharashtra,India,123,2017.11.07,,10,3.62,,Contract,Onsite,AB+,2026-07-27 20:13:05,OK
3542,Priya,Gupta,Priya Gupta,52,F,I.T.,Executive,71545,15221.0,johngmail.com,999999999999999,,Addr 2542,Pune,Maharashtra,India,560001,2017-07-12,,13,4.98,,full time,Remote,B+,2026-07-27 20:13:05,?
3543,Arjun,Das,Arjun Das,25,MALE,Marketing,Analyst,36045,15614.0,johngmail.com,12345,,Addr 2543,Delhi ,Maharashtra,India,ABCDE,2016.07.03,,8,2.85,,full time,Onsite,AB+,2026-07-27 20:13:05,N/A
3544,Neha,Rao,Neha Rao,45,M,HR,Executive,86031,1171.0,@@gmail.com,,,Addr 2544,Delhi ,Maharashtra,India,411001,2032-01-01,,20,3.39,,full time,Remote,,2026-07-27 20:13:05,OK
3545,Priya,Joshi,Priya Joshi,42,F,I.T.,Manager,102763,7211.0,johngmail.com,12345,,Addr 2545, Mumbai,Maharashtra,India,ABCDE,2022.05.28,,1,1.6,,full time,Onsite,AB+,2026-07-27 20:13:05,N/A
3546,John,Rao,John Rao,27,MALE,Information Technology,Manager,34462,15769.0,abc.com,9514120119,,Addr 2546,  Bangalore,Maharashtra,India,560001,2032-01-01,,7,4.5,,Contract,Hybrid,B+,2026-07-27 20:13:05,N/A
3547,Ananya,Mehta,Ananya Mehta,28,MALE,Sales,Analyst,117462,7254.0,abc.com,9400811052,,Addr 2547, Mumbai,Maharashtra,India,123,2020-03-16,,15,2.69,,full time,Hybrid,,2026-07-27 20:13:05,?
3548,Sara,Patel,Sara Patel,45,MALE,Sales,Manager,56139,7686.0,sara.patel@example.com,999999999999999,,Addr 2548,  Bangalore,Maharashtra,India,560001,19/11/2021,,20,2.47,,Full Time,Onsite,AB+,2026-07-27 20:13:05,unknown
3549,Priya,Mehta,Priya Mehta,51,F,Sales,Executive,104554,1453.0,abc@,9720993525,,Addr 2549, Mumbai,Maharashtra,India,411001,2032-01-01,,11,2.36,,Contract,Hybrid,AB+,2026-07-27 20:13:05,OK
3550,Rahul,Mehta,Rahul Mehta,56,M,IT,Engineer,133217,1633.0,abc.com,999999999999999,,Addr 2550,Pune,Maharashtra,India,411001,2020-04-28,,0,3.12,,Full Time,Remote,O+,2026-07-27 20:13:05,N/A
3551,Sneha,Verma,Sneha Verma,56,Male,IT,Analyst,34908,14364.0,abc@,,,Addr 2551,Delhi ,Maharashtra,India,123,2032-01-01,,9,2.56,,Full Time,Onsite,O+,2026-07-27 20:13:05,?
3552,Kiran,Verma,Kiran Verma,25,F,it,Manager,93028,18664.0,@@gmail.com,9389335624,,Addr 2552,Hyderabad,Maharashtra,India,123,2017-10-15,,14,4.61,,Contract,Hybrid,B+,2026-07-27 20:13:05,OK
3553,Rohit,Gupta,Rohit Gupta,45,Female,it,Analyst,91454,19639.0,johngmail.com,9737995688,,Addr 2553,Chennai,Maharashtra,India,123,2032-01-01,,13,2.4,,Full Time,Hybrid,B+,2026-07-27 20:13:05,unknown
3554,Rohit,Das,Rohit Das,45,female,Finance,Engineer,73226,4041.0,abc.com,abcdefghij,,Addr 2554,Hyderabad,Maharashtra,India,ABCDE,2021.03.12,,18,4.35,,full time,Onsite,AB+,2026-07-27 20:13:05,none
3555,Rohit,Sharma,Rohit Sharma,43,male,Marketing,Manager,88662,18658.0,abc@,9760670625,,Addr 2555,Hyderabad,Maharashtra,India,411001,2032-01-01,,20,3.46,,full time,Remote,A+,2026-07-27 20:13:05,none
3556,Sara,Kumar,Sara Kumar,59,F,Sales,Executive,133170,19775.0,abc.com,abcdefghij,,Addr 2556,Chennai,Maharashtra,India,123,2022-12-12,,2,4.0,,Contract,Hybrid,B+,2026-07-27 20:13:05,OK
3557,Priya,Patel,Priya Patel,30,F,Operations,Manager,81688,3203.0,johngmail.com,12345,,Addr 2557, Mumbai,Maharashtra,India,123,2023-08-20,,19,3.85,,Contract,Hybrid,B+,2026-07-27 20:13:05,unknown
3558,Arjun,Rao,Arjun Rao,29,M,Marketing,Manager,106215,14915.0,johngmail.com,12345,,Addr 2558,Hyderabad,Maharashtra,India,411001,26/07/2021,,4,3.11,,Full Time,Remote,B+,2026-07-27 20:13:05,N/A
3559,John,Das,John Das,47,Male,HR,Engineer,90065,9156.0,johngmail.com,,,Addr 2559,Delhi ,Maharashtra,India,123,2015.08.14,,20,4.6,,full time,Hybrid,A+,2026-07-27 20:13:05,unknown
3560,Amit,Singh,Amit Singh,42,Female,Operations,Manager,133740,13535.0,johngmail.com,12345,,Addr 2560,Pune,Maharashtra,India,ABCDE,2023.09.01,,12,2.25,,Full Time,Onsite,A+,2026-07-27 20:13:05,OK
3561,Sneha,Singh,Sneha Singh,42,Female,HR,Manager,136586,12823.0,sneha.singh@example.com,,,Addr 2561, Mumbai,Maharashtra,India,560001,2017.06.26,,10,3.4,,Full Time,Remote,A+,2026-07-27 20:13:05,OK
3562,Vikram,Das,Vikram Das,25,female,HR,Analyst,126655,,vikram.das@example.com,12345,,Addr 2562,  Bangalore,Maharashtra,India,560001,06/10/2023,,6,2.22,,Full Time,Hybrid,,2026-07-27 20:13:05,none
3563,Sara,Das,Sara Das,42,female,HR,Executive,108013,2812.0,johngmail.com,9342180893,,Addr 2563,  Bangalore,Maharashtra,India,ABCDE,25/07/2020,,15,3.31,,Contract,Onsite,O+,2026-07-27 20:13:05,N/A
3564,Sara,Mehta,Sara Mehta,22,MALE,Marketing,Executive,89824,12744.0,abc@,abcdefghij,,Addr 2564, Mumbai,Maharashtra,India,411001,01/07/2016,,12,1.47,,Full Time,Hybrid,AB+,2026-07-27 20:13:05,OK
3565,Sara,Joshi,Sara Joshi,22,Female,Sales,Engineer,135372,16379.0,abc@,12345,,Addr 2565,Kolkata,Maharashtra,India,411001,2016.03.22,,18,1.98,,Contract,Hybrid,O+,2026-07-27 20:13:05,OK
3566,Sneha,Das,Sneha Das,58,M,Finance,Manager,90732,5887.0,@@gmail.com,999999999999999,,Addr 2566,Delhi ,Maharashtra,India,411001,2023.03.14,,13,3.73,,full time,Hybrid,B+,2026-07-27 20:13:05,OK
3567,Vikram,Sharma,Vikram Sharma,56,female,it,Analyst,105015,10927.0,vikram.sharma@example.com,,,Addr 2567,Pune,Maharashtra,India,ABCDE,24/11/2023,,3,2.25,,Contract,Onsite,A+,2026-07-27 20:13:05,N/A
3568,Sneha,Verma,Sneha Verma,250,F,it,Engineer,117850,18935.0,sneha.verma@example.com,9878253467,,Addr 2568,Hyderabad,Maharashtra,India,560001,2015.06.12,,20,1.15,,full time,Remote,AB+,2026-07-27 20:13:05,OK
3569,Neha,Patel,Neha Patel,28,M,it,Engineer,54088,14191.0,abc.com,abcdefghij,,Addr 2569,Delhi ,Maharashtra,India,560001,2022-04-18,,2,2.84,,Contract,Hybrid,O+,2026-07-27 20:13:05,none
3570,Sara,Joshi,Sara Joshi,25,female,Information Technology,Executive,68607,9390.0,@@gmail.com,12345,,Addr 2570,Pune,Maharashtra,India,ABCDE,09/05/2023,,3,4.35,,Contract,Remote,AB+,2026-07-27 20:13:05,?
3571,Rahul,Mehta,Rahul Mehta,44,M,Information Technology,Engineer,93777,3028.0,johngmail.com,9685164064,,Addr 2571,Pune,Maharashtra,India,123,2024.04.05,,9,2.39,,Contract,Remote,,2026-07-27 20:13:05,N/A
3572,Ananya,Verma,Ananya Verma,31,Female,it,Engineer,85408,15172.0,@@gmail.com,abcdefghij,,Addr 2572,  Bangalore,Maharashtra,India,123,2021.12.22,,19,1.43,,Full Time,Remote,AB+,2026-07-27 20:13:05,unknown
3573,Kiran,Gupta,Kiran Gupta,37,MALE,it,Manager,57153,3896.0,abc.com,,,Addr 2573,Kolkata,Maharashtra,India,ABCDE,28/08/2023,,9,3.59,,full time,Hybrid,,2026-07-27 20:13:05,OK
3574,Ananya,Verma,Ananya Verma,57,M,Sales,Engineer,72434,14706.0,abc@,12345,,Addr 2574,Hyderabad,Maharashtra,India,123,2018.09.12,,8,2.86,,Full Time,Hybrid,B+,2026-07-27 20:13:05,unknown
3575,Sneha,Joshi,Sneha Joshi,59,Female,it,Executive,43721,18318.0,abc.com,9333639960,,Addr 2575,Delhi ,Maharashtra,India,123,2032-01-01,,3,2.46,,Contract,Onsite,,2026-07-27 20:13:05,none
3576,John,Das,John Das,25,Female,Finance,Analyst,77687,13865.0,john.das@example.com,9409774184,,Addr 2576,Kolkata,Maharashtra,India,ABCDE,2032-01-01,,8,4.29,,full time,Remote,O+,2026-07-27 20:13:05,N/A
3577,Kiran,Singh,Kiran Singh,50,M,Operations,Manager,37732,15906.0,abc@,999999999999999,,Addr 2577,Hyderabad,Maharashtra,India,411001,2032-01-01,,8,3.29,,Full Time,Onsite,,2026-07-27 20:13:05,unknown
3578,Sneha,Verma,Sneha Verma,58,F,Information Technology,Engineer,133027,17101.0,sneha.verma@example.com,999999999999999,,Addr 2578,Chennai,Maharashtra,India,ABCDE,2016-11-11,,11,3.95,,Contract,Remote,B+,2026-07-27 20:13:05,?
3579,Arjun,Sharma,Arjun Sharma,47,male,it,Manager,116540,19276.0,abc.com,12345,,Addr 2579,Delhi ,Maharashtra,India,123,2023-08-27,,14,2.97,,Contract,Hybrid,,2026-07-27 20:13:05,none
3580,Sara,Patel,Sara Patel,30,Male,Finance,Manager,98010,16129.0,johngmail.com,abcdefghij,,Addr 2580, Mumbai,Maharashtra,India,560001,2032-01-01,,5,2.08,,full time,Hybrid,,2026-07-27 20:13:05,OK
3581,Arjun,Sharma,Arjun Sharma,24,female,Sales,Engineer,104928,8024.0,arjun.sharma@example.com,999999999999999,,Addr 2581,Delhi ,Maharashtra,India,ABCDE,2022.10.11,,1,2.93,,Contract,Onsite,B+,2026-07-27 20:13:05,N/A
3582,Rohit,Mehta,Rohit Mehta,55,Female,HR,Manager,98765,,johngmail.com,9108228194,,Addr 2582, Mumbai,Maharashtra,India,ABCDE,2018.11.13,,18,3.79,,full time,Hybrid,,2026-07-27 20:13:05,N/A
3583,Neha,Rao,Neha Rao,35,MALE,it,Analyst,106173,,abc.com,9678138231,,Addr 2583,Hyderabad,Maharashtra,India,560001,2032-01-01,,12,3.69,,full time,Hybrid,,2026-07-27 20:13:05,N/A
3584,Neha,Joshi,Neha Joshi,54,Female,I.T.,Manager,31154,16471.0,johngmail.com,abcdefghij,,Addr 2584,Pune,Maharashtra,India,560001,2032-01-01,,1,3.55,,Full Time,Hybrid,,2026-07-27 20:13:05,OK
3585,John,Sharma,John Sharma,48,F,HR,Executive,48541,3876.0,@@gmail.com,12345,,Addr 2585,Hyderabad,Maharashtra,India,560001,2032-01-01,,6,1.42,,Contract,Hybrid,A+,2026-07-27 20:13:05,none
3586,Arjun,Gupta,Arjun Gupta,41,female,Information Technology,Engineer,121686,17512.0,arjun.gupta@example.com,9202315218,,Addr 2586,Hyderabad,Maharashtra,India,560001,2016-09-02,,4,2.24,,Contract,Remote,A+,2026-07-27 20:13:05,OK
3587,Rohit,Mehta,Rohit Mehta,59,M,HR,Engineer,98253,,@@gmail.com,,,Addr 2587,Delhi ,Maharashtra,India,123,2032-01-01,,6,1.73,,full time,Hybrid,O+,2026-07-27 20:13:05,OK
3588,Sara,Joshi,Sara Joshi,46,MALE,Marketing,Engineer,64187,18058.0,@@gmail.com,,,Addr 2588, Mumbai,Maharashtra,India,ABCDE,2017.07.15,,13,2.92,,Contract,Hybrid,O+,2026-07-27 20:13:05,?
3589,Priya,Das,Priya Das,40,male,IT,Executive,117937,13582.0,johngmail.com,,,Addr 2589,Hyderabad,Maharashtra,India,123,15/02/2017,,11,3.29,,Full Time,Hybrid,A+,2026-07-27 20:13:05,N/A
3590,Arjun,Sharma,Arjun Sharma,51,M,Sales,Manager,130514,13501.0,abc@,9247180388,,Addr 2590,Kolkata,Maharashtra,India,123,02/03/2021,,14,1.41,,full time,Onsite,O+,2026-07-27 20:13:05,none
3591,Amit,Rao,Amit Rao,23,Male,Operations,Analyst,120669,15877.0,@@gmail.com,999999999999999,,Addr 2591,Kolkata,Maharashtra,India,123,2015-09-03,,16,3.31,,Full Time,Remote,A+,2026-07-27 20:13:05,?
3592,Neha,Rao,Neha Rao,38,male,Marketing,Manager,87285,4101.0,abc@,,,Addr 2592,  Bangalore,Maharashtra,India,411001,2020.08.19,,3,3.9,,full time,Hybrid,B+,2026-07-27 20:13:05,N/A
3593,Rohit,Sharma,Rohit Sharma,52,Male,Finance,Executive,85814,16855.0,rohit.sharma@example.com,,,Addr 2593,Hyderabad,Maharashtra,India,411001,08/10/2016,,18,3.64,,Full Time,Hybrid,B+,2026-07-27 20:13:05,N/A
3594,Amit,Kumar,Amit Kumar,31,Female,Operations,Engineer,139075,,@@gmail.com,999999999999999,,Addr 2594,  Bangalore,Maharashtra,India,123,2015-05-01,,19,2.72,,Full Time,Hybrid,AB+,2026-07-27 20:13:05,?
3595,Rahul,Singh,Rahul Singh,32,M,Finance,Engineer,101370,15497.0,@@gmail.com,9053083360,,Addr 2595,Delhi ,Maharashtra,India,560001,2032-01-01,,3,2.4,,Full Time,Onsite,,2026-07-27 20:13:05,none
3596,Rohit,Kumar,Rohit Kumar,52,Male,HR,Manager,52246,17571.0,abc.com,abcdefghij,,Addr 2596,  Bangalore,Maharashtra,India,560001,2032-01-01,,7,3.28,,full time,Remote,,2026-07-27 20:13:05,OK
3597,Kiran,Verma,Kiran Verma,53,F,Finance,Manager,78351,15803.0,abc.com,999999999999999,,Addr 2597,Delhi ,Maharashtra,India,123,2032-01-01,,19,3.52,,Full Time,Remote,AB+,2026-07-27 20:13:05,OK
3598,Sara,Patel,Sara Patel,28,F,Operations,Engineer,89739,14641.0,@@gmail.com,12345,,Addr 2598,Delhi ,Maharashtra,India,ABCDE,2021.09.26,,4,3.2,,Full Time,Hybrid,,2026-07-27 20:13:05,unknown
3599,Sneha,Singh,Sneha Singh,55,MALE,Sales,Analyst,113299,16218.0,abc@,12345,,Addr 2599,Chennai,Maharashtra,India,411001,2024-01-03,,9,4.55,,Contract,Remote,,2026-07-27 20:13:05,N/A
3600,Neha,Das,Neha Das,32,MALE,Marketing,Executive,72165,,johngmail.com,9011655865,,Addr 2600,Pune,Maharashtra,India,123,2021-11-05,,7,2.3,,full time,Onsite,A+,2026-07-27 20:13:05,none
3601,John,Sharma,John Sharma,24,M,Marketing,Engineer,141250,16845.0,johngmail.com,,,Addr 2601,Pune,Maharashtra,India,411001,2032-01-01,,7,3.88,,Contract,Remote,AB+,2026-07-27 20:13:05,none
3602,Amit,Singh,Amit Singh,28,Male,Operations,Executive,144780,,amit.singh@example.com,,,Addr 2602,Pune,Maharashtra,India,411001,2019.09.25,,15,1.74,,full time,Remote,O+,2026-07-27 20:13:05,?
3603,John,Sharma,John Sharma,42,Female,Operations,Engineer,37686,1324.0,john.sharma@example.com,9555018789,,Addr 2603,Pune,Maharashtra,India,123,25/03/2015,,18,3.42,,full time,Remote,B+,2026-07-27 20:13:05,N/A
3604,Sneha,Joshi,Sneha Joshi,33,female,HR,Analyst,119953,6705.0,sneha.joshi@example.com,9243025833,,Addr 2604, Mumbai,Maharashtra,India,560001,2022-06-12,,7,1.54,,full time,Hybrid,,2026-07-27 20:13:05,OK
3605,Arjun,Das,Arjun Das,52,female,HR,Engineer,124499,4965.0,arjun.das@example.com,abcdefghij,,Addr 2605,Delhi ,Maharashtra,India,ABCDE,06/05/2022,,9,3.55,,Full Time,Onsite,B+,2026-07-27 20:13:05,unknown
3606,John,Das,John Das,50,Male,Information Technology,Engineer,119573,,abc@,9613637506,,Addr 2606,Delhi ,Maharashtra,India,411001,29/09/2020,,7,4.83,,full time,Remote,A+,2026-07-27 20:13:05,?
3607,Neha,Das,Neha Das,39,F,Sales,Executive,60798,6504.0,@@gmail.com,12345,,Addr 2607, Mumbai,Maharashtra,India,ABCDE,2032-01-01,,19,3.44,,full time,Remote,,2026-07-27 20:13:05,?
3608,Rahul,Verma,Rahul Verma,21,Male,Operations,Analyst,147362,,abc@,999999999999999,,Addr 2608,  Bangalore,Maharashtra,India,123,2032-01-01,,8,4.59,,full time,Onsite,,2026-07-27 20:13:05,OK
3609,Ananya,Patel,Ananya Patel,23,male,I.T.,Manager,68250,6461.0,ananya.patel@example.com,9384332133,,Addr 2609,Pune,Maharashtra,India,411001,2017.05.13,,5,3.49,,full time,Remote,B+,2026-07-27 20:13:05,OK
3610,Amit,Gupta,Amit Gupta,58,MALE,it,Executive,33458,15844.0,@@gmail.com,9200255693,,Addr 2610,Hyderabad,Maharashtra,India,560001,2017-03-25,,13,3.83,,Full Time,Onsite,A+,2026-07-27 20:13:05,unknown
3611,Neha,Kumar,Neha Kumar,35,M,HR,Engineer,76157,5328.0,johngmail.com,abcdefghij,,Addr 2611, Mumbai,Maharashtra,India,560001,19/05/2020,,19,2.76,,full time,Hybrid,O+,2026-07-27 20:13:05,none
3612,Rohit,Patel,Rohit Patel,27,MALE,I.T.,Engineer,95396,13876.0,abc.com,,,Addr 2612,Hyderabad,Maharashtra,India,560001,2017.08.06,,5,4.87,,full time,Remote,B+,2026-07-27 20:13:05,?
3613,Priya,Kumar,Priya Kumar,32,Female,Finance,Engineer,121484,17595.0,@@gmail.com,12345,,Addr 2613,Kolkata,Maharashtra,India,411001,2021-07-28,,9,3.57,,full time,Hybrid,,2026-07-27 20:13:05,unknown
3614,Sara,Patel,Sara Patel,46,MALE,it,Executive,54680,5437.0,sara.patel@example.com,,,Addr 2614,Hyderabad,Maharashtra,India,123,15/02/2019,,7,3.67,,full time,Onsite,O+,2026-07-27 20:13:05,OK
3615,Amit,Patel,Amit Patel,23,M,it,Engineer,112290,13584.0,abc@,9244626556,,Addr 2615,Delhi ,Maharashtra,India,560001,2032-01-01,,4,4.28,,Full Time,Hybrid,O+,2026-07-27 20:13:05,OK
3616,Ananya,Verma,Ananya Verma,56,MALE,Operations,Manager,146488,9697.0,@@gmail.com,,,Addr 2616,Delhi ,Maharashtra,India,123,2032-01-01,,0,2.69,,Contract,Hybrid,O+,2026-07-27 20:13:05,OK
3617,Kiran,Patel,Kiran Patel,22,male,it,Executive,37157,,johngmail.com,12345,,Addr 2617,Delhi ,Maharashtra,India,560001,2022-09-01,,1,4.09,,Contract,Remote,O+,2026-07-27 20:13:05,none
3618,Arjun,Kumar,Arjun Kumar,45,female,Sales,Analyst,38926,6718.0,abc@,9960691382,,Addr 2618,  Bangalore,Maharashtra,India,ABCDE,2022.02.16,,4,3.75,,Contract,Hybrid,AB+,2026-07-27 20:13:05,?
3619,Rohit,Verma,Rohit Verma,58,M,Operations,Analyst,89522,13152.0,abc.com,abcdefghij,,Addr 2619,Hyderabad,Maharashtra,India,560001,2017-05-17,,2,4.08,,Contract,Hybrid,B+,2026-07-27 20:13:05,unknown
3620,Sara,Kumar,Sara Kumar,49,Male,Marketing,Manager,112514,15935.0,@@gmail.com,12345,,Addr 2620,  Bangalore,Maharashtra,India,411001,2016.04.10,,19,1.89,,full time,Remote,AB+,2026-07-27 20:13:05,?
3621,Amit,Sharma,Amit Sharma,32,female,it,Manager,123432,,@@gmail.com,abcdefghij,,Addr 2621,Delhi ,Maharashtra,India,411001,02/11/2022,,7,3.71,,Full Time,Hybrid,A+,2026-07-27 20:13:05,unknown
3622,Amit,Patel,Amit Patel,30,MALE,Finance,Analyst,119805,9225.0,abc@,,,Addr 2622,Kolkata,Maharashtra,India,ABCDE,2024-02-07,,11,1.28,,Full Time,Hybrid,A+,2026-07-27 20:13:05,unknown
3623,Kiran,Mehta,Kiran Mehta,29,female,it,Manager,67142,9090.0,@@gmail.com,,,Addr 2623,Kolkata,Maharashtra,India,560001,2032-01-01,,9,1.57,,full time,Onsite,A+,2026-07-27 20:13:05,?
3624,John,Sharma,John Sharma,29,MALE,I.T.,Manager,39113,15977.0,abc.com,abcdefghij,,Addr 2624,Kolkata,Maharashtra,India,560001,2017-08-18,,19,1.1,,Full Time,Hybrid,A+,2026-07-27 20:13:05,?
3625,Amit,Sharma,Amit Sharma,39,Male,I.T.,Executive,114279,9882.0,abc@,999999999999999,,Addr 2625,Hyderabad,Maharashtra,India,560001,25/04/2021,,11,4.57,,full time,Onsite,A+,2026-07-27 20:13:05,unknown
3626,Vikram,Singh,Vikram Singh,46,MALE,Marketing,Analyst,67276,13309.0,abc.com,abcdefghij,,Addr 2626,Hyderabad,Maharashtra,India,ABCDE,2019-09-28,,16,4.99,,full time,Remote,A+,2026-07-27 20:13:05,N/A
3627,Sara,Rao,Sara Rao,39,male,Information Technology,Manager,45413,5632.0,johngmail.com,,,Addr 2627,Kolkata,Maharashtra,India,411001,2017.08.14,,18,2.9,,Contract,Remote,A+,2026-07-27 20:13:05,N/A
3628,Rahul,Singh,Rahul Singh,58,Female,Information Technology,Executive,97291,1048.0,abc@,,,Addr 2628, Mumbai,Maharashtra,India,411001,2017.07.13,,15,2.76,,Contract,Onsite,A+,2026-07-27 20:13:05,unknown
3629,Rahul,Rao,Rahul Rao,46,Male,IT,Analyst,103131,12391.0,johngmail.com,abcdefghij,,Addr 2629,Delhi ,Maharashtra,India,411001,27/07/2021,,16,4.72,,Full Time,Hybrid,,2026-07-27 20:13:05,N/A
3630,Sara,Singh,Sara Singh,42,male,Marketing,Manager,62155,2935.0,johngmail.com,12345,,Addr 2630,Hyderabad,Maharashtra,India,411001,2023-09-13,,0,2.59,,Full Time,Remote,O+,2026-07-27 20:13:05,none
3631,John,Joshi,John Joshi,46,Male,Finance,Engineer,97455,16319.0,john.joshi@example.com,9690733821,,Addr 2631,Hyderabad,Maharashtra,India,ABCDE,2015-04-25,,1,3.48,,Full Time,Hybrid,,2026-07-27 20:13:05,none
3632,Kiran,Verma,Kiran Verma,56,MALE,IT,Analyst,55287,8201.0,johngmail.com,9469061096,,Addr 2632, Mumbai,Maharashtra,India,ABCDE,24/04/2016,,4,3.73,,Full Time,Onsite,B+,2026-07-27 20:13:05,N/A
3633,Neha,Joshi,Neha Joshi,41,female,Operations,Manager,34867,5327.0,@@gmail.com,999999999999999,,Addr 2633,Delhi ,Maharashtra,India,560001,2032-01-01,,12,2.95,,Contract,Hybrid,,2026-07-27 20:13:05,none
3634,Ananya,Patel,Ananya Patel,53,female,Finance,Manager,47179,,ananya.patel@example.com,,,Addr 2634,  Bangalore,Maharashtra,India,123,2032-01-01,,9,3.01,,Contract,Remote,AB+,2026-07-27 20:13:05,?
3635,John,Sharma,John Sharma,57,female,Operations,Analyst,-50000,10790.0,john.sharma@example.com,abcdefghij,,Addr 2635,Pune,Maharashtra,India,411001,2019.11.03,,17,1.84,,Contract,Remote,O+,2026-07-27 20:13:05,none
3636,Sneha,Kumar,Sneha Kumar,42,MALE,Marketing,Engineer,149606,,johngmail.com,12345,,Addr 2636,Kolkata,Maharashtra,India,123,2032-01-01,,18,3.05,,Full Time,Onsite,AB+,2026-07-27 20:13:05,none
3637,Sneha,Singh,Sneha Singh,30,MALE,Marketing,Manager,86040,,abc@,,,Addr 2637,Kolkata,Maharashtra,India,123,2022-03-25,,16,3.91,,Full Time,Onsite,B+,2026-07-27 20:13:05,unknown
3638,Arjun,Joshi,Arjun Joshi,35,MALE,I.T.,Analyst,112618,,abc@,9869529382,,Addr 2638,Pune,Maharashtra,India,560001,25/07/2020,,17,2.53,,full time,Remote,A+,2026-07-27 20:13:05,OK
3639,Rahul,Das,Rahul Das,23,Male,HR,Manager,113809,16123.0,rahul.das@example.com,9441482243,,Addr 2639, Mumbai,Maharashtra,India,123,2017.07.06,,16,3.09,,full time,Hybrid,AB+,2026-07-27 20:13:05,N/A
3640,Kiran,Singh,Kiran Singh,31,female,Marketing,Engineer,76522,,johngmail.com,,,Addr 2640,Kolkata,Maharashtra,India,123,2021.10.16,,13,3.41,,Full Time,Hybrid,B+,2026-07-27 20:13:05,OK
3641,Ananya,Sharma,Ananya Sharma,52,Female,it,Manager,80969,2573.0,ananya.sharma@example.com,9527737481,,Addr 2641,Hyderabad,Maharashtra,India,123,2017.10.09,,17,2.98,,Contract,Remote,O+,2026-07-27 20:13:05,N/A
3642,Kiran,Patel,Kiran Patel,39,Male,IT,Engineer,52014,11535.0,abc.com,12345,,Addr 2642, Mumbai,Maharashtra,India,411001,31/01/2021,,14,4.04,,Full Time,Onsite,O+,2026-07-27 20:13:05,unknown
3643,Rahul,Joshi,Rahul Joshi,37,F,IT,Engineer,134258,16078.0,abc.com,,,Addr 2643,Hyderabad,Maharashtra,India,560001,2022.03.06,,16,4.68,,Full Time,Remote,B+,2026-07-27 20:13:05,OK
3644,Sara,Mehta,Sara Mehta,55,Male,HR,Manager,51856,1724.0,johngmail.com,999999999999999,,Addr 2644,Hyderabad,Maharashtra,India,560001,2019.06.30,,0,4.39,,full time,Hybrid,A+,2026-07-27 20:13:05,OK
3645,Vikram,Verma,Vikram Verma,23,Male,Operations,Executive,40181,10236.0,abc.com,abcdefghij,,Addr 2645,Chennai,Maharashtra,India,123,2032-01-01,,0,2.86,,Contract,Onsite,A+,2026-07-27 20:13:05,?
3646,Vikram,Sharma,Vikram Sharma,60,M,Sales,Manager,105711,19266.0,abc@,,,Addr 2646,Chennai,Maharashtra,India,560001,2023-02-27,,3,2.73,,Full Time,Onsite,O+,2026-07-27 20:13:05,unknown
3647,Arjun,Joshi,Arjun Joshi,47,Male,HR,Executive,0,,abc.com,12345,,Addr 2647,Chennai,Maharashtra,India,560001,2015.10.16,,7,3.25,,Contract,Onsite,A+,2026-07-27 20:13:05,none
3648,Priya,Rao,Priya Rao,58,MALE,it,Engineer,37180,11361.0,abc@,9795860725,,Addr 2648,Kolkata,Maharashtra,India,ABCDE,14/12/2018,,20,4.98,,Contract,Remote,A+,2026-07-27 20:13:05,N/A
3649,Rahul,Rao,Rahul Rao,30,Male,Sales,Manager,96874,6299.0,abc.com,12345,,Addr 2649,Kolkata,Maharashtra,India,ABCDE,22/08/2023,,12,2.51,,Full Time,Remote,,2026-07-27 20:13:05,N/A
3650,Priya,Patel,Priya Patel,21,F,Sales,Engineer,78766,11455.0,priya.patel@example.com,12345,,Addr 2650,Kolkata,Maharashtra,India,560001,2020.11.18,,20,3.45,,full time,Remote,AB+,2026-07-27 20:13:05,OK
3651,Neha,Mehta,Neha Mehta,25,MALE,Sales,Analyst,147539,4606.0,johngmail.com,,,Addr 2651,Chennai,Maharashtra,India,411001,2018.10.15,,10,2.06,,Contract,Remote,AB+,2026-07-27 20:13:05,unknown
3652,Arjun,Das,Arjun Das,30,Female,I.T.,Analyst,110587,13684.0,johngmail.com,,,Addr 2652,Kolkata,Maharashtra,India,411001,2020-11-24,,13,1.37,,Full Time,Remote,A+,2026-07-27 20:13:05,N/A
3653,Priya,Joshi,Priya Joshi,50,M,Sales,Manager,145308,13040.0,abc.com,abcdefghij,,Addr 2653,  Bangalore,Maharashtra,India,411001,2019.02.23,,11,3.49,,Contract,Onsite,,2026-07-27 20:13:05,?
3654,Ananya,Joshi,Ananya Joshi,28,F,Finance,Manager,124066,17292.0,@@gmail.com,9221203736,,Addr 2654,Pune,Maharashtra,India,411001,2022.08.20,,10,1.75,,Full Time,Remote,B+,2026-07-27 20:13:05,N/A
3655,Kiran,Patel,Kiran Patel,23,MALE,Information Technology,Executive,124180,8196.0,abc.com,9430718466,,Addr 2655,Hyderabad,Maharashtra,India,411001,05/07/2023,,10,1.44,,full time,Onsite,A+,2026-07-27 20:13:05,N/A
3656,Neha,Singh,Neha Singh,33,M,IT,Analyst,49432,2727.0,johngmail.com,,,Addr 2656,Kolkata,Maharashtra,India,560001,2016.02.02,,17,1.53,,Full Time,Remote,A+,2026-07-27 20:13:05,?
3657,Priya,Kumar,Priya Kumar,34,Female,Operations,Analyst,57679,10260.0,priya.kumar@example.com,,,Addr 2657, Mumbai,Maharashtra,India,ABCDE,20/08/2015,,19,4.29,,Full Time,Onsite,,2026-07-27 20:13:05,OK
3658,Amit,Kumar,Amit Kumar,250,Male,Operations,Executive,40501,18236.0,abc@,abcdefghij,,Addr 2658,Chennai,Maharashtra,India,560001,2032-01-01,,13,1.49,,Full Time,Onsite,AB+,2026-07-27 20:13:05,?
3659,Sara,Mehta,Sara Mehta,27,MALE,Marketing,Analyst,58093,16770.0,@@gmail.com,9982481328,,Addr 2659,Hyderabad,Maharashtra,India,411001,2023-02-27,,5,3.46,,full time,Hybrid,,2026-07-27 20:13:05,unknown
3660,John,Mehta,John Mehta,33,MALE,I.T.,Executive,135155,10981.0,abc.com,abcdefghij,,Addr 2660,Pune,Maharashtra,India,123,2018.07.21,,13,2.01,,full time,Remote,A+,2026-07-27 20:13:05,N/A
3661,Kiran,Sharma,Kiran Sharma,32,M,Sales,Engineer,106914,7078.0,abc.com,abcdefghij,,Addr 2661,Pune,Maharashtra,India,411001,01/09/2017,,19,4.46,,Full Time,Onsite,B+,2026-07-27 20:13:05,N/A
3662,Amit,Das,Amit Das,48,Male,Sales,Analyst,75500,3853.0,abc.com,12345,,Addr 2662,Pune,Maharashtra,India,ABCDE,27/01/2023,,19,2.93,,full time,Remote,B+,2026-07-27 20:13:05,unknown
3663,Rahul,Gupta,Rahul Gupta,55,Male,Finance,Analyst,82679,15407.0,@@gmail.com,12345,,Addr 2663,Hyderabad,Maharashtra,India,560001,2032-01-01,,9,1.65,,Contract,Hybrid,AB+,2026-07-27 20:13:05,none
3664,Sneha,Patel,Sneha Patel,25,M,Sales,Executive,49484,10284.0,abc@,12345,,Addr 2664,Hyderabad,Maharashtra,India,411001,2021-08-16,,3,4.78,,full time,Remote,O+,2026-07-27 20:13:05,OK
3665,Arjun,Das,Arjun Das,51,male,Operations,Analyst,78972,16169.0,arjun.das@example.com,12345,,Addr 2665,Pune,Maharashtra,India,560001,06/02/2021,,18,2.26,,Full Time,Remote,AB+,2026-07-27 20:13:05,?
3666,Priya,Gupta,Priya Gupta,52,M,Operations,Analyst,82744,2664.0,johngmail.com,12345,,Addr 2666,Delhi ,Maharashtra,India,123,2019-06-09,,8,3.93,,Contract,Onsite,,2026-07-27 20:13:05,?
3667,Arjun,Joshi,Arjun Joshi,56,female,Finance,Analyst,84640,6816.0,johngmail.com,abcdefghij,,Addr 2667,Pune,Maharashtra,India,560001,28/06/2017,,5,1.35,,Full Time,Hybrid,,2026-07-27 20:13:05,OK
3668,Rohit,Rao,Rohit Rao,46,male,Finance,Analyst,99111,14655.0,abc.com,12345,,Addr 2668,  Bangalore,Maharashtra,India,ABCDE,2020.10.20,,5,4.27,,Full Time,Remote,O+,2026-07-27 20:13:05,none
3669,Amit,Kumar,Amit Kumar,21,Male,Sales,Manager,134384,6963.0,johngmail.com,abcdefghij,,Addr 2669,Pune,Maharashtra,India,123,2032-01-01,,8,1.62,,Full Time,Hybrid,O+,2026-07-27 20:13:05,?
3670,Priya,Verma,Priya Verma,45,male,Operations,Analyst,55109,7031.0,priya.verma@example.com,abcdefghij,,Addr 2670, Mumbai,Maharashtra,India,560001,2015.10.08,,17,1.04,,Contract,Remote,B+,2026-07-27 20:13:05,unknown
3671,Amit,Singh,Amit Singh,37,female,Sales,Executive,103205,17910.0,@@gmail.com,9607491698,,Addr 2671,Delhi ,Maharashtra,India,123,2018.07.30,,13,1.41,,Contract,Hybrid,A+,2026-07-27 20:13:05,unknown
3672,Ananya,Joshi,Ananya Joshi,21,MALE,I.T.,Analyst,71998,9512.0,johngmail.com,9589933357,,Addr 2672,  Bangalore,Maharashtra,India,560001,2023.07.30,,6,3.03,,full time,Onsite,,2026-07-27 20:13:05,unknown
3673,Rahul,Kumar,Rahul Kumar,49,M,I.T.,Executive,89352,1795.0,abc.com,abcdefghij,,Addr 2673,Pune,Maharashtra,India,560001,2023-03-31,,15,1.94,,Full Time,Onsite,,2026-07-27 20:13:05,unknown
3674,Ananya,Joshi,Ananya Joshi,44,male,Information Technology,Executive,51611,4056.0,ananya.joshi@example.com,12345,,Addr 2674,Pune,Maharashtra,India,411001,01/09/2016,,3,4.85,,Contract,Hybrid,,2026-07-27 20:13:05,unknown
3675,Vikram,Singh,Vikram Singh,27,F,Operations,Analyst,85066,2475.0,vikram.singh@example.com,999999999999999,,Addr 2675,Pune,Maharashtra,India,411001,10/02/2017,,12,1.91,,Contract,Onsite,,2026-07-27 20:13:05,?
3676,Sara,Joshi,Sara Joshi,34,M,Finance,Executive,79942,19740.0,sara.joshi@example.com,999999999999999,,Addr 2676,  Bangalore,Maharashtra,India,411001,15/09/2015,,10,3.15,,full time,Remote,O+,2026-07-27 20:13:05,?
3677,Vikram,Sharma,Vikram Sharma,36,F,IT,Executive,148342,2569.0,vikram.sharma@example.com,999999999999999,,Addr 2677,Delhi ,Maharashtra,India,123,08/09/2020,,10,4.18,,Contract,Remote,B+,2026-07-27 20:13:05,unknown
3678,Rohit,Kumar,Rohit Kumar,40,M,it,Engineer,-50000,15524.0,johngmail.com,,,Addr 2678,  Bangalore,Maharashtra,India,ABCDE,2032-01-01,,8,1.51,,Full Time,Remote,O+,2026-07-27 20:13:05,OK
3679,Amit,Kumar,Amit Kumar,36,female,Operations,Engineer,74647,14658.0,abc.com,12345,,Addr 2679,Hyderabad,Maharashtra,India,123,2032-01-01,,17,4.13,,Full Time,Remote,B+,2026-07-27 20:13:05,?
3680,Vikram,Rao,Vikram Rao,34,Female,it,Analyst,133142,5969.0,abc@,12345,,Addr 2680, Mumbai,Maharashtra,India,123,2032-01-01,,20,1.21,,full time,Remote,,2026-07-27 20:13:05,none
3681,Priya,Kumar,Priya Kumar,43,MALE,I.T.,Engineer,30301,9187.0,abc.com,abcdefghij,,Addr 2681,Kolkata,Maharashtra,India,411001,2032-01-01,,3,4.54,,full time,Remote,B+,2026-07-27 20:13:05,none
3682,Amit,Sharma,Amit Sharma,28,male,Finance,Executive,89083,19248.0,amit.sharma@example.com,999999999999999,,Addr 2682, Mumbai,Maharashtra,India,ABCDE,2020-02-11,,10,3.45,,Contract,Hybrid,O+,2026-07-27 20:13:05,N/A
3683,Priya,Verma,Priya Verma,52,MALE,IT,Engineer,67828,,@@gmail.com,,,Addr 2683,  Bangalore,Maharashtra,India,ABCDE,2032-01-01,,1,4.51,,full time,Onsite,B+,2026-07-27 20:13:05,unknown
3684,Rahul,Joshi,Rahul Joshi,26,male,IT,Engineer,54398,13243.0,abc@,999999999999999,,Addr 2684,  Bangalore,Maharashtra,India,411001,2032-01-01,,4,3.39,,Contract,Hybrid,,2026-07-27 20:13:05,OK
3685,John,Das,John Das,56,Male,Finance,Analyst,115160,8195.0,@@gmail.com,999999999999999,,Addr 2685,Delhi ,Maharashtra,India,560001,2032-01-01,,18,1.53,,full time,Remote,,2026-07-27 20:13:05,unknown
3686,Sneha,Patel,Sneha Patel,34,female,Sales,Executive,108571,18765.0,sneha.patel@example.com,,,Addr 2686,Chennai,Maharashtra,India,ABCDE,30/07/2017,,13,3.38,,Contract,Hybrid,,2026-07-27 20:13:05,none
3687,John,Joshi,John Joshi,22,male,IT,Manager,51423,10906.0,abc.com,12345,,Addr 2687, Mumbai,Maharashtra,India,411001,01/02/2024,,16,2.72,,Contract,Onsite,O+,2026-07-27 20:13:05,none
3688,Amit,Singh,Amit Singh,29,female,Finance,Manager,135365,10135.0,amit.singh@example.com,9762851030,,Addr 2688,  Bangalore,Maharashtra,India,123,2023-11-20,,8,1.1,,Contract,Onsite,AB+,2026-07-27 20:13:05,?
3689,Amit,Patel,Amit Patel,56,Male,Marketing,Engineer,140461,3618.0,amit.patel@example.com,999999999999999,,Addr 2689, Mumbai,Maharashtra,India,123,2016.03.28,,2,3.11,,Full Time,Remote,AB+,2026-07-27 20:13:05,?
3690,Sara,Mehta,Sara Mehta,22,Female,Sales,Executive,149220,18264.0,sara.mehta@example.com,12345,,Addr 2690,Kolkata,Maharashtra,India,411001,2022.07.04,,18,1.93,,Full Time,Onsite,,2026-07-27 20:13:05,N/A
3691,Amit,Singh,Amit Singh,46,male,Finance,Executive,51912,15063.0,abc@,12345,,Addr 2691,  Bangalore,Maharashtra,India,560001,12/02/2019,,0,3.18,,Contract,Remote,O+,2026-07-27 20:13:05,OK
3692,Neha,Rao,Neha Rao,23,Male,I.T.,Analyst,116729,15139.0,@@gmail.com,abcdefghij,,Addr 2692,Kolkata,Maharashtra,India,ABCDE,20/03/2018,,18,1.45,,Full Time,Remote,AB+,2026-07-27 20:13:05,unknown
3693,Sara,Joshi,Sara Joshi,27,MALE,HR,Engineer,126532,1037.0,abc@,,,Addr 2693, Mumbai,Maharashtra,India,123,19/11/2019,,12,2.09,,full time,Hybrid,AB+,2026-07-27 20:13:05,?
3694,Neha,Sharma,Neha Sharma,23,M,Marketing,Analyst,128229,9872.0,neha.sharma@example.com,9664465157,,Addr 2694,  Bangalore,Maharashtra,India,ABCDE,27/08/2021,,1,1.05,,Full Time,Onsite,,2026-07-27 20:13:05,N/A
3695,Arjun,Gupta,Arjun Gupta,55,MALE,Finance,Analyst,144781,,@@gmail.com,abcdefghij,,Addr 2695,Delhi ,Maharashtra,India,411001,2022-05-19,,0,1.26,,full time,Hybrid,,2026-07-27 20:13:05,none
3696,Ananya,Das,Ananya Das,48,F,Finance,Executive,47608,6009.0,ananya.das@example.com,999999999999999,,Addr 2696,Hyderabad,Maharashtra,India,560001,12/09/2021,,9,3.0,,full time,Onsite,AB+,2026-07-27 20:13:05,N/A
3697,Sneha,Das,Sneha Das,33,female,Information Technology,Analyst,118084,12801.0,johngmail.com,9948157581,,Addr 2697,Pune,Maharashtra,India,411001,2016.05.27,,9,2.23,,full time,Remote,B+,2026-07-27 20:13:05,unknown
3698,Sneha,Das,Sneha Das,57,female,it,Analyst,34971,5806.0,sneha.das@example.com,9328707896,,Addr 2698,  Bangalore,Maharashtra,India,ABCDE,20/08/2017,,4,2.49,,Full Time,Onsite,A+,2026-07-27 20:13:05,unknown
3699,Sara,Joshi,Sara Joshi,32,male,I.T.,Manager,82667,3952.0,johngmail.com,9542698832,,Addr 2699,Hyderabad,Maharashtra,India,411001,27/01/2020,,8,1.6,,full time,Onsite,B+,2026-07-27 20:13:05,none
3700,John,Sharma,John Sharma,54,MALE,Sales,Executive,93412,17744.0,@@gmail.com,999999999999999,,Addr 2700,Chennai,Maharashtra,India,560001,2023-01-24,,8,2.58,,Full Time,Remote,,2026-07-27 20:13:05,OK
3701,Kiran,Verma,Kiran Verma,49,Male,Information Technology,Manager,93676,7345.0,kiran.verma@example.com,,,Addr 2701,Pune,Maharashtra,India,123,2032-01-01,,20,2.72,,Contract,Hybrid,A+,2026-07-27 20:13:05,unknown
3702,Rahul,Verma,Rahul Verma,37,MALE,it,Manager,69694,3767.0,johngmail.com,abcdefghij,,Addr 2702,Delhi ,Maharashtra,India,411001,01/02/2016,,1,1.78,,full time,Remote,O+,2026-07-27 20:13:05,unknown
3703,Sneha,Gupta,Sneha Gupta,33,Female,Operations,Manager,99999999,11633.0,johngmail.com,abcdefghij,,Addr 2703,Hyderabad,Maharashtra,India,560001,08/10/2021,,19,4.26,,full time,Remote,AB+,2026-07-27 20:13:05,OK
3704,Rahul,Rao,Rahul Rao,27,female,Information Technology,Manager,30567,6315.0,abc@,12345,,Addr 2704,Kolkata,Maharashtra,India,560001,2022.12.02,,12,1.15,,Full Time,Hybrid,AB+,2026-07-27 20:13:05,unknown
3705,Priya,Verma,Priya Verma,35,Female,I.T.,Analyst,149016,7114.0,abc@,999999999999999,,Addr 2705,Chennai,Maharashtra,India,411001,2032-01-01,,1,4.18,,Contract,Remote,,2026-07-27 20:13:05,OK
3706,Rahul,Joshi,Rahul Joshi,22,female,Operations,Engineer,37832,18393.0,rahul.joshi@example.com,12345,,Addr 2706,Chennai,Maharashtra,India,ABCDE,2016-01-27,,19,1.68,,Full Time,Onsite,O+,2026-07-27 20:13:05,N/A
3707,Arjun,Verma,Arjun Verma,59,MALE,IT,Engineer,52333,18447.0,arjun.verma@example.com,,,Addr 2707,Hyderabad,Maharashtra,India,ABCDE,18/04/2022,,8,2.61,,Contract,Onsite,AB+,2026-07-27 20:13:05,unknown
3708,Kiran,Verma,Kiran Verma,48,male,it,Executive,43542,14806.0,johngmail.com,abcdefghij,,Addr 2708,Kolkata,Maharashtra,India,ABCDE,2020.11.13,,19,2.09,,Full Time,Onsite,,2026-07-27 20:13:05,N/A
3709,Rohit,Patel,Rohit Patel,30,MALE,Sales,Engineer,79214,3149.0,johngmail.com,999999999999999,,Addr 2709,Hyderabad,Maharashtra,India,411001,2032-01-01,,13,1.08,,Full Time,Onsite,AB+,2026-07-27 20:13:05,N/A
3710,Priya,Rao,Priya Rao,28,female,I.T.,Analyst,68776,1324.0,abc@,999999999999999,,Addr 2710,  Bangalore,Maharashtra,India,560001,27/12/2018,,16,2.51,,Full Time,Hybrid,AB+,2026-07-27 20:13:05,OK
3711,Arjun,Verma,Arjun Verma,48,F,Marketing,Analyst,99619,12921.0,abc.com,9430122694,,Addr 2711,Delhi ,Maharashtra,India,ABCDE,2015.06.27,,8,4.25,,Full Time,Onsite,AB+,2026-07-27 20:13:05,OK
3712,John,Joshi,John Joshi,56,F,I.T.,Manager,83302,13280.0,abc.com,abcdefghij,,Addr 2712,Hyderabad,Maharashtra,India,ABCDE,10/06/2023,,8,4.55,,full time,Remote,B+,2026-07-27 20:13:05,N/A
3713,Sneha,Verma,Sneha Verma,40,Male,I.T.,Engineer,57621,16680.0,johngmail.com,,,Addr 2713,Kolkata,Maharashtra,India,411001,2032-01-01,,8,4.76,,Contract,Onsite,O+,2026-07-27 20:13:05,unknown
3714,Sara,Patel,Sara Patel,53,M,Marketing,Manager,97742,11582.0,abc.com,12345,,Addr 2714,Kolkata,Maharashtra,India,123,2016-07-22,,15,2.9,,Contract,Remote,,2026-07-27 20:13:05,none
3715,Sneha,Gupta,Sneha Gupta,50,MALE,HR,Manager,117699,2458.0,abc.com,999999999999999,,Addr 2715,Hyderabad,Maharashtra,India,123,2017.08.24,,7,1.87,,Contract,Onsite,A+,2026-07-27 20:13:05,N/A
3716,Sneha,Mehta,Sneha Mehta,32,M,it,Engineer,81597,11133.0,abc.com,,,Addr 2716,Delhi ,Maharashtra,India,123,2020-08-05,,4,2.92,,Full Time,Onsite,A+,2026-07-27 20:13:05,OK
3717,Rohit,Singh,Rohit Singh,35,F,Operations,Engineer,115807,11501.0,@@gmail.com,12345,,Addr 2717, Mumbai,Maharashtra,India,560001,2019-09-21,,9,2.26,,Contract,Hybrid,A+,2026-07-27 20:13:05,N/A
3718,John,Kumar,John Kumar,43,F,it,Engineer,34417,1300.0,john.kumar@example.com,9190504428,,Addr 2718,  Bangalore,Maharashtra,India,123,2016.11.27,,16,3.75,,Full Time,Onsite,,2026-07-27 20:13:05,OK
3719,Rahul,Rao,Rahul Rao,42,MALE,Information Technology,Executive,82276,9937.0,@@gmail.com,12345,,Addr 2719,Chennai,Maharashtra,India,123,2022.11.08,,11,3.36,,Full Time,Remote,A+,2026-07-27 20:13:05,unknown
3720,Rahul,Patel,Rahul Patel,22,Male,I.T.,Executive,118415,16588.0,johngmail.com,999999999999999,,Addr 2720, Mumbai,Maharashtra,India,560001,2032-01-01,,10,2.39,,full time,Onsite,AB+,2026-07-27 20:13:05,none
3721,Arjun,Singh,Arjun Singh,59,male,Marketing,Executive,42079,6382.0,@@gmail.com,,,Addr 2721,Chennai,Maharashtra,India,411001,2032-01-01,,20,3.34,,Contract,Onsite,AB+,2026-07-27 20:13:05,unknown
3722,Kiran,Singh,Kiran Singh,29,M,Sales,Engineer,132189,11718.0,abc.com,999999999999999,,Addr 2722,Chennai,Maharashtra,India,560001,2022.01.06,,9,3.55,,Full Time,Hybrid,,2026-07-27 20:13:05,unknown
3723,Sneha,Singh,Sneha Singh,26,Male,I.T.,Manager,69291,6932.0,abc.com,abcdefghij,,Addr 2723,  Bangalore,Maharashtra,India,123,2021-11-24,,10,2.48,,Full Time,Remote,AB+,2026-07-27 20:13:05,unknown
3724,Rahul,Patel,Rahul Patel,41,MALE,Operations,Engineer,92969,15608.0,rahul.patel@example.com,999999999999999,,Addr 2724,Kolkata,Maharashtra,India,123,2032-01-01,,8,1.61,,full time,Hybrid,B+,2026-07-27 20:13:05,none
3725,Kiran,Gupta,Kiran Gupta,39,M,Information Technology,Executive,135058,4153.0,johngmail.com,9867448996,,Addr 2725,Chennai,Maharashtra,India,123,2015-09-09,,20,2.73,,Full Time,Onsite,A+,2026-07-27 20:13:05,unknown
3726,Arjun,Singh,Arjun Singh,35,F,Sales,Engineer,0,16439.0,arjun.singh@example.com,999999999999999,,Addr 2726,Chennai,Maharashtra,India,ABCDE,2019.01.29,,2,2.44,,full time,Hybrid,B+,2026-07-27 20:13:05,OK
3727,Amit,Kumar,Amit Kumar,24,Female,Finance,Manager,98899,,abc.com,999999999999999,,Addr 2727,Pune,Maharashtra,India,411001,12/05/2016,,13,3.53,,Contract,Hybrid,O+,2026-07-27 20:13:05,unknown
3728,John,Kumar,John Kumar,54,Female,Finance,Manager,80207,10647.0,abc.com,12345,,Addr 2728,Kolkata,Maharashtra,India,560001,2019.04.30,,10,1.6,,Full Time,Hybrid,B+,2026-07-27 20:13:05,none
3729,Arjun,Kumar,Arjun Kumar,32,MALE,Information Technology,Analyst,45148,3056.0,abc.com,abcdefghij,,Addr 2729,Pune,Maharashtra,India,123,2015-09-12,,14,1.28,,Full Time,Remote,,2026-07-27 20:13:05,N/A
3730,John,Joshi,John Joshi,36,MALE,Finance,Executive,100235,19164.0,@@gmail.com,,,Addr 2730,  Bangalore,Maharashtra,India,560001,01/10/2015,,14,1.07,,Contract,Remote,A+,2026-07-27 20:13:05,none
3731,Ananya,Rao,Ananya Rao,37,male,I.T.,Executive,40973,7071.0,@@gmail.com,,,Addr 2731, Mumbai,Maharashtra,India,411001,2023-12-01,,0,4.72,,Full Time,Remote,AB+,2026-07-27 20:13:05,N/A
3732,Kiran,Sharma,Kiran Sharma,27,Female,IT,Executive,104375,19381.0,abc.com,999999999999999,,Addr 2732,Kolkata,Maharashtra,India,411001,2032-01-01,,5,4.24,,Contract,Hybrid,A+,2026-07-27 20:13:05,N/A
3733,Arjun,Joshi,Arjun Joshi,55,F,it,Manager,52470,14100.0,abc.com,999999999999999,,Addr 2733,Hyderabad,Maharashtra,India,ABCDE,2015-08-14,,9,4.43,,Full Time,Remote,O+,2026-07-27 20:13:05,unknown
3734,Neha,Kumar,Neha Kumar,33,male,I.T.,Engineer,145897,,abc.com,12345,,Addr 2734,Delhi ,Maharashtra,India,560001,2016-10-18,,2,3.39,,full time,Remote,AB+,2026-07-27 20:13:05,OK
3735,Arjun,Das,Arjun Das,29,Female,Operations,Manager,74458,7860.0,arjun.das@example.com,,,Addr 2735, Mumbai,Maharashtra,India,123,2032-01-01,,6,4.79,,full time,Remote,AB+,2026-07-27 20:13:05,none
3736,John,Kumar,John Kumar,51,M,Information Technology,Engineer,126617,13858.0,@@gmail.com,999999999999999,,Addr 2736,Chennai,Maharashtra,India,123,2015-08-28,,9,4.05,,full time,Hybrid,A+,2026-07-27 20:13:05,unknown
3737,Amit,Patel,Amit Patel,41,MALE,HR,Analyst,136892,15497.0,amit.patel@example.com,,,Addr 2737,Pune,Maharashtra,India,411001,2022-12-20,,14,2.78,,full time,Onsite,,2026-07-27 20:13:05,unknown
3738,Kiran,Gupta,Kiran Gupta,32,Female,I.T.,Engineer,90562,15057.0,kiran.gupta@example.com,abcdefghij,,Addr 2738,  Bangalore,Maharashtra,India,411001,2032-01-01,,3,2.33,,Contract,Remote,A+,2026-07-27 20:13:05,none
3739,Vikram,Sharma,Vikram Sharma,41,F,IT,Executive,83216,,vikram.sharma@example.com,9407670347,,Addr 2739,Pune,Maharashtra,India,ABCDE,2032-01-01,,6,2.93,,full time,Onsite,AB+,2026-07-27 20:13:05,unknown
3740,Vikram,Verma,Vikram Verma,43,Male,Operations,Analyst,52000,18945.0,abc.com,,,Addr 2740,Kolkata,Maharashtra,India,123,2032-01-01,,1,2.77,,Contract,Onsite,B+,2026-07-27 20:13:05,unknown
3741,Ananya,Joshi,Ananya Joshi,25,MALE,Finance,Engineer,67414,15950.0,@@gmail.com,999999999999999,,Addr 2741,Pune,Maharashtra,India,ABCDE,2032-01-01,,19,1.37,,Full Time,Hybrid,A+,2026-07-27 20:13:05,unknown
3742,Arjun,Sharma,Arjun Sharma,44,M,Information Technology,Engineer,145426,19333.0,arjun.sharma@example.com,9003345393,,Addr 2742,Chennai,Maharashtra,India,560001,2021.12.14,,4,1.58,,full time,Hybrid,,2026-07-27 20:13:05,none
3743,Priya,Patel,Priya Patel,51,F,Information Technology,Manager,118430,18112.0,abc.com,,,Addr 2743,  Bangalore,Maharashtra,India,ABCDE,2019.01.19,,16,1.3,,Contract,Remote,,2026-07-27 20:13:05,?
3744,Priya,Singh,Priya Singh,41,female,it,Manager,100618,7974.0,@@gmail.com,12345,,Addr 2744,Hyderabad,Maharashtra,India,411001,2015.10.05,,11,2.24,,full time,Remote,O+,2026-07-27 20:13:05,unknown
3745,Neha,Singh,Neha Singh,41,Female,Sales,Analyst,149506,10568.0,abc@,9922078105,,Addr 2745,Kolkata,Maharashtra,India,123,2016-12-28,,17,3.75,,Full Time,Hybrid,AB+,2026-07-27 20:13:05,N/A
3746,Neha,Singh,Neha Singh,44,Male,IT,Executive,79022,,abc@,abcdefghij,,Addr 2746,Chennai,Maharashtra,India,411001,2019.07.05,,13,1.38,,full time,Hybrid,O+,2026-07-27 20:13:05,?
3747,Neha,Das,Neha Das,28,Female,Operations,Engineer,41745,1284.0,neha.das@example.com,,,Addr 2747, Mumbai,Maharashtra,India,560001,25/03/2021,,7,4.06,,full time,Remote,,2026-07-27 20:13:05,OK
3748,Sneha,Das,Sneha Das,47,MALE,I.T.,Manager,123693,2211.0,johngmail.com,12345,,Addr 2748,Kolkata,Maharashtra,India,ABCDE,2021.08.28,,20,4.52,,Full Time,Remote,B+,2026-07-27 20:13:05,N/A
3749,Kiran,Sharma,Kiran Sharma,27,F,Information Technology,Manager,110543,4479.0,@@gmail.com,9822121511,,Addr 2749,Hyderabad,Maharashtra,India,411001,2024.04.03,,1,2.55,,full time,Onsite,B+,2026-07-27 20:13:05,unknown
3750,Vikram,Patel,Vikram Patel,24,Male,it,Engineer,75908,19065.0,johngmail.com,999999999999999,,Addr 2750,Chennai,Maharashtra,India,411001,2032-01-01,,8,3.4,,Contract,Hybrid,B+,2026-07-27 20:13:05,N/A
3751,Arjun,Gupta,Arjun Gupta,59,female,it,Executive,60038,13397.0,arjun.gupta@example.com,999999999999999,,Addr 2751,Pune,Maharashtra,India,411001,2021.12.09,,4,4.7,,full time,Remote,AB+,2026-07-27 20:13:05,N/A
3752,Sneha,Mehta,Sneha Mehta,48,M,it,Analyst,66272,13703.0,johngmail.com,12345,,Addr 2752, Mumbai,Maharashtra,India,123,2016-03-27,,17,4.72,,full time,Remote,A+,2026-07-27 20:13:05,N/A
3753,Ananya,Mehta,Ananya Mehta,27,M,I.T.,Executive,111850,6685.0,ananya.mehta@example.com,12345,,Addr 2753,Chennai,Maharashtra,India,411001,2032-01-01,,8,2.61,,full time,Remote,,2026-07-27 20:13:05,N/A
3754,Sneha,Rao,Sneha Rao,54,M,Marketing,Engineer,111498,14536.0,abc.com,999999999999999,,Addr 2754,Chennai,Maharashtra,India,123,2021-09-19,,5,4.81,,Contract,Onsite,B+,2026-07-27 20:13:05,?
3755,Sneha,Sharma,Sneha Sharma,36,Male,IT,Analyst,148316,6214.0,@@gmail.com,9842208652,,Addr 2755,  Bangalore,Maharashtra,India,560001,2015.06.23,,16,4.89,,Full Time,Remote,O+,2026-07-27 20:13:05,?
3756,Neha,Das,Neha Das,26,Male,Marketing,Engineer,87387,15472.0,abc@,,,Addr 2756,Delhi ,Maharashtra,India,411001,2024.04.19,,5,4.0,,Full Time,Onsite,AB+,2026-07-27 20:13:05,OK
3757,Kiran,Kumar,Kiran Kumar,47,F,IT,Executive,86839,15296.0,johngmail.com,,,Addr 2757,Pune,Maharashtra,India,123,28/05/2016,,16,3.16,,Contract,Onsite,,2026-07-27 20:13:05,N/A
3758,Sneha,Gupta,Sneha Gupta,49,female,I.T.,Analyst,109391,5053.0,@@gmail.com,12345,,Addr 2758,Kolkata,Maharashtra,India,ABCDE,2020.11.20,,15,2.71,,full time,Hybrid,O+,2026-07-27 20:13:05,OK
3759,Arjun,Rao,Arjun Rao,53,male,Information Technology,Analyst,37426,12317.0,abc@,abcdefghij,,Addr 2759,Chennai,Maharashtra,India,560001,2019.01.18,,8,3.18,,Full Time,Onsite,,2026-07-27 20:13:05,none
3760,Rahul,Rao,Rahul Rao,27,M,Finance,Manager,40799,14964.0,abc.com,abcdefghij,,Addr 2760,Kolkata,Maharashtra,India,411001,2032-01-01,,11,3.07,,Full Time,Remote,,2026-07-27 20:13:05,N/A
3761,Arjun,Das,Arjun Das,58,MALE,IT,Engineer,143137,,@@gmail.com,abcdefghij,,Addr 2761, Mumbai,Maharashtra,India,560001,30/11/2017,,8,3.1,,Full Time,Hybrid,AB+,2026-07-27 20:13:05,unknown
3762,Rohit,Kumar,Rohit Kumar,33,MALE,IT,Analyst,109256,9128.0,abc.com,12345,,Addr 2762,Kolkata,Maharashtra,India,ABCDE,2020-04-23,,2,2.12,,Full Time,Onsite,B+,2026-07-27 20:13:05,?
3763,John,Sharma,John Sharma,45,Female,I.T.,Engineer,87808,9956.0,johngmail.com,9705742050,,Addr 2763,Hyderabad,Maharashtra,India,411001,2019-11-03,,1,1.25,,Contract,Remote,AB+,2026-07-27 20:13:05,OK
3764,Sara,Rao,Sara Rao,28,Male,IT,Executive,103146,1152.0,abc.com,12345,,Addr 2764,Chennai,Maharashtra,India,123,2017.01.28,,12,2.23,,Full Time,Onsite,O+,2026-07-27 20:13:05,OK
3765,Sara,Das,Sara Das,30,female,Sales,Manager,51826,,abc@,,,Addr 2765, Mumbai,Maharashtra,India,ABCDE,2021.08.21,,13,4.71,,Contract,Onsite,B+,2026-07-27 20:13:05,?
3766,Rahul,Patel,Rahul Patel,51,MALE,Finance,Engineer,149941,5985.0,rahul.patel@example.com,999999999999999,,Addr 2766,Chennai,Maharashtra,India,ABCDE,2032-01-01,,3,2.98,,full time,Hybrid,,2026-07-27 20:13:05,N/A
3767,John,Rao,John Rao,25,F,Finance,Engineer,73044,3818.0,@@gmail.com,12345,,Addr 2767,  Bangalore,Maharashtra,India,123,2020-12-30,,3,3.55,,Contract,Onsite,AB+,2026-07-27 20:13:05,OK
3768,Neha,Patel,Neha Patel,54,male,Sales,Analyst,41854,4187.0,johngmail.com,abcdefghij,,Addr 2768,Kolkata,Maharashtra,India,ABCDE,2023.07.18,,7,2.8,,Contract,Hybrid,B+,2026-07-27 20:13:05,OK
3769,Sara,Rao,Sara Rao,58,Female,Sales,Analyst,30477,1394.0,abc.com,abcdefghij,,Addr 2769,Kolkata,Maharashtra,India,560001,04/01/2019,,0,3.02,,Contract,Onsite,AB+,2026-07-27 20:13:05,?
3770,Amit,Joshi,Amit Joshi,53,male,HR,Analyst,137087,3575.0,amit.joshi@example.com,abcdefghij,,Addr 2770,Delhi ,Maharashtra,India,123,2032-01-01,,0,2.79,,full time,Hybrid,O+,2026-07-27 20:13:05,N/A
3771,Rohit,Kumar,Rohit Kumar,38,Male,Information Technology,Executive,95847,19556.0,@@gmail.com,,,Addr 2771, Mumbai,Maharashtra,India,560001,2016.11.28,,18,4.97,,full time,Hybrid,,2026-07-27 20:13:05,OK
3772,Ananya,Gupta,Ananya Gupta,23,F,Sales,Engineer,44282,6175.0,abc.com,999999999999999,,Addr 2772, Mumbai,Maharashtra,India,ABCDE,2032-01-01,,7,3.62,,Full Time,Onsite,O+,2026-07-27 20:13:05,none
3773,Arjun,Gupta,Arjun Gupta,37,F,Sales,Executive,124277,18423.0,johngmail.com,9880507451,,Addr 2773,Delhi ,Maharashtra,India,ABCDE,2021.02.09,,14,4.26,,Contract,Onsite,AB+,2026-07-27 20:13:05,OK
3774,Rahul,Sharma,Rahul Sharma,21,Male,HR,Analyst,142399,11635.0,rahul.sharma@example.com,,,Addr 2774,  Bangalore,Maharashtra,India,ABCDE,2032-01-01,,1,3.87,,Full Time,Remote,,2026-07-27 20:13:05,none
3775,Arjun,Joshi,Arjun Joshi,55,male,it,Engineer,82920,16256.0,abc@,999999999999999,,Addr 2775,Kolkata,Maharashtra,India,ABCDE,2022-03-28,,15,3.7,,Contract,Onsite,B+,2026-07-27 20:13:05,?
3776,Rahul,Rao,Rahul Rao,55,Female,Finance,Analyst,106789,8942.0,rahul.rao@example.com,,,Addr 2776,Pune,Maharashtra,India,560001,22/10/2021,,14,2.14,,full time,Onsite,O+,2026-07-27 20:13:05,?
3777,Kiran,Singh,Kiran Singh,53,M,Finance,Manager,130397,2711.0,@@gmail.com,12345,,Addr 2777,Chennai,Maharashtra,India,123,2023.12.02,,1,1.78,,full time,Remote,O+,2026-07-27 20:13:05,OK
3778,Kiran,Verma,Kiran Verma,57,male,Sales,Manager,91828,13009.0,@@gmail.com,12345,,Addr 2778,Pune,Maharashtra,India,ABCDE,2032-01-01,,20,1.35,,Contract,Onsite,,2026-07-27 20:13:05,N/A
3779,Neha,Verma,Neha Verma,53,female,Operations,Analyst,118818,11756.0,neha.verma@example.com,9227607866,,Addr 2779,  Bangalore,Maharashtra,India,560001,2017.06.05,,9,3.59,,Full Time,Remote,AB+,2026-07-27 20:13:05,OK
3780,Ananya,Das,Ananya Das,44,female,I.T.,Manager,41537,17395.0,@@gmail.com,9118605423,,Addr 2780,Pune,Maharashtra,India,ABCDE,2032-01-01,,4,2.41,,full time,Hybrid,,2026-07-27 20:13:05,none
3781,Arjun,Rao,Arjun Rao,40,M,Sales,Analyst,0,3064.0,abc.com,9434254825,,Addr 2781,Hyderabad,Maharashtra,India,123,2019-07-04,,2,2.44,,Contract,Hybrid,AB+,2026-07-27 20:13:05,unknown
3782,Sara,Sharma,Sara Sharma,44,male,Finance,Manager,115759,5937.0,abc.com,abcdefghij,,Addr 2782,Kolkata,Maharashtra,India,411001,2022.09.13,,14,3.38,,Contract,Onsite,,2026-07-27 20:13:05,?
3783,John,Singh,John Singh,31,Male,Information Technology,Executive,41780,15641.0,johngmail.com,,,Addr 2783,Pune,Maharashtra,India,123,2032-01-01,,19,4.58,,Contract,Hybrid,B+,2026-07-27 20:13:05,OK
3784,Arjun,Kumar,Arjun Kumar,31,female,HR,Analyst,117743,1955.0,abc.com,9346673088,,Addr 2784,Delhi ,Maharashtra,India,411001,2019-06-28,,5,3.92,,Full Time,Hybrid,O+,2026-07-27 20:13:05,?
3785,Rahul,Sharma,Rahul Sharma,26,MALE,Marketing,Executive,112793,3134.0,rahul.sharma@example.com,12345,,Addr 2785,Kolkata,Maharashtra,India,411001,25/11/2015,,8,1.08,,full time,Hybrid,AB+,2026-07-27 20:13:05,?
3786,Kiran,Rao,Kiran Rao,48,Male,Sales,Engineer,0,19809.0,johngmail.com,,,Addr 2786,Kolkata,Maharashtra,India,560001,2018.02.05,,0,4.63,,Full Time,Remote,A+,2026-07-27 20:13:05,?
3787,Sara,Patel,Sara Patel,43,female,Operations,Engineer,92555,4720.0,johngmail.com,12345,,Addr 2787,Delhi ,Maharashtra,India,123,2020.05.27,,14,3.45,,full time,Remote,,2026-07-27 20:13:05,OK
3788,Rohit,Gupta,Rohit Gupta,52,male,Sales,Analyst,86236,18530.0,abc.com,9837501481,,Addr 2788, Mumbai,Maharashtra,India,560001,2023-06-25,,7,2.59,,full time,Onsite,AB+,2026-07-27 20:13:05,unknown
3789,Sara,Das,Sara Das,23,MALE,I.T.,Executive,119550,12300.0,@@gmail.com,12345,,Addr 2789,  Bangalore,Maharashtra,India,411001,2032-01-01,,9,3.13,,Contract,Onsite,,2026-07-27 20:13:05,N/A
3790,Sneha,Kumar,Sneha Kumar,52,female,it,Analyst,44698,14227.0,johngmail.com,12345,,Addr 2790,Chennai,Maharashtra,India,ABCDE,2020-11-08,,4,2.05,,Contract,Onsite,,2026-07-27 20:13:05,OK
3791,Arjun,Verma,Arjun Verma,42,Female,Information Technology,Analyst,79807,11837.0,abc.com,,,Addr 2791,Kolkata,Maharashtra,India,ABCDE,2020.06.24,,5,2.06,,Contract,Hybrid,A+,2026-07-27 20:13:05,unknown
3792,Rohit,Gupta,Rohit Gupta,180,M,IT,Executive,46545,17656.0,abc@,12345,,Addr 2792,Hyderabad,Maharashtra,India,123,30/08/2015,,17,4.57,,Full Time,Hybrid,AB+,2026-07-27 20:13:05,OK
3793,Amit,Rao,Amit Rao,25,Female,I.T.,Analyst,140390,,@@gmail.com,,,Addr 2793,  Bangalore,Maharashtra,India,560001,2022-08-07,,7,2.57,,Contract,Hybrid,B+,2026-07-27 20:13:05,none
3794,Sara,Rao,Sara Rao,58,Female,HR,Manager,39686,15461.0,sara.rao@example.com,abcdefghij,,Addr 2794,Delhi ,Maharashtra,India,411001,2021.01.03,,17,3.38,,Contract,Onsite,AB+,2026-07-27 20:13:05,unknown
3795,Rohit,Verma,Rohit Verma,50,MALE,it,Manager,119557,4186.0,abc.com,9390215732,,Addr 2795,Hyderabad,Maharashtra,India,ABCDE,2032-01-01,,3,4.42,,full time,Onsite,B+,2026-07-27 20:13:05,N/A
3796,Rohit,Das,Rohit Das,35,Male,Information Technology,Engineer,138071,10649.0,abc.com,,,Addr 2796,Chennai,Maharashtra,India,123,2032-01-01,,20,1.25,,full time,Onsite,,2026-07-27 20:13:05,?
3797,Ananya,Patel,Ananya Patel,31,female,Marketing,Manager,31217,14318.0,johngmail.com,999999999999999,,Addr 2797,  Bangalore,Maharashtra,India,560001,20/05/2021,,18,1.08,,Full Time,Remote,AB+,2026-07-27 20:13:05,unknown
3798,Priya,Verma,Priya Verma,58,female,Information Technology,Executive,135245,7992.0,@@gmail.com,9082204730,,Addr 2798,Hyderabad,Maharashtra,India,ABCDE,2021.02.10,,18,3.69,,full time,Hybrid,,2026-07-27 20:13:05,none
3799,Amit,Mehta,Amit Mehta,34,female,HR,Analyst,49280,,amit.mehta@example.com,12345,,Addr 2799, Mumbai,Maharashtra,India,411001,2016.02.10,,17,3.75,,Contract,Remote,A+,2026-07-27 20:13:05,unknown
3800,Priya,Das,Priya Das,55,F,it,Executive,32537,18576.0,johngmail.com,abcdefghij,,Addr 2800, Mumbai,Maharashtra,India,ABCDE,2024.06.06,,18,3.08,,Full Time,Onsite,A+,2026-07-27 20:13:05,N/A
3801,Kiran,Sharma,Kiran Sharma,46,MALE,Information Technology,Analyst,64436,6224.0,abc@,abcdefghij,,Addr 2801,Chennai,Maharashtra,India,560001,2015.10.15,,20,1.03,,Full Time,Hybrid,A+,2026-07-27 20:13:05,unknown
3802,Vikram,Kumar,Vikram Kumar,27,MALE,I.T.,Executive,83203,13876.0,vikram.kumar@example.com,,,Addr 2802,Chennai,Maharashtra,India,560001,20/09/2023,,4,4.27,,Full Time,Onsite,,2026-07-27 20:13:05,OK
3803,Kiran,Mehta,Kiran Mehta,52,M,HR,Analyst,62475,17310.0,kiran.mehta@example.com,999999999999999,,Addr 2803,Chennai,Maharashtra,India,560001,2023-02-05,,12,1.48,,Contract,Hybrid,,2026-07-27 20:13:05,OK
3804,John,Patel,John Patel,25,M,Marketing,Manager,41506,,@@gmail.com,999999999999999,,Addr 2804,Kolkata,Maharashtra,India,123,26/02/2021,,20,2.85,,full time,Onsite,A+,2026-07-27 20:13:05,N/A
3805,Ananya,Joshi,Ananya Joshi,56,M,Operations,Engineer,59048,18443.0,abc.com,999999999999999,,Addr 2805,Chennai,Maharashtra,India,411001,2019-06-26,,4,2.47,,Contract,Onsite,B+,2026-07-27 20:13:05,none
3806,Priya,Rao,Priya Rao,41,male,HR,Analyst,141502,4749.0,priya.rao@example.com,9220139216,,Addr 2806,Chennai,Maharashtra,India,ABCDE,05/07/2015,,16,4.5,,Contract,Remote,AB+,2026-07-27 20:13:05,OK
3807,Sara,Gupta,Sara Gupta,52,male,Marketing,Manager,104027,8269.0,sara.gupta@example.com,abcdefghij,,Addr 2807,Pune,Maharashtra,India,411001,2032-01-01,,4,1.52,,Full Time,Hybrid,O+,2026-07-27 20:13:05,none
3808,Vikram,Sharma,Vikram Sharma,58,female,it,Manager,120544,1825.0,abc@,abcdefghij,,Addr 2808,Delhi ,Maharashtra,India,411001,30/03/2015,,0,4.35,,Full Time,Hybrid,,2026-07-27 20:13:05,N/A
3809,Ananya,Kumar,Ananya Kumar,60,M,I.T.,Analyst,98921,17048.0,@@gmail.com,abcdefghij,,Addr 2809,Kolkata,Maharashtra,India,411001,2016.11.07,,13,2.17,,Full Time,Onsite,A+,2026-07-27 20:13:05,?
3810,Sneha,Gupta,Sneha Gupta,37,Female,HR,Manager,109783,,@@gmail.com,12345,,Addr 2810,Kolkata,Maharashtra,India,ABCDE,17/07/2017,,13,2.52,,Full Time,Hybrid,B+,2026-07-27 20:13:05,unknown
3811,Amit,Singh,Amit Singh,56,Male,Operations,Manager,55214,9579.0,abc.com,9452045242,,Addr 2811,Delhi ,Maharashtra,India,ABCDE,2032-01-01,,15,1.81,,Contract,Onsite,,2026-07-27 20:13:05,OK
3812,John,Das,John Das,28,male,Information Technology,Executive,59949,12082.0,@@gmail.com,,,Addr 2812,Kolkata,Maharashtra,India,560001,2023.08.12,,3,1.63,,Contract,Remote,O+,2026-07-27 20:13:05,?
3813,Rahul,Verma,Rahul Verma,22,F,HR,Manager,37685,,rahul.verma@example.com,,,Addr 2813, Mumbai,Maharashtra,India,ABCDE,2020-06-01,,0,1.79,,Contract,Onsite,AB+,2026-07-27 20:13:05,none
3814,Priya,Joshi,Priya Joshi,27,M,it,Manager,67415,3572.0,johngmail.com,999999999999999,,Addr 2814,Pune,Maharashtra,India,560001,2016-04-14,,10,3.65,,Full Time,Remote,A+,2026-07-27 20:13:05,unknown
3815,Rohit,Singh,Rohit Singh,35,M,Information Technology,Analyst,149941,11224.0,@@gmail.com,9963242466,,Addr 2815,Delhi ,Maharashtra,India,560001,20/07/2016,,19,2.03,,full time,Remote,B+,2026-07-27 20:13:05,OK
3816,Kiran,Sharma,Kiran Sharma,39,male,Information Technology,Engineer,86870,15464.0,kiran.sharma@example.com,,,Addr 2816, Mumbai,Maharashtra,India,123,2015-03-01,,16,3.82,,Full Time,Hybrid,O+,2026-07-27 20:13:05,N/A
3817,Neha,Singh,Neha Singh,39,Male,Sales,Engineer,129425,5030.0,abc@,12345,,Addr 2817,Hyderabad,Maharashtra,India,411001,2023.09.08,,7,2.86,,Contract,Onsite,,2026-07-27 20:13:05,none
3818,Priya,Joshi,Priya Joshi,52,male,it,Executive,69608,4259.0,abc.com,12345,,Addr 2818,Delhi ,Maharashtra,India,ABCDE,2022.05.21,,3,3.3,,full time,Onsite,B+,2026-07-27 20:13:05,none
3819,Sneha,Gupta,Sneha Gupta,44,MALE,Finance,Engineer,71921,13643.0,abc@,999999999999999,,Addr 2819,Hyderabad,Maharashtra,India,560001,2017-07-27,,1,3.23,,full time,Hybrid,AB+,2026-07-27 20:13:05,?
3820,Rahul,Das,Rahul Das,58,Female,Marketing,Manager,95316,8150.0,abc@,,,Addr 2820,Pune,Maharashtra,India,123,2032-01-01,,5,2.42,,full time,Onsite,O+,2026-07-27 20:13:05,none
3821,Rahul,Singh,Rahul Singh,41,male,Sales,Manager,125471,7949.0,@@gmail.com,abcdefghij,,Addr 2821, Mumbai,Maharashtra,India,411001,23/11/2022,,20,2.64,,Full Time,Onsite,AB+,2026-07-27 20:13:05,N/A
3822,Priya,Mehta,Priya Mehta,48,female,Sales,Analyst,97397,13869.0,priya.mehta@example.com,9194611608,,Addr 2822,Kolkata,Maharashtra,India,411001,2032-01-01,,9,3.67,,Full Time,Hybrid,O+,2026-07-27 20:13:05,none
3823,Vikram,Patel,Vikram Patel,42,Male,it,Analyst,42108,,abc.com,9030615471,,Addr 2823,Delhi ,Maharashtra,India,560001,2032-01-01,,1,1.99,,full time,Remote,B+,2026-07-27 20:13:05,OK
3824,Priya,Gupta,Priya Gupta,50,Male,IT,Engineer,137345,15125.0,priya.gupta@example.com,abcdefghij,,Addr 2824,Hyderabad,Maharashtra,India,123,2018.06.19,,13,4.88,,Contract,Remote,AB+,2026-07-27 20:13:05,none
3825,John,Joshi,John Joshi,58,Female,Information Technology,Analyst,145828,16533.0,@@gmail.com,abcdefghij,,Addr 2825,Delhi ,Maharashtra,India,ABCDE,2018-08-20,,12,1.66,,Full Time,Remote,B+,2026-07-27 20:13:05,OK
3826,Rahul,Mehta,Rahul Mehta,31,F,IT,Manager,30436,13410.0,abc.com,12345,,Addr 2826,Chennai,Maharashtra,India,560001,2032-01-01,,13,3.17,,full time,Hybrid,A+,2026-07-27 20:13:05,N/A
3827,Priya,Gupta,Priya Gupta,24,M,I.T.,Manager,95492,11090.0,abc@,12345,,Addr 2827,Hyderabad,Maharashtra,India,411001,2023.11.19,,9,1.55,,Contract,Hybrid,B+,2026-07-27 20:13:05,none
3828,Neha,Gupta,Neha Gupta,28,male,Information Technology,Engineer,94597,3809.0,abc@,999999999999999,,Addr 2828, Mumbai,Maharashtra,India,ABCDE,31/10/2022,,19,1.49,,Full Time,Remote,B+,2026-07-27 20:13:05,N/A
3829,Rahul,Gupta,Rahul Gupta,42,MALE,IT,Manager,147963,17730.0,abc.com,999999999999999,,Addr 2829,Delhi ,Maharashtra,India,560001,26/01/2023,,0,3.91,,Contract,Onsite,,2026-07-27 20:13:05,OK
3830,Neha,Kumar,Neha Kumar,42,M,Operations,Executive,60705,19233.0,abc@,abcdefghij,,Addr 2830, Mumbai,Maharashtra,India,560001,23/07/2022,,0,2.39,,Contract,Remote,,2026-07-27 20:13:05,unknown
3831,Arjun,Patel,Arjun Patel,28,F,Marketing,Engineer,41656,,abc.com,12345,,Addr 2831,Chennai,Maharashtra,India,560001,2032-01-01,,4,2.47,,Full Time,Hybrid,AB+,2026-07-27 20:13:05,N/A
3832,Ananya,Rao,Ananya Rao,43,MALE,Sales,Engineer,66941,7760.0,ananya.rao@example.com,999999999999999,,Addr 2832,Delhi ,Maharashtra,India,ABCDE,2022-06-29,,19,4.4,,full time,Onsite,AB+,2026-07-27 20:13:05,none
3833,Priya,Verma,Priya Verma,54,female,IT,Engineer,49263,19527.0,@@gmail.com,9190629442,,Addr 2833,Delhi ,Maharashtra,India,ABCDE,2020-04-03,,6,1.15,,Contract,Hybrid,AB+,2026-07-27 20:13:05,OK
3834,Amit,Kumar,Amit Kumar,34,male,Finance,Engineer,131421,1630.0,amit.kumar@example.com,9360494742,,Addr 2834,Delhi ,Maharashtra,India,ABCDE,2020.08.04,,8,3.96,,Contract,Onsite,B+,2026-07-27 20:13:05,?
3835,Priya,Kumar,Priya Kumar,22,MALE,Sales,Executive,106499,19513.0,johngmail.com,999999999999999,,Addr 2835,Kolkata,Maharashtra,India,560001,2023.10.07,,19,1.23,,Full Time,Remote,O+,2026-07-27 20:13:05,unknown
3836,Neha,Patel,Neha Patel,50,MALE,IT,Executive,144807,12810.0,abc.com,12345,,Addr 2836, Mumbai,Maharashtra,India,560001,17/03/2022,,10,4.99,,Full Time,Onsite,A+,2026-07-27 20:13:05,none
3837,Neha,Singh,Neha Singh,53,F,HR,Analyst,143640,13569.0,abc.com,9366639189,,Addr 2837,Pune,Maharashtra,India,411001,2016-01-02,,15,1.94,,Full Time,Remote,,2026-07-27 20:13:05,none
3838,John,Joshi,John Joshi,25,Female,Operations,Manager,140230,2053.0,johngmail.com,999999999999999,,Addr 2838,Hyderabad,Maharashtra,India,560001,2016-05-22,,9,4.11,,full time,Onsite,,2026-07-27 20:13:05,OK
3839,Sara,Sharma,Sara Sharma,33,Female,it,Analyst,118078,3345.0,abc.com,,,Addr 2839,Kolkata,Maharashtra,India,123,2032-01-01,,12,3.36,,Full Time,Hybrid,AB+,2026-07-27 20:13:05,none
3840,Ananya,Gupta,Ananya Gupta,58,male,Marketing,Analyst,59624,13251.0,abc@,9954005453,,Addr 2840,Delhi ,Maharashtra,India,ABCDE,2017-03-25,,9,3.88,,Contract,Remote,A+,2026-07-27 20:13:05,?
3841,Sara,Rao,Sara Rao,58,Female,Finance,Engineer,116729,9558.0,sara.rao@example.com,12345,,Addr 2841, Mumbai,Maharashtra,India,560001,30/11/2018,,3,1.07,,Full Time,Onsite,,2026-07-27 20:13:05,unknown
3842,Rohit,Gupta,Rohit Gupta,57,Male,Sales,Analyst,117122,18339.0,abc@,9623081726,,Addr 2842,  Bangalore,Maharashtra,India,560001,2017-12-27,,4,2.1,,Full Time,Hybrid,O+,2026-07-27 20:13:05,OK
3843,Sneha,Rao,Sneha Rao,24,F,Operations,Manager,146194,19643.0,@@gmail.com,12345,,Addr 2843,  Bangalore,Maharashtra,India,560001,30/01/2021,,18,1.91,,Contract,Onsite,AB+,2026-07-27 20:13:05,?
3844,Arjun,Sharma,Arjun Sharma,44,M,IT,Engineer,143742,12205.0,johngmail.com,9034935534,,Addr 2844,  Bangalore,Maharashtra,India,560001,2020-09-06,,15,3.4,,Contract,Onsite,AB+,2026-07-27 20:13:05,?
3845,Ananya,Gupta,Ananya Gupta,47,female,it,Engineer,76950,18350.0,@@gmail.com,abcdefghij,,Addr 2845,Kolkata,Maharashtra,India,560001,30/10/2021,,20,4.25,,full time,Onsite,O+,2026-07-27 20:13:05,OK
3846,Kiran,Sharma,Kiran Sharma,22,male,Information Technology,Analyst,105403,5769.0,kiran.sharma@example.com,12345,,Addr 2846,Pune,Maharashtra,India,123,2032-01-01,,10,1.55,,full time,Remote,,2026-07-27 20:13:05,N/A
3847,Sara,Rao,Sara Rao,50,MALE,IT,Engineer,80720,17806.0,abc@,12345,,Addr 2847,Hyderabad,Maharashtra,India,ABCDE,2032-01-01,,16,3.75,,Contract,Onsite,,2026-07-27 20:13:05,OK
3848,John,Das,John Das,42,male,it,Engineer,142198,15185.0,abc.com,,,Addr 2848,Kolkata,Maharashtra,India,560001,2032-01-01,,0,2.08,,Full Time,Remote,O+,2026-07-27 20:13:05,unknown
3849,Sara,Joshi,Sara Joshi,54,Female,it,Manager,109983,15490.0,sara.joshi@example.com,9057549811,,Addr 2849,Kolkata,Maharashtra,India,411001,2015-09-16,,13,2.75,,Contract,Remote,,2026-07-27 20:13:05,none
3850,Rohit,Gupta,Rohit Gupta,30,Female,Information Technology,Analyst,42915,19080.0,@@gmail.com,,,Addr 2850,  Bangalore,Maharashtra,India,411001,2016-03-19,,14,1.16,,full time,Remote,A+,2026-07-27 20:13:05,none
3851,Vikram,Verma,Vikram Verma,26,Female,Marketing,Executive,56100,,johngmail.com,999999999999999,,Addr 2851,Chennai,Maharashtra,India,123,2023.03.11,,7,2.88,,full time,Onsite,AB+,2026-07-27 20:13:05,none
3852,Vikram,Kumar,Vikram Kumar,24,female,Marketing,Manager,131154,,vikram.kumar@example.com,abcdefghij,,Addr 2852,Pune,Maharashtra,India,411001,08/11/2016,,14,2.54,,Full Time,Remote,B+,2026-07-27 20:13:05,none
3853,Sneha,Joshi,Sneha Joshi,38,female,Operations,Engineer,0,17175.0,abc@,9173672310,,Addr 2853,Chennai,Maharashtra,India,411001,2015.09.05,,11,4.34,,Contract,Hybrid,O+,2026-07-27 20:13:05,OK
3854,Neha,Sharma,Neha Sharma,52,male,IT,Engineer,67870,3713.0,neha.sharma@example.com,999999999999999,,Addr 2854,Pune,Maharashtra,India,123,2016.03.22,,7,4.62,,Full Time,Onsite,B+,2026-07-27 20:13:05,?
3855,Neha,Joshi,Neha Joshi,55,female,I.T.,Analyst,98873,5675.0,abc.com,12345,,Addr 2855,Hyderabad,Maharashtra,India,411001,2032-01-01,,3,4.13,,Contract,Hybrid,A+,2026-07-27 20:13:05,N/A
3856,Arjun,Kumar,Arjun Kumar,42,F,Sales,Manager,81241,15619.0,arjun.kumar@example.com,,,Addr 2856,Kolkata,Maharashtra,India,ABCDE,2022-06-07,,11,2.22,,Full Time,Hybrid,B+,2026-07-27 20:13:05,none
3857,Amit,Gupta,Amit Gupta,26,M,Finance,Manager,82735,18975.0,amit.gupta@example.com,9068411602,,Addr 2857,Kolkata,Maharashtra,India,411001,31/01/2016,,4,4.48,,Full Time,Hybrid,,2026-07-27 20:13:05,unknown
3858,Ananya,Verma,Ananya Verma,40,Female,Finance,Manager,83583,17579.0,ananya.verma@example.com,,,Addr 2858,Kolkata,Maharashtra,India,411001,26/08/2017,,15,3.79,,Full Time,Remote,O+,2026-07-27 20:13:05,OK
3859,Sneha,Das,Sneha Das,44,male,Information Technology,Engineer,82888,12243.0,abc.com,abcdefghij,,Addr 2859,Chennai,Maharashtra,India,560001,2032-01-01,,3,3.81,,full time,Onsite,O+,2026-07-27 20:13:05,N/A
3860,Arjun,Sharma,Arjun Sharma,35,F,Marketing,Engineer,70093,13150.0,johngmail.com,999999999999999,,Addr 2860, Mumbai,Maharashtra,India,123,2018.11.23,,0,2.4,,full time,Remote,O+,2026-07-27 20:13:05,OK
3861,Priya,Sharma,Priya Sharma,26,MALE,Finance,Engineer,110195,6654.0,abc.com,abcdefghij,,Addr 2861,Hyderabad,Maharashtra,India,ABCDE,2020.10.28,,8,4.18,,Contract,Onsite,,2026-07-27 20:13:05,unknown
3862,Ananya,Verma,Ananya Verma,54,female,Sales,Analyst,36289,1996.0,abc.com,999999999999999,,Addr 2862,Pune,Maharashtra,India,ABCDE,2019.11.03,,19,1.1,,Full Time,Hybrid,B+,2026-07-27 20:13:05,OK
3863,Kiran,Mehta,Kiran Mehta,28,Male,I.T.,Manager,130169,4470.0,abc@,,,Addr 2863,Hyderabad,Maharashtra,India,560001,2017.06.15,,18,2.63,,full time,Onsite,AB+,2026-07-27 20:13:05,?
3864,Neha,Mehta,Neha Mehta,43,female,HR,Engineer,147378,1470.0,@@gmail.com,999999999999999,,Addr 2864,Kolkata,Maharashtra,India,123,2023.03.31,,8,3.9,,Contract,Hybrid,,2026-07-27 20:13:05,unknown
3865,Arjun,Verma,Arjun Verma,25,Male,Marketing,Executive,99999999,12795.0,abc@,9032615187,,Addr 2865,Pune,Maharashtra,India,123,2022-04-09,,9,2.11,,full time,Hybrid,AB+,2026-07-27 20:13:05,N/A
3866,Rohit,Gupta,Rohit Gupta,30,Female,Finance,Engineer,70351,16901.0,abc.com,9057358054,,Addr 2866,  Bangalore,Maharashtra,India,ABCDE,2021-04-10,,16,3.41,,Full Time,Hybrid,O+,2026-07-27 20:13:05,OK
3867,Rahul,Rao,Rahul Rao,31,Male,Sales,Manager,33249,1486.0,@@gmail.com,,,Addr 2867,Pune,Maharashtra,India,ABCDE,21/05/2022,,1,4.52,,Contract,Remote,AB+,2026-07-27 20:13:05,unknown
3868,John,Kumar,John Kumar,21,female,Information Technology,Manager,33018,10323.0,@@gmail.com,9957181341,,Addr 2868, Mumbai,Maharashtra,India,411001,2032-01-01,,3,4.6,,Contract,Remote,,2026-07-27 20:13:05,unknown
3869,Neha,Rao,Neha Rao,52,Male,Operations,Executive,79496,1208.0,abc@,12345,,Addr 2869,Kolkata,Maharashtra,India,ABCDE,2032-01-01,,17,3.62,,Contract,Onsite,AB+,2026-07-27 20:13:05,none
3870,Priya,Sharma,Priya Sharma,29,Female,Finance,Engineer,116699,14893.0,abc@,999999999999999,,Addr 2870,Hyderabad,Maharashtra,India,560001,2023-10-24,,10,4.6,,full time,Remote,A+,2026-07-27 20:13:05,?
3871,John,Rao,John Rao,26,MALE,HR,Analyst,99999999,11376.0,abc@,999999999999999,,Addr 2871,  Bangalore,Maharashtra,India,560001,2021-09-07,,1,4.95,,Contract,Remote,,2026-07-27 20:13:05,OK
3872,Vikram,Sharma,Vikram Sharma,36,M,Marketing,Analyst,68016,16766.0,vikram.sharma@example.com,9383410311,,Addr 2872,Delhi ,Maharashtra,India,123,2032-01-01,,20,4.45,,Full Time,Remote,,2026-07-27 20:13:05,N/A
3873,Rahul,Das,Rahul Das,22,Female,I.T.,Analyst,79416,,abc.com,12345,,Addr 2873,Hyderabad,Maharashtra,India,ABCDE,2020.09.10,,8,1.21,,full time,Hybrid,A+,2026-07-27 20:13:05,N/A
3874,Neha,Kumar,Neha Kumar,37,M,I.T.,Executive,47143,13779.0,@@gmail.com,999999999999999,,Addr 2874,  Bangalore,Maharashtra,India,411001,2032-01-01,,13,2.64,,full time,Remote,B+,2026-07-27 20:13:05,unknown
3875,Neha,Mehta,Neha Mehta,56,male,Finance,Analyst,89736,11765.0,johngmail.com,,,Addr 2875,  Bangalore,Maharashtra,India,ABCDE,2032-01-01,,1,2.74,,Full Time,Onsite,A+,2026-07-27 20:13:05,OK
3876,Ananya,Gupta,Ananya Gupta,26,female,IT,Analyst,95460,8978.0,abc@,9285968345,,Addr 2876,Pune,Maharashtra,India,560001,2020-10-30,,1,4.93,,full time,Hybrid,A+,2026-07-27 20:13:05,unknown
3877,John,Patel,John Patel,31,male,Marketing,Manager,55803,12118.0,abc.com,9834996052,,Addr 2877,Chennai,Maharashtra,India,123,06/06/2017,,10,1.58,,Contract,Hybrid,,2026-07-27 20:13:05,OK
3878,Sara,Singh,Sara Singh,44,Male,Sales,Executive,144896,,@@gmail.com,999999999999999,,Addr 2878,Hyderabad,Maharashtra,India,411001,2032-01-01,,12,2.68,,full time,Hybrid,O+,2026-07-27 20:13:05,none
3879,Sara,Sharma,Sara Sharma,48,Male,it,Executive,40546,14544.0,@@gmail.com,999999999999999,,Addr 2879,Hyderabad,Maharashtra,India,411001,16/05/2022,,12,2.24,,full time,Remote,O+,2026-07-27 20:13:05,none
3880,Rohit,Joshi,Rohit Joshi,32,F,Information Technology,Manager,148060,18354.0,@@gmail.com,abcdefghij,,Addr 2880, Mumbai,Maharashtra,India,560001,2032-01-01,,7,2.6,,Full Time,Hybrid,A+,2026-07-27 20:13:05,unknown
3881,Neha,Patel,Neha Patel,37,female,HR,Engineer,68157,3930.0,neha.patel@example.com,999999999999999,,Addr 2881,  Bangalore,Maharashtra,India,411001,2032-01-01,,3,4.81,,full time,Onsite,O+,2026-07-27 20:13:05,OK
3882,John,Kumar,John Kumar,58,female,Information Technology,Executive,69487,3801.0,abc@,,,Addr 2882,Kolkata,Maharashtra,India,560001,19/02/2018,,7,1.94,,Full Time,Hybrid,O+,2026-07-27 20:13:05,unknown
3883,John,Gupta,John Gupta,46,Male,HR,Analyst,122601,6043.0,abc@,12345,,Addr 2883,Hyderabad,Maharashtra,India,411001,2024.01.05,,10,3.76,,full time,Remote,,2026-07-27 20:13:05,unknown
3884,Rohit,Kumar,Rohit Kumar,36,male,Information Technology,Engineer,104971,9057.0,@@gmail.com,9405256406,,Addr 2884,Chennai,Maharashtra,India,123,2032-01-01,,9,4.61,,Full Time,Onsite,A+,2026-07-27 20:13:05,OK
3885,Rohit,Kumar,Rohit Kumar,21,F,Information Technology,Analyst,53406,11684.0,rohit.kumar@example.com,abcdefghij,,Addr 2885,Pune,Maharashtra,India,123,05/11/2021,,16,2.56,,Full Time,Remote,B+,2026-07-27 20:13:05,N/A
3886,Sneha,Kumar,Sneha Kumar,37,male,IT,Analyst,65727,15133.0,abc@,999999999999999,,Addr 2886, Mumbai,Maharashtra,India,411001,24/12/2017,,19,4.79,,Contract,Remote,A+,2026-07-27 20:13:05,none
3887,Rahul,Kumar,Rahul Kumar,31,female,HR,Engineer,58101,12250.0,johngmail.com,abcdefghij,,Addr 2887,Delhi ,Maharashtra,India,560001,2032-01-01,,7,3.96,,full time,Hybrid,A+,2026-07-27 20:13:05,OK
3888,Ananya,Verma,Ananya Verma,56,F,Operations,Executive,114122,17017.0,abc@,12345,,Addr 2888,Chennai,Maharashtra,India,411001,2023-11-16,,19,1.55,,Full Time,Onsite,O+,2026-07-27 20:13:05,none
3889,John,Singh,John Singh,31,MALE,Information Technology,Executive,113615,12575.0,@@gmail.com,12345,,Addr 2889, Mumbai,Maharashtra,India,ABCDE,12/06/2019,,17,1.77,,Full Time,Remote,B+,2026-07-27 20:13:05,OK
3890,Amit,Das,Amit Das,22,MALE,Finance,Analyst,-50000,,@@gmail.com,12345,,Addr 2890,Hyderabad,Maharashtra,India,411001,2032-01-01,,4,2.94,,full time,Remote,B+,2026-07-27 20:13:05,unknown
3891,Ananya,Das,Ananya Das,37,F,it,Analyst,137974,13566.0,abc@,,,Addr 2891, Mumbai,Maharashtra,India,560001,2016.11.16,,18,2.55,,full time,Onsite,,2026-07-27 20:13:05,?
3892,Vikram,Gupta,Vikram Gupta,36,Male,IT,Executive,85299,12002.0,abc.com,999999999999999,,Addr 2892,Chennai,Maharashtra,India,123,2017.10.22,,12,4.53,,full time,Onsite,O+,2026-07-27 20:13:05,?
3893,Sara,Rao,Sara Rao,22,M,Marketing,Manager,126158,8790.0,sara.rao@example.com,999999999999999,,Addr 2893,Kolkata,Maharashtra,India,123,2015.02.16,,2,4.07,,full time,Onsite,O+,2026-07-27 20:13:05,N/A
3894,Vikram,Joshi,Vikram Joshi,41,male,Operations,Engineer,145029,9904.0,abc.com,abcdefghij,,Addr 2894,Chennai,Maharashtra,India,411001,31/07/2022,,4,1.63,,Contract,Hybrid,A+,2026-07-27 20:13:05,none
3895,Sara,Joshi,Sara Joshi,59,M,Marketing,Engineer,122089,1179.0,abc.com,,,Addr 2895,Pune,Maharashtra,India,123,2032-01-01,,8,3.22,,Full Time,Remote,O+,2026-07-27 20:13:05,none
3896,John,Rao,John Rao,23,Female,IT,Manager,95252,5721.0,abc@,,,Addr 2896,  Bangalore,Maharashtra,India,123,2032-01-01,,10,1.68,,Contract,Remote,O+,2026-07-27 20:13:05,unknown
3897,Priya,Joshi,Priya Joshi,40,Female,HR,Executive,108809,5444.0,priya.joshi@example.com,12345,,Addr 2897,Chennai,Maharashtra,India,560001,2019.07.22,,19,3.4,,Contract,Hybrid,B+,2026-07-27 20:13:05,none
3898,Rohit,Mehta,Rohit Mehta,44,Female,Sales,Executive,33953,11552.0,johngmail.com,9599753929,,Addr 2898,Hyderabad,Maharashtra,India,411001,2019.05.19,,1,2.38,,Contract,Hybrid,AB+,2026-07-27 20:13:05,unknown
3899,Amit,Gupta,Amit Gupta,55,Female,HR,Analyst,77880,7464.0,amit.gupta@example.com,9768205426,,Addr 2899, Mumbai,Maharashtra,India,123,2015.11.29,,4,3.82,,Full Time,Hybrid,B+,2026-07-27 20:13:05,none
3900,Arjun,Gupta,Arjun Gupta,49,MALE,HR,Executive,138381,18749.0,@@gmail.com,abcdefghij,,Addr 2900,Chennai,Maharashtra,India,123,2019-04-27,,8,2.23,,Contract,Onsite,A+,2026-07-27 20:13:05,unknown
3901,Ananya,Patel,Ananya Patel,48,male,IT,Engineer,44849,2679.0,@@gmail.com,999999999999999,,Addr 2901,Pune,Maharashtra,India,ABCDE,04/08/2015,,10,1.18,,Full Time,Onsite,A+,2026-07-27 20:13:05,OK
3902,Priya,Gupta,Priya Gupta,42,male,Marketing,Engineer,97676,5453.0,johngmail.com,,,Addr 2902,  Bangalore,Maharashtra,India,560001,2021-01-28,,8,1.18,,full time,Remote,,2026-07-27 20:13:05,N/A
3903,Rahul,Patel,Rahul Patel,38,Female,Sales,Manager,64197,,rahul.patel@example.com,999999999999999,,Addr 2903,  Bangalore,Maharashtra,India,123,2015.02.15,,14,3.02,,Contract,Hybrid,,2026-07-27 20:13:05,N/A
3904,Vikram,Gupta,Vikram Gupta,46,female,Information Technology,Executive,63836,13877.0,abc@,999999999999999,,Addr 2904,Hyderabad,Maharashtra,India,560001,2032-01-01,,17,3.79,,Full Time,Hybrid,O+,2026-07-27 20:13:05,none
3905,John,Mehta,John Mehta,26,M,Marketing,Manager,85851,15408.0,@@gmail.com,9484524054,,Addr 2905,  Bangalore,Maharashtra,India,ABCDE,04/09/2020,,3,4.51,,Full Time,Remote,O+,2026-07-27 20:13:05,?
3906,Amit,Singh,Amit Singh,33,male,Operations,Engineer,73526,1279.0,abc@,,,Addr 2906,Hyderabad,Maharashtra,India,ABCDE,2023-12-19,,15,3.44,,Full Time,Onsite,O+,2026-07-27 20:13:05,N/A
3907,Vikram,Rao,Vikram Rao,36,M,Operations,Executive,70214,18091.0,@@gmail.com,9285295803,,Addr 2907, Mumbai,Maharashtra,India,411001,2016-01-31,,7,3.97,,Full Time,Onsite,AB+,2026-07-27 20:13:05,none
3908,Vikram,Kumar,Vikram Kumar,57,F,Marketing,Analyst,40120,16605.0,johngmail.com,12345,,Addr 2908,Hyderabad,Maharashtra,India,411001,17/10/2018,,1,2.51,,Contract,Remote,AB+,2026-07-27 20:13:05,?
3909,John,Sharma,John Sharma,40,Female,I.T.,Engineer,97264,10039.0,john.sharma@example.com,9107725021,,Addr 2909,Hyderabad,Maharashtra,India,123,06/11/2016,,1,3.54,,Contract,Remote,,2026-07-27 20:13:05,unknown
3910,Neha,Kumar,Neha Kumar,60,Male,HR,Analyst,132659,9925.0,neha.kumar@example.com,12345,,Addr 2910,Kolkata,Maharashtra,India,411001,2032-01-01,,11,2.73,,Full Time,Remote,AB+,2026-07-27 20:13:05,N/A
3911,Priya,Patel,Priya Patel,45,female,Sales,Analyst,148756,3470.0,johngmail.com,abcdefghij,,Addr 2911,Pune,Maharashtra,India,560001,27/01/2019,,11,1.89,,full time,Hybrid,A+,2026-07-27 20:13:05,N/A
3912,Sara,Singh,Sara Singh,34,Male,Finance,Analyst,120865,10147.0,sara.singh@example.com,9298603779,,Addr 2912,Kolkata,Maharashtra,India,123,2020.01.21,,4,2.28,,Full Time,Remote,AB+,2026-07-27 20:13:05,OK
3913,Amit,Das,Amit Das,32,Male,Operations,Executive,100771,17660.0,abc@,abcdefghij,,Addr 2913,Hyderabad,Maharashtra,India,ABCDE,2032-01-01,,13,1.63,,Full Time,Onsite,AB+,2026-07-27 20:13:05,?
3914,Priya,Kumar,Priya Kumar,34,Female,Sales,Manager,-50000,19659.0,@@gmail.com,9223931591,,Addr 2914,Delhi ,Maharashtra,India,411001,2017.05.11,,1,3.62,,Contract,Hybrid,B+,2026-07-27 20:13:05,N/A
3915,Rohit,Patel,Rohit Patel,58,Male,it,Executive,99999999,11925.0,rohit.patel@example.com,12345,,Addr 2915,Pune,Maharashtra,India,ABCDE,2032-01-01,,0,3.25,,Full Time,Remote,B+,2026-07-27 20:13:05,?
3916,Arjun,Gupta,Arjun Gupta,31,M,IT,Executive,125004,16408.0,abc.com,9344696909,,Addr 2916,Pune,Maharashtra,India,ABCDE,29/06/2019,,2,3.31,,Full Time,Hybrid,,2026-07-27 20:13:05,none
3917,Rahul,Mehta,Rahul Mehta,21,Male,Operations,Engineer,149542,6590.0,abc@,,,Addr 2917,Kolkata,Maharashtra,India,560001,2018-01-03,,10,2.29,,Full Time,Remote,O+,2026-07-27 20:13:05,unknown
3918,Neha,Sharma,Neha Sharma,25,female,Marketing,Executive,0,5499.0,neha.sharma@example.com,12345,,Addr 2918,  Bangalore,Maharashtra,India,123,07/02/2016,,15,2.39,,Contract,Hybrid,,2026-07-27 20:13:05,OK
3919,Amit,Kumar,Amit Kumar,40,male,Finance,Engineer,97644,14062.0,amit.kumar@example.com,12345,,Addr 2919,Kolkata,Maharashtra,India,ABCDE,2017-01-04,,2,4.86,,Full Time,Remote,AB+,2026-07-27 20:13:05,none
3920,Amit,Mehta,Amit Mehta,53,F,Information Technology,Engineer,139425,15719.0,amit.mehta@example.com,9689232171,,Addr 2920,Delhi ,Maharashtra,India,560001,2032-01-01,,10,1.84,,Full Time,Remote,O+,2026-07-27 20:13:05,?
3921,Rahul,Joshi,Rahul Joshi,23,F,Information Technology,Analyst,116359,5787.0,johngmail.com,9679918244,,Addr 2921,Delhi ,Maharashtra,India,ABCDE,25/12/2018,,4,2.01,,Full Time,Remote,,2026-07-27 20:13:05,unknown
3922,Arjun,Patel,Arjun Patel,39,male,Operations,Executive,68823,9164.0,abc@,999999999999999,,Addr 2922,Delhi ,Maharashtra,India,411001,2015.06.09,,0,3.84,,full time,Remote,AB+,2026-07-27 20:13:05,N/A
3923,Sara,Gupta,Sara Gupta,30,Female,Information Technology,Executive,129911,14787.0,abc.com,,,Addr 2923,  Bangalore,Maharashtra,India,ABCDE,2020-04-02,,15,4.38,,Contract,Hybrid,B+,2026-07-27 20:13:05,OK
3924,Ananya,Joshi,Ananya Joshi,0,Female,HR,Executive,71686,2983.0,abc@,999999999999999,,Addr 2924,Delhi ,Maharashtra,India,ABCDE,2020-04-19,,4,1.48,,Contract,Remote,AB+,2026-07-27 20:13:05,N/A
3925,Sneha,Gupta,Sneha Gupta,35,MALE,Operations,Analyst,114569,19414.0,@@gmail.com,abcdefghij,,Addr 2925,  Bangalore,Maharashtra,India,123,2024.07.13,,3,2.49,,Contract,Hybrid,A+,2026-07-27 20:13:05,unknown
3926,Amit,Kumar,Amit Kumar,29,female,it,Manager,87372,14850.0,abc@,12345,,Addr 2926,Chennai,Maharashtra,India,560001,2032-01-01,,18,3.64,,full time,Remote,B+,2026-07-27 20:13:05,unknown
3927,Kiran,Kumar,Kiran Kumar,45,Male,HR,Analyst,101667,17607.0,abc.com,abcdefghij,,Addr 2927,Chennai,Maharashtra,India,411001,2022.02.13,,11,1.29,,full time,Onsite,A+,2026-07-27 20:13:05,OK
3928,Ananya,Patel,Ananya Patel,53,Female,Finance,Analyst,62740,13621.0,abc@,999999999999999,,Addr 2928,Delhi ,Maharashtra,India,411001,2032-01-01,,16,4.36,,full time,Onsite,AB+,2026-07-27 20:13:05,unknown
3929,Vikram,Joshi,Vikram Joshi,25,MALE,Operations,Manager,110159,13890.0,@@gmail.com,,,Addr 2929, Mumbai,Maharashtra,India,411001,2032-01-01,,0,4.49,,full time,Hybrid,AB+,2026-07-27 20:13:05,?
3930,Rahul,Joshi,Rahul Joshi,47,female,Information Technology,Manager,93589,1710.0,@@gmail.com,999999999999999,,Addr 2930,Chennai,Maharashtra,India,411001,2032-01-01,,13,3.25,,full time,Hybrid,,2026-07-27 20:13:05,none
3931,Priya,Sharma,Priya Sharma,26,F,Information Technology,Analyst,145182,11298.0,@@gmail.com,,,Addr 2931,  Bangalore,Maharashtra,India,411001,2016.10.23,,19,4.29,,Full Time,Hybrid,AB+,2026-07-27 20:13:05,N/A
3932,Amit,Das,Amit Das,46,Male,HR,Manager,135719,17153.0,@@gmail.com,abcdefghij,,Addr 2932, Mumbai,Maharashtra,India,560001,2032-01-01,,18,2.97,,full time,Remote,O+,2026-07-27 20:13:05,unknown
3933,Amit,Patel,Amit Patel,59,F,Information Technology,Executive,123200,11909.0,abc.com,9826349459,,Addr 2933,Delhi ,Maharashtra,India,ABCDE,2032-01-01,,11,4.14,,Contract,Onsite,O+,2026-07-27 20:13:05,none
3934,Kiran,Sharma,Kiran Sharma,42,female,Information Technology,Engineer,44765,3576.0,kiran.sharma@example.com,,,Addr 2934,Kolkata,Maharashtra,India,123,2032-01-01,,3,1.8,,Full Time,Onsite,B+,2026-07-27 20:13:05,?
3935,Sara,Rao,Sara Rao,44,F,it,Engineer,56255,1139.0,abc@,999999999999999,,Addr 2935,Pune,Maharashtra,India,560001,2019.10.10,,3,2.18,,Contract,Hybrid,AB+,2026-07-27 20:13:05,?
3936,Arjun,Sharma,Arjun Sharma,55,M,Operations,Analyst,84421,15855.0,abc@,12345,,Addr 2936,Kolkata,Maharashtra,India,123,2015.08.23,,12,3.75,,Full Time,Remote,,2026-07-27 20:13:05,N/A
3937,Arjun,Sharma,Arjun Sharma,56,F,Operations,Manager,129792,2238.0,johngmail.com,,,Addr 2937,Pune,Maharashtra,India,560001,2024-06-01,,15,3.81,,Full Time,Remote,AB+,2026-07-27 20:13:05,unknown
3938,John,Kumar,John Kumar,33,male,IT,Analyst,35099,9742.0,abc@,abcdefghij,,Addr 2938,Chennai,Maharashtra,India,ABCDE,28/07/2020,,6,1.85,,full time,Remote,AB+,2026-07-27 20:13:05,none
3939,Arjun,Singh,Arjun Singh,29,Female,Marketing,Manager,43592,5255.0,abc.com,abcdefghij,,Addr 2939,Kolkata,Maharashtra,India,123,2023-09-16,,17,3.04,,full time,Hybrid,,2026-07-27 20:13:05,OK
3940,John,Gupta,John Gupta,32,MALE,Finance,Executive,85740,2098.0,abc@,,,Addr 2940,Hyderabad,Maharashtra,India,123,23/10/2017,,20,3.99,,full time,Hybrid,O+,2026-07-27 20:13:05,?
3941,John,Sharma,John Sharma,51,Male,Marketing,Engineer,120590,2516.0,johngmail.com,9957071308,,Addr 2941, Mumbai,Maharashtra,India,560001,2018.09.24,,5,2.97,,Full Time,Onsite,O+,2026-07-27 20:13:05,unknown
3942,Rahul,Rao,Rahul Rao,44,female,Information Technology,Executive,46341,19154.0,abc.com,9221317236,,Addr 2942, Mumbai,Maharashtra,India,ABCDE,2021-04-29,,0,1.18,,Full Time,Onsite,O+,2026-07-27 20:13:05,none
3943,Arjun,Sharma,Arjun Sharma,51,MALE,Sales,Engineer,63312,1953.0,@@gmail.com,12345,,Addr 2943,  Bangalore,Maharashtra,India,123,2032-01-01,,5,3.98,,Contract,Hybrid,,2026-07-27 20:13:05,unknown
3944,Sara,Rao,Sara Rao,56,Male,I.T.,Manager,103797,10572.0,abc@,abcdefghij,,Addr 2944,Pune,Maharashtra,India,560001,2015.11.24,,20,1.96,,Contract,Onsite,AB+,2026-07-27 20:13:05,N/A
3945,John,Sharma,John Sharma,46,F,it,Engineer,37005,3321.0,abc@,9925069832,,Addr 2945,Kolkata,Maharashtra,India,123,2017.11.25,,11,4.95,,Contract,Hybrid,,2026-07-27 20:13:05,?
3946,Neha,Patel,Neha Patel,56,F,Operations,Engineer,144320,4193.0,@@gmail.com,9166955392,,Addr 2946,Hyderabad,Maharashtra,India,411001,2018-06-21,,4,4.86,,full time,Hybrid,,2026-07-27 20:13:05,none
3947,Rahul,Das,Rahul Das,59,Female,IT,Executive,90868,1717.0,abc.com,9839222821,,Addr 2947, Mumbai,Maharashtra,India,411001,2021.01.15,,4,1.78,,Contract,Onsite,O+,2026-07-27 20:13:05,OK
3948,Ananya,Patel,Ananya Patel,31,MALE,Operations,Engineer,108638,12630.0,ananya.patel@example.com,12345,,Addr 2948,  Bangalore,Maharashtra,India,411001,2032-01-01,,3,4.32,,Contract,Onsite,,2026-07-27 20:13:05,?
3949,Rahul,Singh,Rahul Singh,54,female,Finance,Analyst,113448,14325.0,johngmail.com,,,Addr 2949,Hyderabad,Maharashtra,India,ABCDE,28/01/2020,,5,3.93,,Contract,Hybrid,AB+,2026-07-27 20:13:05,none
3950,Rahul,Sharma,Rahul Sharma,48,M,Information Technology,Analyst,116290,13602.0,abc.com,,,Addr 2950,  Bangalore,Maharashtra,India,ABCDE,2015.07.22,,17,3.7,,Contract,Remote,O+,2026-07-27 20:13:05,unknown
3951,Rahul,Joshi,Rahul Joshi,47,female,Marketing,Manager,84489,12686.0,abc.com,abcdefghij,,Addr 2951, Mumbai,Maharashtra,India,123,2020.07.09,,17,4.58,,Full Time,Onsite,AB+,2026-07-27 20:13:05,OK
3952,Arjun,Gupta,Arjun Gupta,23,Female,Information Technology,Manager,146291,16150.0,abc@,abcdefghij,,Addr 2952, Mumbai,Maharashtra,India,ABCDE,08/05/2019,,9,4.61,,full time,Onsite,,2026-07-27 20:13:05,OK
3953,Amit,Joshi,Amit Joshi,58,female,it,Analyst,55207,16617.0,abc@,999999999999999,,Addr 2953, Mumbai,Maharashtra,India,123,2020.02.25,,2,4.73,,Contract,Hybrid,O+,2026-07-27 20:13:05,N/A
3954,Kiran,Mehta,Kiran Mehta,43,male,HR,Analyst,68412,5074.0,kiran.mehta@example.com,12345,,Addr 2954,Chennai,Maharashtra,India,ABCDE,2018.11.19,,3,1.98,,full time,Remote,AB+,2026-07-27 20:13:05,N/A
3955,Rohit,Gupta,Rohit Gupta,34,M,Sales,Engineer,84054,10081.0,@@gmail.com,12345,,Addr 2955,Hyderabad,Maharashtra,India,560001,2023.03.26,,2,2.91,,full time,Onsite,O+,2026-07-27 20:13:05,?
3956,Rahul,Das,Rahul Das,59,MALE,Information Technology,Manager,-50000,17784.0,johngmail.com,999999999999999,,Addr 2956,Pune,Maharashtra,India,411001,14/01/2020,,13,2.67,,full time,Remote,AB+,2026-07-27 20:13:05,N/A
3957,Rohit,Verma,Rohit Verma,59,M,Information Technology,Manager,33150,6230.0,johngmail.com,9151332690,,Addr 2957,Hyderabad,Maharashtra,India,560001,30/05/2017,,13,1.98,,full time,Remote,AB+,2026-07-27 20:13:05,unknown
3958,Amit,Sharma,Amit Sharma,24,Male,I.T.,Engineer,49892,3538.0,johngmail.com,,,Addr 2958,Hyderabad,Maharashtra,India,ABCDE,19/01/2021,,6,3.53,,full time,Onsite,O+,2026-07-27 20:13:05,none
3959,Sara,Mehta,Sara Mehta,37,Male,Sales,Manager,132084,10799.0,johngmail.com,999999999999999,,Addr 2959, Mumbai,Maharashtra,India,ABCDE,2032-01-01,,13,3.5,,full time,Remote,,2026-07-27 20:13:05,N/A
3960,Arjun,Mehta,Arjun Mehta,43,M,Finance,Executive,78115,14903.0,@@gmail.com,,,Addr 2960,Hyderabad,Maharashtra,India,ABCDE,2021.11.27,,3,2.68,,Contract,Remote,B+,2026-07-27 20:13:05,OK
3961,Vikram,Kumar,Vikram Kumar,32,Female,I.T.,Analyst,63494,7316.0,@@gmail.com,abcdefghij,,Addr 2961, Mumbai,Maharashtra,India,123,2032-01-01,,5,1.45,,full time,Remote,A+,2026-07-27 20:13:05,none
3962,Ananya,Kumar,Ananya Kumar,32,Female,Information Technology,Engineer,139101,18532.0,abc@,12345,,Addr 2962,Delhi ,Maharashtra,India,123,2032-01-01,,11,3.84,,Contract,Onsite,,2026-07-27 20:13:05,none
3963,Amit,Sharma,Amit Sharma,32,MALE,Sales,Analyst,31891,4095.0,johngmail.com,abcdefghij,,Addr 2963,  Bangalore,Maharashtra,India,123,2021-02-20,,4,4.48,,Contract,Onsite,B+,2026-07-27 20:13:05,unknown
3964,Neha,Das,Neha Das,54,MALE,it,Manager,102074,9543.0,neha.das@example.com,999999999999999,,Addr 2964, Mumbai,Maharashtra,India,ABCDE,2019-09-13,,16,3.96,,Contract,Hybrid,O+,2026-07-27 20:13:05,?
3965,Vikram,Mehta,Vikram Mehta,32,male,HR,Manager,95481,6323.0,abc@,,,Addr 2965,Pune,Maharashtra,India,560001,2018.03.24,,8,1.15,,Full Time,Hybrid,B+,2026-07-27 20:13:05,OK
3966,John,Singh,John Singh,28,female,Sales,Manager,51292,15197.0,abc@,,,Addr 2966,Pune,Maharashtra,India,560001,2019.11.06,,11,3.68,,Full Time,Remote,B+,2026-07-27 20:13:05,OK
3967,Rohit,Patel,Rohit Patel,25,female,HR,Engineer,35273,11904.0,abc.com,abcdefghij,,Addr 2967,Hyderabad,Maharashtra,India,123,2019-02-20,,10,3.95,,Full Time,Remote,O+,2026-07-27 20:13:05,unknown
3968,Vikram,Rao,Vikram Rao,49,male,it,Executive,71106,4964.0,abc.com,9112949040,,Addr 2968, Mumbai,Maharashtra,India,560001,17/03/2017,,9,3.74,,Contract,Hybrid,O+,2026-07-27 20:13:05,OK
3969,Amit,Kumar,Amit Kumar,50,male,HR,Engineer,75811,18579.0,@@gmail.com,12345,,Addr 2969, Mumbai,Maharashtra,India,411001,2032-01-01,,14,4.55,,Full Time,Onsite,AB+,2026-07-27 20:13:05,N/A
3970,Vikram,Joshi,Vikram Joshi,33,M,I.T.,Engineer,71236,,johngmail.com,999999999999999,,Addr 2970, Mumbai,Maharashtra,India,ABCDE,2019.11.05,,1,1.75,,full time,Remote,A+,2026-07-27 20:13:05,?
3971,Amit,Patel,Amit Patel,59,F,it,Manager,139577,5978.0,@@gmail.com,999999999999999,,Addr 2971,Pune,Maharashtra,India,ABCDE,30/11/2021,,7,1.12,,full time,Remote,A+,2026-07-27 20:13:05,OK
3972,Ananya,Verma,Ananya Verma,39,F,it,Analyst,63783,12114.0,ananya.verma@example.com,abcdefghij,,Addr 2972,Kolkata,Maharashtra,India,411001,2017-07-10,,11,2.87,,Full Time,Hybrid,B+,2026-07-27 20:13:05,none
3973,John,Mehta,John Mehta,24,Female,it,Manager,55810,5599.0,john.mehta@example.com,9532823320,,Addr 2973,Hyderabad,Maharashtra,India,560001,2018-06-08,,12,1.69,,Contract,Hybrid,O+,2026-07-27 20:13:05,?
3974,Rahul,Gupta,Rahul Gupta,54,M,I.T.,Engineer,59288,19159.0,@@gmail.com,12345,,Addr 2974,Pune,Maharashtra,India,411001,08/10/2020,,16,3.66,,Contract,Onsite,O+,2026-07-27 20:13:05,unknown
3975,Neha,Rao,Neha Rao,43,female,Operations,Manager,35675,19214.0,abc.com,999999999999999,,Addr 2975,Kolkata,Maharashtra,India,411001,2032-01-01,,6,2.38,,Contract,Onsite,,2026-07-27 20:13:05,none
3976,Rahul,Rao,Rahul Rao,21,male,HR,Engineer,130690,18274.0,rahul.rao@example.com,,,Addr 2976,  Bangalore,Maharashtra,India,123,01/12/2019,,5,1.42,,Full Time,Onsite,,2026-07-27 20:13:05,?
3977,Arjun,Mehta,Arjun Mehta,35,MALE,Information Technology,Engineer,42976,13323.0,abc.com,,,Addr 2977,Pune,Maharashtra,India,123,2032-01-01,,16,4.2,,full time,Hybrid,AB+,2026-07-27 20:13:05,?
3978,Priya,Patel,Priya Patel,23,female,HR,Manager,129127,15845.0,johngmail.com,12345,,Addr 2978,Hyderabad,Maharashtra,India,123,2015-05-04,,12,4.98,,Full Time,Hybrid,,2026-07-27 20:13:05,N/A
3979,Rahul,Gupta,Rahul Gupta,-5,F,Marketing,Executive,72907,2330.0,abc.com,,,Addr 2979,Kolkata,Maharashtra,India,ABCDE,2016-01-12,,11,4.55,,Contract,Onsite,B+,2026-07-27 20:13:05,?
3980,Sneha,Das,Sneha Das,42,Female,Marketing,Analyst,91751,7065.0,@@gmail.com,abcdefghij,,Addr 2980,Kolkata,Maharashtra,India,411001,2018.03.12,,4,3.37,,Contract,Onsite,A+,2026-07-27 20:13:05,OK
3981,Kiran,Rao,Kiran Rao,53,female,Marketing,Manager,42643,8805.0,johngmail.com,999999999999999,,Addr 2981,  Bangalore,Maharashtra,India,560001,10/03/2023,,6,3.25,,Full Time,Onsite,A+,2026-07-27 20:13:05,none
3982,Amit,Rao,Amit Rao,44,female,Finance,Engineer,127214,,abc@,999999999999999,,Addr 2982,Chennai,Maharashtra,India,ABCDE,06/09/2022,,1,1.68,,full time,Remote,,2026-07-27 20:13:05,none
3983,Sneha,Gupta,Sneha Gupta,30,F,Operations,Analyst,56349,6212.0,sneha.gupta@example.com,9328390684,,Addr 2983,Pune,Maharashtra,India,123,2021-06-16,,10,2.54,,Contract,Remote,O+,2026-07-27 20:13:05,OK
3984,Neha,Sharma,Neha Sharma,40,F,I.T.,Engineer,38824,7167.0,neha.sharma@example.com,,,Addr 2984,Chennai,Maharashtra,India,ABCDE,2017.08.13,,7,1.5,,full time,Hybrid,A+,2026-07-27 20:13:05,none
3985,Arjun,Kumar,Arjun Kumar,39,F,Sales,Analyst,107486,8014.0,abc@,12345,,Addr 2985,Delhi ,Maharashtra,India,560001,2032-01-01,,11,2.68,,Contract,Remote,B+,2026-07-27 20:13:05,?
3986,Neha,Singh,Neha Singh,60,Female,Marketing,Engineer,61514,14880.0,neha.singh@example.com,999999999999999,,Addr 2986,Kolkata,Maharashtra,India,123,2016-09-23,,17,2.13,,Full Time,Hybrid,B+,2026-07-27 20:13:05,unknown
3987,Priya,Das,Priya Das,60,F,Operations,Manager,109621,16752.0,priya.das@example.com,9642074375,,Addr 2987,Chennai,Maharashtra,India,560001,2032-01-01,,15,3.04,,full time,Remote,O+,2026-07-27 20:13:05,OK
3988,Rahul,Kumar,Rahul Kumar,53,Female,Operations,Executive,104873,16629.0,@@gmail.com,999999999999999,,Addr 2988,Pune,Maharashtra,India,560001,2032-01-01,,18,3.46,,Contract,Hybrid,O+,2026-07-27 20:13:05,OK
3989,Sneha,Mehta,Sneha Mehta,30,Female,I.T.,Executive,89479,14315.0,johngmail.com,abcdefghij,,Addr 2989,Kolkata,Maharashtra,India,123,2015.09.02,,8,2.48,,Full Time,Remote,AB+,2026-07-27 20:13:05,unknown
3990,Sneha,Gupta,Sneha Gupta,57,female,it,Manager,75724,12830.0,johngmail.com,9462956723,,Addr 2990,Hyderabad,Maharashtra,India,123,2019.02.16,,8,3.59,,full time,Remote,AB+,2026-07-27 20:13:05,unknown
3991,Arjun,Gupta,Arjun Gupta,51,Female,IT,Executive,147827,15079.0,abc.com,9838491697,,Addr 2991,Chennai,Maharashtra,India,123,2032-01-01,,12,3.98,,Full Time,Onsite,,2026-07-27 20:13:05,unknown
3992,Rohit,Sharma,Rohit Sharma,34,MALE,Information Technology,Executive,83035,16345.0,johngmail.com,9880936766,,Addr 2992,  Bangalore,Maharashtra,India,560001,19/06/2019,,1,3.52,,Full Time,Remote,B+,2026-07-27 20:13:05,OK
3993,Kiran,Singh,Kiran Singh,24,Male,Information Technology,Analyst,40183,15178.0,abc@,12345,,Addr 2993, Mumbai,Maharashtra,India,123,2032-01-01,,5,2.21,,full time,Remote,A+,2026-07-27 20:13:05,unknown
3994,Vikram,Gupta,Vikram Gupta,22,MALE,it,Engineer,136159,2914.0,vikram.gupta@example.com,,,Addr 2994,Delhi ,Maharashtra,India,123,2019.09.05,,12,2.01,,Full Time,Remote,AB+,2026-07-27 20:13:05,OK
3995,John,Kumar,John Kumar,49,F,Sales,Executive,45356,4016.0,abc.com,abcdefghij,,Addr 2995,Pune,Maharashtra,India,123,2016.04.15,,16,4.63,,Contract,Remote,O+,2026-07-27 20:13:05,none
3996,Sara,Patel,Sara Patel,24,F,I.T.,Executive,135736,5008.0,sara.patel@example.com,999999999999999,,Addr 2996, Mumbai,Maharashtra,India,411001,27/01/2017,,5,3.15,,Full Time,Hybrid,O+,2026-07-27 20:13:05,N/A
3997,Kiran,Das,Kiran Das,54,M,Marketing,Executive,114457,2467.0,abc@,,,Addr 2997,Chennai,Maharashtra,India,560001,2017-12-21,,15,3.55,,full time,Hybrid,B+,2026-07-27 20:13:05,OK
3998,Sneha,Verma,Sneha Verma,52,M,Sales,Engineer,60157,5718.0,johngmail.com,abcdefghij,,Addr 2998,Chennai,Maharashtra,India,411001,2032-01-01,,0,3.61,,Full Time,Hybrid,AB+,2026-07-27 20:13:05,none
3999,Kiran,Gupta,Kiran Gupta,39,Male,Information Technology,Analyst,85547,8483.0,kiran.gupta@example.com,9642196346,,Addr 2999,Kolkata,Maharashtra,India,411001,2032-01-01,,10,3.74,,Contract,Hybrid,A+,2026-07-27 20:13:05,?
3199,Ananya,Verma,Ananya Verma,51,F,I.T.,Executive,39548,2338.0,@@gmail.com,9238768090,,Addr 2199,Chennai,Maharashtra,India,560001,2032-01-01,,19,2.71,,Full Time,Onsite,AB+,2026-07-27 20:13:05,?
2706,Arjun,Kumar,Arjun Kumar,48,Male,Information Technology,Analyst,123164,8402.0,abc@,abcdefghij,,Addr 1706,Delhi ,Maharashtra,India,411001,21/10/2022,,6,4.11,,Contract,Onsite,A+,2026-07-27 20:13:05,unknown
1969,Ananya,Patel,Ananya Patel,29,MALE,IT,Manager,144202,17072.0,johngmail.com,,,Addr 969, Mumbai,Maharashtra,India,560001,2018-05-16,,12,1.78,,Contract,Hybrid,B+,2026-07-27 20:13:05,OK
3222,John,Mehta,John Mehta,-5,MALE,HR,Engineer,83845,7466.0,@@gmail.com,12345,,Addr 2222,Kolkata,Maharashtra,India,411001,2019.05.13,,11,2.35,,full time,Remote,AB+,2026-07-27 20:13:05,N/A
1348,Arjun,Patel,Arjun Patel,59,F,Sales,Engineer,51333,3140.0,abc@,9904383034,,Addr 348,Hyderabad,Maharashtra,India,411001,2032-01-01,,1,1.19,,Full Time,Hybrid,A+,2026-07-27 20:13:05,unknown
1681,John,Joshi,John Joshi,50,Male,Information Technology,Analyst,114633,12701.0,abc@,9781055800,,Addr 681, Mumbai,Maharashtra,India,560001,24/07/2019,,4,1.26,,Full Time,Hybrid,AB+,2026-07-27 20:13:05,N/A
2160,Amit,Mehta,Amit Mehta,50,Male,it,Engineer,103260,,amit.mehta@example.com,9949991365,,Addr 1160,Delhi ,Maharashtra,India,123,2024-02-03,,18,1.38,,Contract,Onsite,B+,2026-07-27 20:13:05,none
1144,Ananya,Sharma,Ananya Sharma,33,MALE,it,Engineer,51940,18628.0,abc.com,9013361386,,Addr 144,Chennai,Maharashtra,India,ABCDE,2018-04-29,,14,3.87,,Full Time,Remote,A+,2026-07-27 20:13:05,OK
2312,Priya,Kumar,Priya Kumar,22,Male,I.T.,Manager,77685,3398.0,abc@,9363140982,,Addr 1312, Mumbai,Maharashtra,India,560001,2023-07-28,,5,1.98,,Contract,Onsite,AB+,2026-07-27 20:13:05,?
2965,Sara,Rao,Sara Rao,53,MALE,Operations,Executive,53961,7450.0,sara.rao@example.com,999999999999999,,Addr 1965,Kolkata,Maharashtra,India,ABCDE,10/10/2020,,14,4.14,,Full Time,Onsite,O+,2026-07-27 20:13:05,N/A
3921,Rahul,Joshi,Rahul Joshi,23,F,Information Technology,Analyst,116359,5787.0,johngmail.com,9679918244,,Addr 2921,Delhi ,Maharashtra,India,ABCDE,25/12/2018,,4,2.01,,Full Time,Remote,,2026-07-27 20:13:05,unknown
3755,Sneha,Sharma,Sneha Sharma,36,Male,IT,Analyst,148316,6214.0,@@gmail.com,9842208652,,Addr 2755,  Bangalore,Maharashtra,India,560001,2015.06.23,,16,4.89,,Full Time,Remote,O+,2026-07-27 20:13:05,?
3398,Kiran,Das,Kiran Das,32,male,IT,Executive,41042,3515.0,abc@,,,Addr 2398,Delhi ,Maharashtra,India,ABCDE,2032-01-01,,17,1.82,,full time,Hybrid,O+,2026-07-27 20:13:05,unknown
1627,Amit,Gupta,Amit Gupta,53,male,Operations,Executive,117854,16634.0,amit.gupta@example.com,999999999999999,,Addr 627,Pune,Maharashtra,India,123,2032-01-01,,1,2.98,,Contract,Onsite,B+,2026-07-27 20:13:05,N/A
2579,John,Das,John Das,57,female,it,Engineer,70859,,@@gmail.com,12345,,Addr 1579,  Bangalore,Maharashtra,India,ABCDE,2015-05-12,,20,3.97,,full time,Remote,,2026-07-27 20:13:05,none
3257,Sneha,Gupta,Sneha Gupta,33,male,Information Technology,Analyst,105150,13070.0,abc.com,abcdefghij,,Addr 2257,Kolkata,Maharashtra,India,ABCDE,2032-01-01,,1,1.47,,Full Time,Remote,AB+,2026-07-27 20:13:05,OK
1571,Rohit,Sharma,Rohit Sharma,47,male,HR,Executive,110505,12635.0,rohit.sharma@example.com,999999999999999,,Addr 571,Delhi ,Maharashtra,India,411001,2022-01-04,,8,3.5,,full time,Onsite,B+,2026-07-27 20:13:05,none
3828,Neha,Gupta,Neha Gupta,28,male,Information Technology,Engineer,94597,3809.0,abc@,999999999999999,,Addr 2828, Mumbai,Maharashtra,India,ABCDE,31/10/2022,,19,1.49,,Full Time,Remote,B+,2026-07-27 20:13:05,N/A
3741,Ananya,Joshi,Ananya Joshi,25,MALE,Finance,Engineer,67414,15950.0,@@gmail.com,999999999999999,,Addr 2741,Pune,Maharashtra,India,ABCDE,2032-01-01,,19,1.37,,Full Time,Hybrid,A+,2026-07-27 20:13:05,unknown
3919,Amit,Kumar,Amit Kumar,40,male,Finance,Engineer,97644,14062.0,amit.kumar@example.com,12345,,Addr 2919,Kolkata,Maharashtra,India,ABCDE,2017-01-04,,2,4.86,,Full Time,Remote,AB+,2026-07-27 20:13:05,none
2102,Neha,Joshi,Neha Joshi,39,female,IT,Analyst,64803,19511.0,abc.com,12345,,Addr 1102,  Bangalore,Maharashtra,India,411001,2020-08-23,,3,1.36,,Full Time,Onsite,,2026-07-27 20:13:05,unknown
3083,Vikram,Mehta,Vikram Mehta,22,male,it,Engineer,72824,3788.0,abc.com,9520397101,,Addr 2083,Delhi ,Maharashtra,India,123,03/10/2019,,6,1.14,,Full Time,Onsite,,2026-07-27 20:13:05,OK
1970,Sara,Patel,Sara Patel,30,M,it,Executive,41017,7828.0,sara.patel@example.com,999999999999999,,Addr 970,Pune,Maharashtra,India,ABCDE,2032-01-01,,10,2.66,,Full Time,Remote,AB+,2026-07-27 20:13:05,N/A
2935,Sara,Mehta,Sara Mehta,41,M,Marketing,Executive,73931,4674.0,sara.mehta@example.com,,,Addr 1935,Kolkata,Maharashtra,India,ABCDE,2016.02.18,,18,2.69,,Contract,Onsite,B+,2026-07-27 20:13:05,?
2368,Vikram,Sharma,Vikram Sharma,49,M,Operations,Executive,47903,19306.0,abc.com,999999999999999,,Addr 1368,Delhi ,Maharashtra,India,411001,2018.10.29,,16,3.5,,Full Time,Remote,A+,2026-07-27 20:13:05,N/A
1357,Vikram,Rao,Vikram Rao,55,M,it,Analyst,53044,13226.0,abc@,,,Addr 357,Kolkata,Maharashtra,India,411001,2018-12-11,,3,1.36,,Full Time,Onsite,AB+,2026-07-27 20:13:05,OK
2628,Kiran,Joshi,Kiran Joshi,53,Female,Sales,Executive,99567,18345.0,kiran.joshi@example.com,12345,,Addr 1628,Pune,Maharashtra,India,411001,2032-01-01,,11,3.52,,Contract,Onsite,,2026-07-27 20:13:05,unknown
1213,Vikram,Verma,Vikram Verma,30,Female,Marketing,Manager,43926,9486.0,vikram.verma@example.com,9011947072,,Addr 213,Pune,Maharashtra,India,560001,2022.03.28,,4,3.8,,full time,Onsite,A+,2026-07-27 20:13:05,none
2615,John,Rao,John Rao,55,Female,Marketing,Executive,31069,16693.0,abc.com,,,Addr 1615,Pune,Maharashtra,India,123,2019-05-04,,9,4.16,,full time,Hybrid,O+,2026-07-27 20:13:05,N/A
3893,Sara,Rao,Sara Rao,22,M,Marketing,Manager,126158,8790.0,sara.rao@example.com,999999999999999,,Addr 2893,Kolkata,Maharashtra,India,123,2015.02.16,,2,4.07,,full time,Onsite,O+,2026-07-27 20:13:05,N/A
1269,Amit,Kumar,Amit Kumar,29,F,Marketing,Executive,147711,17913.0,@@gmail.com,999999999999999,,Addr 269,Kolkata,Maharashtra,India,ABCDE,2032-01-01,,1,2.57,,Full Time,Onsite,B+,2026-07-27 20:13:05,none
3635,John,Sharma,John Sharma,57,female,Operations,Analyst,-50000,10790.0,john.sharma@example.com,abcdefghij,,Addr 2635,Pune,Maharashtra,India,411001,2019.11.03,,17,1.84,,Contract,Remote,O+,2026-07-27 20:13:05,none
3562,Vikram,Das,Vikram Das,25,female,HR,Analyst,126655,,vikram.das@example.com,12345,,Addr 2562,  Bangalore,Maharashtra,India,560001,06/10/2023,,6,2.22,,Full Time,Hybrid,,2026-07-27 20:13:05,none
2172,Amit,Patel,Amit Patel,54,male,HR,Engineer,111619,17942.0,amit.patel@example.com,999999999999999,,Addr 1172,Delhi ,Maharashtra,India,560001,2032-01-01,,6,3.72,,full time,Onsite,AB+,2026-07-27 20:13:05,?
1189,Vikram,Sharma,Vikram Sharma,24,male,Finance,Executive,69918,10368.0,johngmail.com,9264908277,,Addr 189,Chennai,Maharashtra,India,411001,03/04/2021,,18,4.75,,Contract,Onsite,B+,2026-07-27 20:13:05,?
3694,Neha,Sharma,Neha Sharma,23,M,Marketing,Analyst,128229,9872.0,neha.sharma@example.com,9664465157,,Addr 2694,  Bangalore,Maharashtra,India,ABCDE,27/08/2021,,1,1.05,,Full Time,Onsite,,2026-07-27 20:13:05,N/A
1869,Amit,Kumar,Amit Kumar,42,female,IT,Analyst,48101,4131.0,amit.kumar@example.com,9420667015,,Addr 869,Delhi ,Maharashtra,India,123,04/11/2019,,0,1.38,,full time,Hybrid,B+,2026-07-27 20:13:05,N/A
2342,Arjun,Joshi,Arjun Joshi,60,Male,HR,Analyst,96094,11840.0,@@gmail.com,,,Addr 1342,Delhi ,Maharashtra,India,123,28/11/2018,,7,4.29,,Contract,Onsite,B+,2026-07-27 20:13:05,N/A
1335,Sneha,Joshi,Sneha Joshi,58,Female,Sales,Manager,57529,3858.0,sneha.joshi@example.com,9291093371,,Addr 335,Hyderabad,Maharashtra,India,123,2023.04.25,,15,4.96,,Full Time,Onsite,B+,2026-07-27 20:13:05,OK
3405,Ananya,Mehta,Ananya Mehta,24,F,Operations,Analyst,48794,18583.0,@@gmail.com,999999999999999,,Addr 2405, Mumbai,Maharashtra,India,123,2022.04.27,,4,2.14,,full time,Remote,B+,2026-07-27 20:13:05,N/A
3798,Priya,Verma,Priya Verma,58,female,Information Technology,Executive,135245,7992.0,@@gmail.com,9082204730,,Addr 2798,Hyderabad,Maharashtra,India,ABCDE,2021.02.10,,18,3.69,,full time,Hybrid,,2026-07-27 20:13:05,none
2435,Sneha,Gupta,Sneha Gupta,43,female,Information Technology,Executive,72216,10318.0,sneha.gupta@example.com,999999999999999,,Addr 1435, Mumbai,Maharashtra,India,560001,2015-02-20,,4,1.75,,Full Time,Remote,A+,2026-07-27 20:13:05,?
2846,Kiran,Rao,Kiran Rao,250,female,I.T.,Engineer,93998,8101.0,abc.com,9819392719,,Addr 1846,Hyderabad,Maharashtra,India,ABCDE,2015-07-25,,19,3.14,,Contract,Remote,A+,2026-07-27 20:13:05,?
1908,Vikram,Das,Vikram Das,22,F,it,Manager,120615,14286.0,johngmail.com,,,Addr 908, Mumbai,Maharashtra,India,411001,2022.07.30,,13,2.12,,Contract,Remote,A+,2026-07-27 20:13:05,N/A
1154,Priya,Singh,Priya Singh,27,Male,HR,Executive,109365,16593.0,abc.com,,,Addr 154,Kolkata,Maharashtra,India,411001,2032-01-01,,16,2.68,,Full Time,Onsite,,2026-07-27 20:13:05,?
1003,Kiran,Joshi,Kiran Joshi,46,female,Operations,Manager,62325,18661.0,@@gmail.com,9969653287,,Addr 3,Kolkata,Maharashtra,India,411001,2017-05-20,,4,3.51,,Contract,Hybrid,,2026-07-27 20:13:05,OK
3533,Vikram,Kumar,Vikram Kumar,29,F,HR,Engineer,66917,7870.0,abc@,12345,,Addr 2533,Delhi ,Maharashtra,India,411001,2032-01-01,,11,3.78,,full time,Remote,B+,2026-07-27 20:13:05,none
2940,Ananya,Kumar,Ananya Kumar,37,Male,I.T.,Analyst,51476,16476.0,ananya.kumar@example.com,12345,,Addr 1940,Delhi ,Maharashtra,India,123,2021-02-07,,17,3.97,,Contract,Onsite,,2026-07-27 20:13:05,none
2198,Amit,Singh,Amit Singh,23,male,Marketing,Executive,32795,6411.0,abc@,,,Addr 1198,Pune,Maharashtra,India,123,2024.05.06,,1,4.22,,Contract,Hybrid,B+,2026-07-27 20:13:05,N/A
2686,Kiran,Verma,Kiran Verma,59,male,IT,Executive,146415,5262.0,kiran.verma@example.com,9070431055,,Addr 1686, Mumbai,Maharashtra,India,411001,2015.05.07,,16,3.05,,Contract,Hybrid,A+,2026-07-27 20:13:05,?
2488,Sara,Joshi,Sara Joshi,55,Male,Marketing,Analyst,87073,15637.0,abc.com,abcdefghij,,Addr 1488,Pune,Maharashtra,India,123,2015.02.15,,13,2.94,,full time,Remote,,2026-07-27 20:13:05,N/A
1543,Neha,Mehta,Neha Mehta,36,M,I.T.,Manager,37700,4857.0,abc@,12345,,Addr 543,Chennai,Maharashtra,India,560001,2032-01-01,,13,1.49,,Contract,Onsite,,2026-07-27 20:13:05,none
2141,John,Rao,John Rao,30,Female,Marketing,Analyst,140570,8045.0,abc.com,9571646821,,Addr 1141,Kolkata,Maharashtra,India,411001,15/08/2019,,15,1.04,,Contract,Onsite,A+,2026-07-27 20:13:05,?
3131,Priya,Joshi,Priya Joshi,53,F,I.T.,Executive,68367,8833.0,johngmail.com,9314029030,,Addr 2131,Hyderabad,Maharashtra,India,411001,2021-05-11,,7,3.43,,Full Time,Remote,O+,2026-07-27 20:13:05,OK
1950,Rohit,Singh,Rohit Singh,55,female,Marketing,Manager,84481,1891.0,@@gmail.com,9656896987,,Addr 950, Mumbai,Maharashtra,India,560001,06/04/2016,,0,1.11,,Contract,Remote,AB+,2026-07-27 20:13:05,none
2225,Sara,Joshi,Sara Joshi,45,Female,it,Manager,115257,,abc.com,9364708944,,Addr 1225,  Bangalore,Maharashtra,India,123,2024.04.03,,11,4.31,,Contract,Hybrid,,2026-07-27 20:13:05,N/A
3216,Priya,Verma,Priya Verma,23,Male,Sales,Manager,33446,1830.0,priya.verma@example.com,9507629420,,Addr 2216, Mumbai,Maharashtra,India,411001,2032-01-01,,4,4.11,,Full Time,Onsite,O+,2026-07-27 20:13:05,N/A
1786,Ananya,Das,Ananya Das,38,male,Information Technology,Engineer,108026,9788.0,ananya.das@example.com,999999999999999,,Addr 786,  Bangalore,Maharashtra,India,411001,19/06/2018,,3,2.93,,Full Time,Onsite,AB+,2026-07-27 20:13:05,N/A
3689,Amit,Patel,Amit Patel,56,Male,Marketing,Engineer,140461,3618.0,amit.patel@example.com,999999999999999,,Addr 2689, Mumbai,Maharashtra,India,123,2016.03.28,,2,3.11,,Full Time,Remote,AB+,2026-07-27 20:13:05,?
1349,Arjun,Rao,Arjun Rao,46,female,Sales,Manager,42763,17501.0,arjun.rao@example.com,12345,,Addr 349, Mumbai,Maharashtra,India,560001,2020-08-10,,20,1.37,,Contract,Remote,B+,2026-07-27 20:13:05,N/A
1331,Sara,Singh,Sara Singh,23,male,Marketing,Executive,148095,,abc@,999999999999999,,Addr 331,Hyderabad,Maharashtra,India,560001,29/03/2016,,3,4.83,,Full Time,Remote,B+,2026-07-27 20:13:05,unknown
2267,Sara,Kumar,Sara Kumar,49,F,HR,Analyst,133538,5309.0,@@gmail.com,,,Addr 1267,  Bangalore,Maharashtra,India,123,27/12/2015,,1,2.22,,full time,Remote,A+,2026-07-27 20:13:05,?
2518,Kiran,Kumar,Kiran Kumar,-5,MALE,Marketing,Manager,58334,1477.0,abc.com,9802570162,,Addr 1518,Chennai,Maharashtra,India,560001,18/01/2021,,14,1.25,,full time,Hybrid,,2026-07-27 20:13:05,unknown
1068,Rohit,Singh,Rohit Singh,51,Female,Marketing,Analyst,90249,12217.0,abc.com,12345,,Addr 68,Delhi ,Maharashtra,India,123,16/04/2021,,15,2.27,,full time,Onsite,O+,2026-07-27 20:13:05,unknown
2641,Kiran,Rao,Kiran Rao,35,male,HR,Engineer,93919,5946.0,@@gmail.com,,,Addr 1641,Kolkata,Maharashtra,India,123,2023-03-03,,12,1.5,,Contract,Onsite,A+,2026-07-27 20:13:05,?
2268,Rahul,Rao,Rahul Rao,53,male,Marketing,Analyst,46502,15990.0,@@gmail.com,999999999999999,,Addr 1268,Pune,Maharashtra,India,411001,16/05/2021,,3,1.09,,full time,Remote,AB+,2026-07-27 20:13:05,N/A
2291,Sara,Singh,Sara Singh,36,male,IT,Engineer,44685,17656.0,@@gmail.com,999999999999999,,Addr 1291,Delhi ,Maharashtra,India,123,10/05/2021,,9,2.42,,Contract,Hybrid,A+,2026-07-27 20:13:05,unknown
1955,Vikram,Singh,Vikram Singh,33,M,Information Technology,Manager,110467,11794.0,@@gmail.com,,,Addr 955,Delhi ,Maharashtra,India,123,2023.12.31,,16,4.11,,Contract,Remote,O+,2026-07-27 20:13:05,?
1872,Arjun,Verma,Arjun Verma,58,MALE,HR,Executive,113447,8946.0,@@gmail.com,9985297356,,Addr 872,Delhi ,Maharashtra,India,ABCDE,2032-01-01,,12,2.48,,full time,Onsite,A+,2026-07-27 20:13:05,unknown
2226,Sneha,Das,Sneha Das,45,F,Sales,Engineer,81374,1404.0,johngmail.com,999999999999999,,Addr 1226,Pune,Maharashtra,India,ABCDE,2032-01-01,,2,1.49,,full time,Onsite,A+,2026-07-27 20:13:05,OK
3885,Rohit,Kumar,Rohit Kumar,21,F,Information Technology,Analyst,53406,11684.0,rohit.kumar@example.com,abcdefghij,,Addr 2885,Pune,Maharashtra,India,123,05/11/2021,,16,2.56,,Full Time,Remote,B+,2026-07-27 20:13:05,N/A
3435,Priya,Rao,Priya Rao,29,Female,IT,Manager,44316,10004.0,abc@,abcdefghij,,Addr 2435,Pune,Maharashtra,India,ABCDE,2032-01-01,,16,1.29,,full time,Onsite,A+,2026-07-27 20:13:05,unknown
3947,Rahul,Das,Rahul Das,59,Female,IT,Executive,90868,1717.0,abc.com,9839222821,,Addr 2947, Mumbai,Maharashtra,India,411001,2021.01.15,,4,1.78,,Contract,Onsite,O+,2026-07-27 20:13:05,OK
2342,Arjun,Joshi,Arjun Joshi,60,Male,HR,Analyst,96094,11840.0,@@gmail.com,,,Addr 1342,Delhi ,Maharashtra,India,123,28/11/2018,,7,4.29,,Contract,Onsite,B+,2026-07-27 20:13:05,N/A
2669,Sneha,Sharma,Sneha Sharma,40,Female,Sales,Manager,113034,5643.0,abc@,12345,,Addr 1669,Pune,Maharashtra,India,560001,2017-12-14,,3,4.97,,Contract,Remote,A+,2026-07-27 20:13:05,unknown
3409,Ananya,Verma,Ananya Verma,31,F,HR,Manager,63257,7645.0,johngmail.com,,,Addr 2409, Mumbai,Maharashtra,India,411001,2019-10-21,,12,2.32,,Full Time,Remote,AB+,2026-07-27 20:13:05,unknown
1623,Ananya,Singh,Ananya Singh,50,Female,Operations,Engineer,80098,10588.0,ananya.singh@example.com,999999999999999,,Addr 623,Hyderabad,Maharashtra,India,123,08/04/2022,,7,4.32,,full time,Hybrid,B+,2026-07-27 20:13:05,N/A
2130,Sara,Mehta,Sara Mehta,52,F,Information Technology,Manager,59882,11909.0,@@gmail.com,,,Addr 1130,Delhi ,Maharashtra,India,411001,2016-02-07,,3,4.0,,full time,Hybrid,A+,2026-07-27 20:13:05,unknown
1052,Vikram,Kumar,Vikram Kumar,31,F,HR,Manager,36839,13163.0,abc.com,12345,,Addr 52,Kolkata,Maharashtra,India,560001,2020-11-30,,7,4.27,,full time,Remote,AB+,2026-07-27 20:13:05,OK
1421,Amit,Das,Amit Das,33,female,it,Executive,127888,1105.0,@@gmail.com,999999999999999,,Addr 421,Pune,Maharashtra,India,411001,2015-07-02,,5,3.92,,Full Time,Hybrid,,2026-07-27 20:13:05,OK
1923,Vikram,Rao,Vikram Rao,47,M,I.T.,Engineer,136269,5492.0,johngmail.com,abcdefghij,,Addr 923,Chennai,Maharashtra,India,ABCDE,2015-12-29,,2,1.15,,full time,Onsite,,2026-07-27 20:13:05,N/A
3117,Rohit,Patel,Rohit Patel,35,male,I.T.,Executive,127041,8766.0,rohit.patel@example.com,abcdefghij,,Addr 2117,Kolkata,Maharashtra,India,123,2015.01.30,,4,2.36,,full time,Hybrid,B+,2026-07-27 20:13:05,unknown
3830,Neha,Kumar,Neha Kumar,42,M,Operations,Executive,60705,19233.0,abc@,abcdefghij,,Addr 2830, Mumbai,Maharashtra,India,560001,23/07/2022,,0,2.39,,Contract,Remote,,2026-07-27 20:13:05,unknown
2391,Rahul,Kumar,Rahul Kumar,180,MALE,Marketing,Analyst,34154,6293.0,rahul.kumar@example.com,999999999999999,,Addr 1391,Delhi ,Maharashtra,India,560001,13/05/2023,,7,2.64,,full time,Remote,A+,2026-07-27 20:13:05,OK
3457,Priya,Rao,Priya Rao,47,female,Sales,Executive,88351,6295.0,priya.rao@example.com,9271215197,,Addr 2457,Hyderabad,Maharashtra,India,560001,01/12/2023,,14,1.88,,full time,Hybrid,B+,2026-07-27 20:13:05,unknown
3291,Priya,Das,Priya Das,53,Female,IT,Executive,66111,3032.0,johngmail.com,,,Addr 2291,  Bangalore,Maharashtra,India,560001,2032-01-01,,7,2.12,,full time,Onsite,AB+,2026-07-27 20:13:05,OK
2774,Ananya,Rao,Ananya Rao,30,Female,Sales,Executive,70532,,@@gmail.com,999999999999999,,Addr 1774,Kolkata,Maharashtra,India,ABCDE,2016-08-25,,14,4.16,,Contract,Hybrid,,2026-07-27 20:13:05,none
2076,Priya,Rao,Priya Rao,50,Male,IT,Analyst,126256,1900.0,priya.rao@example.com,,,Addr 1076,Pune,Maharashtra,India,ABCDE,2019.05.21,,3,1.48,,Full Time,Hybrid,A+,2026-07-27 20:13:05,none
2721,Kiran,Kumar,Kiran Kumar,46,male,I.T.,Executive,129792,5574.0,kiran.kumar@example.com,12345,,Addr 1721,Kolkata,Maharashtra,India,411001,2016-04-24,,19,4.32,,full time,Hybrid,O+,2026-07-27 20:13:05,N/A
3161,Amit,Kumar,Amit Kumar,25,Male,Finance,Manager,102214,11633.0,abc@,,,Addr 2161,Delhi ,Maharashtra,India,123,2022.09.05,,17,3.07,,full time,Onsite,,2026-07-27 20:13:05,OK
2172,Amit,Patel,Amit Patel,54,male,HR,Engineer,111619,17942.0,amit.patel@example.com,999999999999999,,Addr 1172,Delhi ,Maharashtra,India,560001,2032-01-01,,6,3.72,,full time,Onsite,AB+,2026-07-27 20:13:05,?
3133,Priya,Rao,Priya Rao,50,female,Information Technology,Analyst,100173,1945.0,johngmail.com,abcdefghij,,Addr 2133, Mumbai,Maharashtra,India,123,2032-01-01,,16,4.27,,Full Time,Onsite,,2026-07-27 20:13:05,?
1052,Vikram,Kumar,Vikram Kumar,31,F,HR,Manager,36839,13163.0,abc.com,12345,,Addr 52,Kolkata,Maharashtra,India,560001,2020-11-30,,7,4.27,,full time,Remote,AB+,2026-07-27 20:13:05,OK
3874,Neha,Kumar,Neha Kumar,37,M,I.T.,Executive,47143,13779.0,@@gmail.com,999999999999999,,Addr 2874,  Bangalore,Maharashtra,India,411001,2032-01-01,,13,2.64,,full time,Remote,B+,2026-07-27 20:13:05,unknown
3079,John,Singh,John Singh,51,Male,Operations,Engineer,127744,1726.0,@@gmail.com,999999999999999,,Addr 2079,Hyderabad,Maharashtra,India,560001,2020.08.27,,4,1.32,,Full Time,Onsite,O+,2026-07-27 20:13:05,none
3900,Arjun,Gupta,Arjun Gupta,49,MALE,HR,Executive,138381,18749.0,@@gmail.com,abcdefghij,,Addr 2900,Chennai,Maharashtra,India,123,2019-04-27,,8,2.23,,Contract,Onsite,A+,2026-07-27 20:13:05,unknown
2469,Sneha,Das,Sneha Das,33,MALE,IT,Engineer,134208,17152.0,johngmail.com,12345,,Addr 1469,  Bangalore,Maharashtra,India,ABCDE,21/04/2023,,2,3.66,,Contract,Onsite,A+,2026-07-27 20:13:05,?
3722,Kiran,Singh,Kiran Singh,29,M,Sales,Engineer,132189,11718.0,abc.com,999999999999999,,Addr 2722,Chennai,Maharashtra,India,560001,2022.01.06,,9,3.55,,Full Time,Hybrid,,2026-07-27 20:13:05,unknown
1561,John,Gupta,John Gupta,27,M,Operations,Manager,72561,,@@gmail.com,9573857368,,Addr 561,Chennai,Maharashtra,India,411001,2021-05-04,,18,4.58,,Full Time,Hybrid,A+,2026-07-27 20:13:05,N/A
1631,Rohit,Kumar,Rohit Kumar,22,male,Sales,Analyst,94958,5081.0,abc.com,999999999999999,,Addr 631,  Bangalore,Maharashtra,India,411001,2032-01-01,,15,4.59,,Contract,Remote,,2026-07-27 20:13:05,N/A
3227,Neha,Rao,Neha Rao,21,F,Finance,Engineer,95702,,abc@,,,Addr 2227,Hyderabad,Maharashtra,India,123,2032-01-01,,8,1.56,,Full Time,Hybrid,O+,2026-07-27 20:13:05,N/A
1678,Amit,Rao,Amit Rao,44,Female,Marketing,Executive,88547,8848.0,amit.rao@example.com,999999999999999,,Addr 678,Pune,Maharashtra,India,123,2021-09-06,,8,3.6,,Contract,Remote,B+,2026-07-27 20:13:05,N/A
2234,Sara,Patel,Sara Patel,52,MALE,IT,Manager,90218,9902.0,abc.com,,,Addr 1234,Delhi ,Maharashtra,India,ABCDE,09/10/2015,,18,1.4,,Contract,Hybrid,AB+,2026-07-27 20:13:05,OK
3105,John,Das,John Das,22,MALE,Finance,Engineer,106410,10805.0,abc.com,abcdefghij,,Addr 2105, Mumbai,Maharashtra,India,ABCDE,2032-01-01,,9,1.11,,full time,Remote,B+,2026-07-27 20:13:05,N/A
2969,Priya,Joshi,Priya Joshi,43,female,it,Engineer,95978,17327.0,@@gmail.com,12345,,Addr 1969,  Bangalore,Maharashtra,India,411001,2022.11.04,,8,2.02,,Contract,Onsite,O+,2026-07-27 20:13:05,OK
2200,Arjun,Das,Arjun Das,43,M,Operations,Executive,106927,5927.0,@@gmail.com,999999999999999,,Addr 1200, Mumbai,Maharashtra,India,ABCDE,09/06/2017,,13,4.73,,Full Time,Onsite,O+,2026-07-27 20:13:05,OK
3605,Arjun,Das,Arjun Das,52,female,HR,Engineer,124499,4965.0,arjun.das@example.com,abcdefghij,,Addr 2605,Delhi ,Maharashtra,India,ABCDE,06/05/2022,,9,3.55,,Full Time,Onsite,B+,2026-07-27 20:13:05,unknown
1776,Rohit,Kumar,Rohit Kumar,35,male,IT,Analyst,131898,1197.0,@@gmail.com,abcdefghij,,Addr 776,Hyderabad,Maharashtra,India,560001,2032-01-01,,8,4.11,,full time,Remote,O+,2026-07-27 20:13:05,?
1582,John,Rao,John Rao,45,F,Finance,Executive,98447,18539.0,@@gmail.com,9969325914,,Addr 582,Kolkata,Maharashtra,India,123,07/08/2023,,5,4.56,,Full Time,Remote,B+,2026-07-27 20:13:05,unknown
1917,Arjun,Sharma,Arjun Sharma,45,Female,HR,Manager,64867,,abc.com,,,Addr 917, Mumbai,Maharashtra,India,ABCDE,23/10/2021,,2,3.32,,full time,Remote,,2026-07-27 20:13:05,OK
2688,Sneha,Patel,Sneha Patel,48,male,Operations,Engineer,128488,7317.0,@@gmail.com,12345,,Addr 1688,Delhi ,Maharashtra,India,123,26/04/2016,,3,4.4,,Full Time,Hybrid,B+,2026-07-27 20:13:05,?
1676,John,Sharma,John Sharma,35,male,Finance,Manager,34552,8893.0,john.sharma@example.com,999999999999999,,Addr 676,Kolkata,Maharashtra,India,560001,2019.02.02,,15,2.32,,full time,Hybrid,,2026-07-27 20:13:05,unknown
3671,Amit,Singh,Amit Singh,37,female,Sales,Executive,103205,17910.0,@@gmail.com,9607491698,,Addr 2671,Delhi ,Maharashtra,India,123,2018.07.30,,13,1.41,,Contract,Hybrid,A+,2026-07-27 20:13:05,unknown
3555,Rohit,Sharma,Rohit Sharma,43,male,Marketing,Manager,88662,18658.0,abc@,9760670625,,Addr 2555,Hyderabad,Maharashtra,India,411001,2032-01-01,,20,3.46,,full time,Remote,A+,2026-07-27 20:13:05,none
3077,John,Gupta,John Gupta,33,Female,Operations,Manager,47126,13881.0,john.gupta@example.com,9284963555,,Addr 2077,Pune,Maharashtra,India,ABCDE,2021-04-11,,19,3.68,,Contract,Remote,O+,2026-07-27 20:13:05,none
3636,Sneha,Kumar,Sneha Kumar,42,MALE,Marketing,Engineer,149606,,johngmail.com,12345,,Addr 2636,Kolkata,Maharashtra,India,123,2032-01-01,,18,3.05,,Full Time,Onsite,AB+,2026-07-27 20:13:05,none
1676,John,Sharma,John Sharma,35,male,Finance,Manager,34552,8893.0,john.sharma@example.com,999999999999999,,Addr 676,Kolkata,Maharashtra,India,560001,2019.02.02,,15,2.32,,full time,Hybrid,,2026-07-27 20:13:05,unknown
2283,Ananya,Kumar,Ananya Kumar,58,Male,Sales,Manager,69968,13725.0,johngmail.com,999999999999999,,Addr 1283,Chennai,Maharashtra,India,411001,17/06/2021,,0,1.81,,full time,Remote,B+,2026-07-27 20:13:05,?
3441,Rahul,Rao,Rahul Rao,43,female,IT,Analyst,145871,10160.0,rahul.rao@example.com,999999999999999,,Addr 2441,  Bangalore,Maharashtra,India,123,14/09/2019,,19,4.42,,full time,Hybrid,B+,2026-07-27 20:13:05,OK
3555,Rohit,Sharma,Rohit Sharma,43,male,Marketing,Manager,88662,18658.0,abc@,9760670625,,Addr 2555,Hyderabad,Maharashtra,India,411001,2032-01-01,,20,3.46,,full time,Remote,A+,2026-07-27 20:13:05,none
2355,Vikram,Rao,Vikram Rao,60,MALE,Operations,Manager,115202,14570.0,@@gmail.com,9984503379,,Addr 1355,Chennai,Maharashtra,India,ABCDE,2017.07.25,,0,4.33,,full time,Hybrid,B+,2026-07-27 20:13:05,unknown
3641,Ananya,Sharma,Ananya Sharma,52,Female,it,Manager,80969,2573.0,ananya.sharma@example.com,9527737481,,Addr 2641,Hyderabad,Maharashtra,India,123,2017.10.09,,17,2.98,,Contract,Remote,O+,2026-07-27 20:13:05,N/A
2347,Ananya,Sharma,Ananya Sharma,35,M,Operations,Manager,75051,5200.0,abc.com,abcdefghij,,Addr 1347,Chennai,Maharashtra,India,560001,2023-05-25,,7,1.42,,Full Time,Remote,O+,2026-07-27 20:13:05,OK
1344,Sneha,Das,Sneha Das,47,Female,Sales,Manager,115715,13556.0,johngmail.com,9878878836,,Addr 344,Hyderabad,Maharashtra,India,560001,03/10/2019,,2,1.94,,Full Time,Remote,A+,2026-07-27 20:13:05,unknown
1394,Ananya,Rao,Ananya Rao,54,MALE,I.T.,Executive,61224,1497.0,@@gmail.com,,,Addr 394,Delhi ,Maharashtra,India,123,2021.06.03,,8,4.13,,Contract,Remote,A+,2026-07-27 20:13:05,unknown
2130,Sara,Mehta,Sara Mehta,52,F,Information Technology,Manager,59882,11909.0,@@gmail.com,,,Addr 1130,Delhi ,Maharashtra,India,411001,2016-02-07,,3,4.0,,full time,Hybrid,A+,2026-07-27 20:13:05,unknown
3897,Priya,Joshi,Priya Joshi,40,Female,HR,Executive,108809,5444.0,priya.joshi@example.com,12345,,Addr 2897,Chennai,Maharashtra,India,560001,2019.07.22,,19,3.4,,Contract,Hybrid,B+,2026-07-27 20:13:05,none
1131,Kiran,Verma,Kiran Verma,27,Female,Information Technology,Analyst,43928,7545.0,@@gmail.com,12345,,Addr 131,Chennai,Maharashtra,India,560001,2019.09.12,,7,1.01,,Contract,Remote,A+,2026-07-27 20:13:05,none
2540,Rohit,Das,Rohit Das,33,Male,Operations,Manager,83957,13239.0,johngmail.com,999999999999999,,Addr 1540,Pune,Maharashtra,India,ABCDE,2022.09.12,,0,3.56,,full time,Remote,A+,2026-07-27 20:13:05,?
3138,Sneha,Gupta,Sneha Gupta,30,MALE,IT,Executive,54944,16566.0,abc@,abcdefghij,,Addr 2138,  Bangalore,Maharashtra,India,ABCDE,2022-04-18,,15,1.24,,Full Time,Onsite,O+,2026-07-27 20:13:05,none
3970,Vikram,Joshi,Vikram Joshi,33,M,I.T.,Engineer,71236,,johngmail.com,999999999999999,,Addr 2970, Mumbai,Maharashtra,India,ABCDE,2019.11.05,,1,1.75,,full time,Remote,A+,2026-07-27 20:13:05,?
2117,Priya,Joshi,Priya Joshi,50,MALE,HR,Analyst,32775,15740.0,johngmail.com,,,Addr 1117,Delhi ,Maharashtra,India,560001,2024.03.07,,11,4.84,,full time,Onsite,O+,2026-07-27 20:13:05,none
1215,Rohit,Sharma,Rohit Sharma,40,female,Marketing,Engineer,77089,15351.0,abc@,,,Addr 215,Chennai,Maharashtra,India,123,2032-01-01,,17,4.86,,full time,Remote,A+,2026-07-27 20:13:05,unknown
1056,Arjun,Singh,Arjun Singh,23,MALE,Finance,Executive,101176,2199.0,abc@,999999999999999,,Addr 56,  Bangalore,Maharashtra,India,123,29/06/2015,,15,3.77,,full time,Onsite,O+,2026-07-27 20:13:05,OK
3782,Sara,Sharma,Sara Sharma,44,male,Finance,Manager,115759,5937.0,abc.com,abcdefghij,,Addr 2782,Kolkata,Maharashtra,India,411001,2022.09.13,,14,3.38,,Contract,Onsite,,2026-07-27 20:13:05,?
1019,Rohit,Kumar,Rohit Kumar,35,M,HR,Analyst,33804,14248.0,abc@,9729806990,,Addr 19,Chennai,Maharashtra,India,560001,21/12/2023,,14,1.73,,full time,Hybrid,O+,2026-07-27 20:13:05,N/A
2599,Kiran,Patel,Kiran Patel,39,M,Marketing,Analyst,125073,19378.0,johngmail.com,9813372278,,Addr 1599,Hyderabad,Maharashtra,India,411001,2022.05.04,,11,4.59,,Contract,Onsite,B+,2026-07-27 20:13:05,unknown
2941,John,Rao,John Rao,58,female,Sales,Engineer,146280,19907.0,abc@,9870741420,,Addr 1941, Mumbai,Maharashtra,India,123,2019.12.16,,6,3.21,,Contract,Remote,,2026-07-27 20:13:05,OK
3447,Rohit,Patel,Rohit Patel,55,F,IT,Executive,144796,8019.0,johngmail.com,abcdefghij,,Addr 2447,  Bangalore,Maharashtra,India,123,18/09/2018,,2,1.25,,Full Time,Remote,AB+,2026-07-27 20:13:05,?
2166,Kiran,Joshi,Kiran Joshi,53,Male,Marketing,Manager,89864,14053.0,johngmail.com,abcdefghij,,Addr 1166, Mumbai,Maharashtra,India,123,2024-04-17,,9,1.57,,Contract,Onsite,A+,2026-07-27 20:13:05,unknown
2912,Priya,Das,Priya Das,36,Male,Operations,Engineer,140832,7678.0,abc@,999999999999999,,Addr 1912,Kolkata,Maharashtra,India,560001,2018.10.31,,17,2.84,,full time,Remote,AB+,2026-07-27 20:13:05,OK
3856,Arjun,Kumar,Arjun Kumar,42,F,Sales,Manager,81241,15619.0,arjun.kumar@example.com,,,Addr 2856,Kolkata,Maharashtra,India,ABCDE,2022-06-07,,11,2.22,,Full Time,Hybrid,B+,2026-07-27 20:13:05,none
1391,Sneha,Gupta,Sneha Gupta,39,male,Marketing,Executive,116060,,@@gmail.com,abcdefghij,,Addr 391,Kolkata,Maharashtra,India,ABCDE,2022.05.07,,10,3.79,,Contract,Remote,A+,2026-07-27 20:13:05,unknown
3346,Rahul,Gupta,Rahul Gupta,57,M,Operations,Analyst,114458,8401.0,@@gmail.com,999999999999999,,Addr 2346,Pune,Maharashtra,India,560001,2019-04-29,,0,4.0,,Contract,Remote,B+,2026-07-27 20:13:05,N/A
3499,Rohit,Verma,Rohit Verma,25,M,I.T.,Executive,111907,4898.0,abc.com,999999999999999,,Addr 2499,  Bangalore,Maharashtra,India,ABCDE,2017-06-21,,1,1.94,,Full Time,Onsite,O+,2026-07-27 20:13:05,?
1288,Arjun,Gupta,Arjun Gupta,21,Female,I.T.,Engineer,137372,2789.0,johngmail.com,,,Addr 288,Chennai,Maharashtra,India,123,2018.11.05,,19,2.2,,full time,Remote,A+,2026-07-27 20:13:05,?
1617,Sneha,Mehta,Sneha Mehta,21,male,Finance,Engineer,46343,,@@gmail.com,abcdefghij,,Addr 617,  Bangalore,Maharashtra,India,123,2016.10.11,,9,2.7,,Full Time,Remote,O+,2026-07-27 20:13:05,?
1143,John,Joshi,John Joshi,34,F,it,Executive,137962,1288.0,john.joshi@example.com,9573993056,,Addr 143,  Bangalore,Maharashtra,India,123,2018.09.18,,0,4.65,,full time,Onsite,,2026-07-27 20:13:05,?
3718,John,Kumar,John Kumar,43,F,it,Engineer,34417,1300.0,john.kumar@example.com,9190504428,,Addr 2718,  Bangalore,Maharashtra,India,123,2016.11.27,,16,3.75,,Full Time,Onsite,,2026-07-27 20:13:05,OK
1442,Vikram,Das,Vikram Das,43,female,I.T.,Analyst,79542,16900.0,abc@,abcdefghij,,Addr 442, Mumbai,Maharashtra,India,ABCDE,08/12/2021,,8,3.43,,Contract,Remote,B+,2026-07-27 20:13:05,unknown
